group,n,hit,stop,mean_ret,days,per_day_bp,bh_per_day_bp,edge_bp,ann,dim,tp,sl,period
above MA200,74893.0,0.8354852923504199,0.1641408409330645,4.9867009771858516e-05,3.44480792597439,0.1447599135959177,1.3973451142640723,-1.2525852006681546,0.003654585189749371,trend,0.01,0.05,
beaten-down,23413.0,0.831034040917439,0.1688805364541067,-0.00010975136072547275,2.24003758595652,-0.48995321066725656,4.361453763185793,-4.85140697385305,-0.012271210415771727,trend,0.01,0.05,
below MA200,17138.0,0.8440308087291399,0.15585249153926947,0.0006541281678677833,2.9617224880382773,2.208607222687669,5.214823428026287,-3.006216205338618,0.05722838932703511,trend,0.01,0.05,
low vol,38467.0,0.8429563002053708,0.15649777731562117,0.0005630405813951579,4.6018145423349885,1.2235186277399779,1.7097649348795176,-0.4862463071395398,0.03131097413790962,vol,0.01,0.05,
mid vol,38466.0,0.839988561326886,0.15982945978266522,0.00026328252397045534,2.9324338376748296,0.8978293749986733,1.9947967490252163,-1.096967374026543,0.022882154792622345,vol,0.01,0.05,
high vol,38466.0,0.824936307388343,0.17495970467425778,-0.00048551746591104567,1.8522331409556492,-2.6212546097763143,4.670876058321436,-7.29213066809775,-0.06392930368800986,vol,0.01,0.05,
6m losers,38337.0,0.8398935753971359,0.15984557998800114,0.0003927072724225125,2.5712497065498083,1.527301185186952,5.056048842383194,-3.528747657196242,0.03923519274438858,mom,0.01,0.05,
6m middle,38337.0,0.8452930589247984,0.1543417586143934,0.0006512965904488641,3.609306935858309,1.8044921144784345,2.89307708918661,-1.0885849747081755,0.04651866561663609,mom,0.01,0.05,
6m winners,38337.0,0.8234864491222579,0.17630487518585178,-0.0006492418105264658,3.214466442340298,-2.0197498470501505,-0.3212974075815295,-1.6984524394686207,-0.049628992930426996,mom,0.01,0.05,
NASDAQ-100,21367.0,0.8276313942060186,0.1723218046520335,-0.0002882472300430366,2.8733093087471335,-1.0031890028878332,3.5887532154022628,-4.591942218290096,-0.02496472680881434,index,0.01,0.05,
S&P-only,94077.0,0.8377180394782997,0.16195244321141192,0.00019701423790539595,3.186772537389585,0.6182249771324386,2.113430722398818,-1.495205745266379,0.01570076980497448,index,0.01,0.05,
(NASDAQ-only),2411.0,0.7951057652426379,0.2048942347573621,-0.0008935313774330101,3.13604313562837,-2.8492317828210387,4.931530584419305,-7.780762367240344,-0.06929309782260362,sector,0.01,0.05,
Communication Services,5190.0,0.8233140655105973,0.1766859344894027,-0.0005607766529366911,2.857418111753372,-1.962529216953086,1.8944193512684784,-3.856948568221564,-0.04825733425154943,sector,0.01,0.05,
Consumer Discretionary,10681.0,0.8385918921449302,0.16140810785506976,0.0003207199514140268,2.640389476640764,1.2146691018556204,6.299288406560728,-5.084619304705108,0.031081037157624225,sector,0.01,0.05,
Consumer Staples,7706.0,0.8479107189203219,0.1518297430573579,0.0007459898236331481,3.968336361276927,1.879855324040889,1.9167461657223863,-0.03689084168149716,0.04850768627270363,sector,0.01,0.05,
Energy,4759.0,0.8344189955873083,0.16558100441269175,-1.565101454868717e-05,2.2927085522168524,-0.06826430046485403,1.0986157557596958,-1.16688005622455,-0.001718787433482527,sector,0.01,0.05,
Financials,17355.0,0.8366464995678479,0.16277729760875828,0.0001383383571012522,3.2439642754249496,0.4264484604508484,0.48261333477461976,-0.05616487432377137,0.010804220641139839,sector,0.01,0.05,
Health Care,13283.0,0.836558006474441,0.1633667093277121,-9.359128622396442e-06,3.135285703530829,-0.029850959393769375,2.3169572106583565,-2.346808170052126,-0.0007519624339094033,sector,0.01,0.05,
Industrials,18167.0,0.8400946771618869,0.15985027797655088,0.0004215804800217583,3.2446193647822974,1.2993218390966637,2.8443894290716027,-1.5450675899749389,0.0332826604543095,sector,0.01,0.05,
Information Technology,16249.0,0.8242968798079882,0.17558003569450428,-0.0007506942087916148,2.5327712474613824,-2.963924237311372,1.95841412507037,-4.922338362381742,-0.07197996953397023,sector,0.01,0.05,
Materials,5682.0,0.8326293558606125,0.16737064413938754,0.0004199024699514491,3.0989088349172826,1.3550010417220204,3.321172003675407,-1.9661709619533865,0.03473330073765979,sector,0.01,0.05,
Real Estate,6916.0,0.8360323886639676,0.16353383458646617,2.671461506404832e-06,3.4433198380566803,0.007758389089735373,0.6477631930851856,-0.6400048039954501,0.00019553044278453058,sector,0.01,0.05,
Utilities,7045.0,0.8574875798438609,0.14066713981547196,0.0011637773946276831,4.207948899929027,2.7656642756458183,3.1868699291584606,-0.4212056535126421,0.07217050579086592,sector,0.01,0.05,
test,46454.0,0.8399707237266973,0.15934042278382918,0.0004314126941136015,3.0786154044861584,1.4013205205331816,2.908930865412816,-1.5076103448796345,0.035941632627532805,period,0.01,0.05,
train,68990.0,0.8330772575735614,0.16692274242643862,-0.0001111076300515563,3.1625163067111175,-0.35132666293538733,2.007135481189412,-2.3584621441247995,-0.008814509837405171,period,0.01,0.05,
ALL,115444.0,0.8358511486088493,0.1638716607186168,0.00010719942045577404,3.128755067391982,0.3426264381415181,2.3641974782196287,-2.0215710400781104,0.00867141914346048,all,0.01,0.05,
above MA200,30025.0,0.8379350541215653,0.1611323896752706,0.00026569307323051736,3.2795004163197334,0.810163255074927,2.300046469048352,-1.489883213973425,0.020625104420827656,trend_x_period,0.01,0.05,test
above MA200,44868.0,0.8338459481144691,0.1661540518855309,-9.45605901957405e-05,3.5554292591602032,-0.2659611070930879,0.8401516066537056,-1.1061127137467934,-0.006679898648719207,trend_x_period,0.01,0.05,train
beaten-down,8953.0,0.8406120853345247,0.15916452585725455,0.0006239729929946469,2.4607394169552106,2.5357134066910603,3.6005392974542225,-1.0648258907631625,0.06597713654150872,trend_x_period,0.01,0.05,test
beaten-down,14460.0,0.825103734439834,0.17489626556016596,-0.0005640414118220311,2.1033886583679116,-2.681584354741598,4.912619523321655,-7.594203878063253,-0.06535171654206895,trend_x_period,0.01,0.05,train
below MA200,7476.0,0.8473782771535581,0.1523542001070091,0.0008663697916433768,3.0117710005350453,2.8766124366343417,4.894993864636277,-2.018381428001935,0.0751715271915141,trend_x_period,0.01,0.05,test
below MA200,9662.0,0.8414406955081764,0.15855930449182365,0.0004899056073889656,2.9229973090457464,1.676038516603706,5.469808289200759,-3.793769772597053,0.043137117122489244,trend_x_period,0.01,0.05,train
low vol,15081.0,0.8365493004442677,0.16205821895099795,0.00020929999674587074,4.367217028048538,0.47925256611163897,1.1074160836810436,-0.6281635175694046,0.012150095191923116,vol_x_period,0.01,0.05,test
low vol,23386.0,0.8470880013683401,0.15291199863165997,0.0007911583337724732,4.753100145386129,1.6645101293320252,2.0666678464419515,-0.40215771710992626,0.04283416437787446,vol_x_period,0.01,0.05,train
mid vol,16671.0,0.8521984284086137,0.14738168076300162,0.0011389965505091573,2.924539619698878,3.8946182942340606,5.103484981189292,-1.2088666869552318,0.10310096657761547,vol_x_period,0.01,0.05,test
mid vol,21795.0,0.8306492314751089,0.16935076852489103,-0.0004065513157371244,2.938472126634549,-1.3835466127179168,-0.37176522023278635,-1.0117813924851304,-0.03426690947850197,vol_x_period,0.01,0.05,train
high vol,14687.0,0.8300537890651597,0.16967386123782938,-0.00011617889644647602,1.9321849254442705,-0.6012824907003289,3.4579160019972144,-4.0591984926975435,-0.015038548712984712,vol_x_period,0.01,0.05,test
high vol,23779.0,0.8217755162117835,0.17822448378821648,-0.000713637890223512,1.8028512553093066,-3.9583847426230214,5.473800725416579,-9.4321854680396,-0.09495538977058637,vol_x_period,0.01,0.05,train
6m losers,15219.0,0.8451278007753467,0.15421512582955516,0.0008210330773325916,2.74341283921414,2.9927434383801286,4.463671562718561,-1.4709281243384333,0.07832170077467304,mom_x_period,0.01,0.05,test
6m losers,23118.0,0.8364477896011766,0.16355221039882342,0.00011073260225526215,2.457911584047063,0.4505149940053413,5.491319268988341,-5.0408042749829995,0.011417408830398879,mom_x_period,0.01,0.05,train
6m middle,15569.0,0.847453272528743,0.15164750465668958,0.0008761352815537015,3.4519879247222045,2.538060099454744,3.7981332562964942,-1.26007315684175,0.06604016074148888,mom_x_period,0.01,0.05,test
6m middle,22768.0,0.8438158819395642,0.1561841180604357,0.000497549507621597,3.716883345045678,1.3386201864118026,2.318297013971504,-0.9796768275597011,0.034306311005861456,mom_x_period,0.01,0.05,train
6m winners,15530.0,0.8286542176432711,0.17083065035415326,-0.0003170322090520786,3.046877012234385,-1.0405152809879499,0.7227493218679708,-1.7632646028559207,-0.025881529074213594,mom_x_period,0.01,0.05,test
6m winners,22807.0,0.8199675538211952,0.18003244617880476,-0.000875453724013432,3.3285833296794842,-2.6301090803628195,-0.9720542164347402,-1.6580548639280794,-0.06413820317463248,mom_x_period,0.01,0.05,train
above MA200,74893.0,0.9200993417275313,0.07855206761646616,0.0014591283696945543,5.46479644292524,2.670050723634091,3.212385980797548,-0.5423352571634567,0.06959096221054573,trend,0.01,0.1,
beaten-down,23413.0,0.9213684705078375,0.07820441634989109,0.0016674611101787193,3.4178020757698713,4.878752698993308,6.468081604339001,-1.589328905345693,0.13078783279443784,trend,0.01,0.1,
below MA200,17138.0,0.9236783755397363,0.07550472633912941,0.0018498202446494355,4.581806511845023,4.037316372629934,5.392221917997659,-1.3549055453677261,0.10707327086513474,trend,0.01,0.1,
low vol,38467.0,0.9231549120024957,0.07541529102867393,0.0018730756663055265,7.290014817895859,2.5693715487483177,3.1083584387120773,-0.5389868899637599,0.06688143517687517,vol,0.01,0.1,
mid vol,38466.0,0.9203452399521656,0.07848489575209276,0.0013736292640238227,4.681952893464358,2.93388100068521,3.5384950846808785,-0.6046140839956681,0.07672384900749152,vol,0.01,0.1,
high vol,38466.0,0.9193573545468726,0.07999272084438205,0.0014527072200882297,2.785056933395726,5.216077282545864,7.030993139198463,-1.8149158566525987,0.14043626527116904,vol,0.01,0.1,
6m losers,38337.0,0.9240942170748885,0.07494065785011868,0.0019351223599400435,3.9351540287450764,4.917526342818036,6.127743173280819,-1.210216830462783,0.13189271937742886,mom,0.01,0.1,
6m middle,38337.0,0.9238855413829982,0.07452330646633801,0.0018509889142464865,5.706836737355557,3.243458678483591,3.760961563872479,-0.5175028853888879,0.0851539934113541,mom,0.01,0.1,
6m winners,38337.0,0.9151211623236039,0.08417455721626627,0.0009460774294553678,5.132795993426716,1.8432009194734333,2.5883920425575093,-0.7451911230840761,0.047539816411445335,mom,0.01,0.1,
NASDAQ-100,21367.0,0.9166471661908551,0.08279122010577059,0.0012276477899692986,4.470819487995507,2.7459122276478105,5.144336543369707,-2.3984243157218965,0.0716371109483227,index,0.01,0.1,
S&P-only,94077.0,0.9218512495083815,0.07694760674766414,0.0016347230140063634,5.020259999787408,3.2562516962778596,3.735656387065679,-0.47940469078781955,0.08550377245433682,index,0.01,0.1,
(NASDAQ-only),2411.0,0.9029448361675654,0.0966403981750311,0.001355751732906332,4.593114890087101,2.9517043778554872,5.81497774060066,-2.8632733627451725,0.07720742484461351,sector,0.01,0.1,
Communication Services,5190.0,0.9096339113680154,0.09017341040462427,0.00044179946594376663,4.551637764932563,0.9706384575405956,2.6088015938533315,-1.6381631363127362,0.02476047475019838,sector,0.01,0.1,
Consumer Discretionary,10681.0,0.9218237992697313,0.07798895234528602,0.0017415181231384754,4.111131916487221,4.236103726456253,6.748799528715231,-2.5126958022589774,0.11263069868930353,sector,0.01,0.1,
Consumer Staples,7706.0,0.9225279003373994,0.07695302361796003,0.001536622009663122,6.387490267324163,2.405674130767547,2.383014792076198,0.022659338691348743,0.062490517750926955,sector,0.01,0.1,
Energy,4759.0,0.9148980878335785,0.08447152763185543,0.0008530104392416348,3.5971842824122713,2.371328161896688,2.1770962751430494,0.19423188675363873,0.06157152989962489,sector,0.01,0.1,
Financials,17355.0,0.9263036588879285,0.07167963123019302,0.002118647771370417,5.1309709017574185,4.129136204309315,3.6177534366682096,0.5113827676411055,0.10963680109017093,sector,0.01,0.1,
Health Care,13283.0,0.9205751712715501,0.07934954453060303,0.0012264890063471523,4.876910336520364,2.5148893904460055,3.801382454296614,-1.2864930638506082,0.06541803672671853,sector,0.01,0.1,
Industrials,18167.0,0.9271756481532449,0.07155832003082513,0.002343836622066982,5.015082292068035,4.673575597700651,5.337000779501108,-0.6634251818004568,0.12495900199894194,sector,0.01,0.1,
Information Technology,16249.0,0.914579358729768,0.0850513877777094,0.000845389929410934,3.901778570988984,2.1666783853309566,4.51439308357619,-2.3477146982452326,0.05611214873704551,sector,0.01,0.1,
Materials,5682.0,0.9142907426962337,0.08553326293558607,0.0014295412279374294,5.0492784230904615,2.831179246127736,3.1620515384278476,-0.3308722923001117,0.07394160090022606,sector,0.01,0.1,
Real Estate,6916.0,0.914545980335454,0.08328513591671487,0.0005583428400462996,5.647194910352805,0.988708285989402,1.6487109085698193,-0.6600026225804173,0.025227169877027222,sector,0.01,0.1,
Utilities,7045.0,0.9332860184528035,0.062029808374733854,0.0026395359747587934,6.641163946061036,3.974508077494966,3.907696289863119,0.06681178763184728,0.10532311607717615,sector,0.01,0.1,
test,46454.0,0.922934515865157,0.07437465019158737,0.00190031398340124,4.8901278684289835,3.886021050021623,4.1055181734969315,-0.219497123475309,0.10286209794590717,period,0.01,0.1,
train,68990.0,0.919510073923757,0.08048992607624293,0.0013298130385857288,4.93771561095811,2.693174624384034,3.8840430896485683,-1.1908684652645338,0.07021425115751923,period,0.01,0.1,
ALL,115444.0,0.9208880496171303,0.07802917431828418,0.0015593793295186468,4.918566577734659,3.1703938634837976,3.9726481009241636,-0.8022542374403662,0.08315844935277417,all,0.01,0.1,
above MA200,30025.0,0.9230641132389675,0.07357202331390508,0.0019134180937445695,5.287094088259783,3.619035450860229,3.97676590650149,-0.3577304556412616,0.09546967100127723,trend_x_period,0.01,0.1,test
above MA200,44868.0,0.9181153606133547,0.08188463938664527,0.0011551244255784427,5.58371222251939,2.0687391820082848,2.728046814606383,-0.6593076325980983,0.05350935666915957,trend_x_period,0.01,0.1,train
beaten-down,8953.0,0.9221490003350832,0.07673405562381325,0.001894664806729146,3.704456606724003,5.114555271858543,4.237388546994926,0.8771667248636168,0.13752385625350816,trend_x_period,0.01,0.1,test
beaten-down,14460.0,0.9208852005532503,0.07911479944674965,0.0015267865116160657,3.2403181189488244,4.711841416704367,8.047062843051489,-3.335221426347122,0.12604381232008022,trend_x_period,0.01,0.1,train
below MA200,7476.0,0.923354735152488,0.07477260567148207,0.0018544507096835809,4.715757089352595,3.9324559652799467,4.561202922234891,-0.6287469569549446,0.1041528733737207,trend_x_period,0.01,0.1,test
below MA200,9662.0,0.9239287932105155,0.07607120678948458,0.0018462374091500287,4.478161871248189,4.122757198670514,6.069340682341201,-1.9465834836706877,0.10945851381968108,trend_x_period,0.01,0.1,train
low vol,15081.0,0.9222863205357735,0.07406670645182681,0.0019431876769680863,7.239241429613421,2.6842421210309784,3.0785412862958057,-0.39429916526482695,0.06997343876115392,vol_x_period,0.01,0.1,test
low vol,23386.0,0.9237150431882323,0.07628495681176772,0.001827862323587573,7.322757205165484,2.496139462739795,3.127367417486071,-0.6312279547462767,0.06491487359479176,vol_x_period,0.01,0.1,train
mid vol,16671.0,0.9253794013556476,0.07192130046187992,0.002035190702774083,4.56289364765161,4.460307120727078,4.869727423674818,-0.4094203029477399,0.11893202359342037,vol_x_period,0.01,0.1,test
mid vol,21795.0,0.916494608855242,0.08350539114475797,0.0008676007829315731,4.773021335168616,1.8177182166333714,2.565063109034023,-0.7473448924006515,0.046867462911210245,vol_x_period,0.01,0.1,train
high vol,14687.0,0.9211547627153265,0.077143051678355,0.0017407628058528223,2.8517736774017837,6.104140800678159,5.50090947437035,0.6032313263078085,0.1662312769630887,vol_x_period,0.01,0.1,test
high vol,23779.0,0.9182471929012994,0.08175280709870053,0.0012747908910531749,2.743849615206695,4.645994022369716,8.013214642703057,-3.3672206203333404,0.12417772843664743,vol_x_period,0.01,0.1,train
6m losers,15219.0,0.9227281687364478,0.07484065970168868,0.0019160422379073557,4.227610224062028,4.532211193458509,4.414002086512922,0.1182091069455867,0.12096043412915147,mom_x_period,0.01,0.1,test
6m losers,23118.0,0.924993511549442,0.075006488450558,0.0019476831514105642,3.742624794532399,5.204056667010636,7.402125428922696,-2.1980687619120607,0.1400910370318278,mom_x_period,0.01,0.1,train
6m middle,15569.0,0.9260068084013103,0.07007514933521741,0.0022866501445517017,5.602158134754962,4.081730807214566,4.328047178919862,-0.2463163717052961,0.1083125460155665,mom_x_period,0.01,0.1,test
6m middle,22768.0,0.9224349964862966,0.07756500351370345,0.0015530791419949975,5.7784170765987355,2.6877242009487547,3.3850108228249765,-0.6972866218762219,0.07006730613902623,mom_x_period,0.01,0.1,train
6m winners,15530.0,0.9208628461043142,0.07739858338699292,0.0015932809064856611,4.847842884739214,3.2865770289322613,3.732505738655244,-0.44592870972298226,0.08633335823366761,mom_x_period,0.01,0.1,test
6m winners,22807.0,0.9112114701626693,0.08878852983733064,0.000505376328991455,5.3268294821765245,0.948737575855272,1.8793822734581662,-0.9306446976028941,0.02419511745275127,mom_x_period,0.01,0.1,train
above MA200,74893.0,0.9637616332634559,0.03269998531237899,0.0031768020148974186,8.727090649326373,3.640161587117959,3.8989238952904333,-0.25876230817247403,0.09605281920265907,trend,0.01,0.2,
beaten-down,23413.0,0.9697176782129586,0.02921453893136292,0.004305214554306156,5.284158373553154,8.147398790796005,8.826861902230723,-0.679463111434717,0.22780847919581704,trend,0.01,0.2,
below MA200,17138.0,0.9680242735441709,0.030050180884583964,0.003977344714643451,7.189286964639981,5.532321542046867,6.088152875262252,-0.5558313332153849,0.14955619762742112,trend,0.01,0.2,
low vol,38467.0,0.9638131385343282,0.032807341357527234,0.003241612861368405,11.386409129903553,2.8469140923938174,3.073922519421494,-0.22700842702767657,0.0743674017375957,vol,0.01,0.2,
mid vol,38466.0,0.9644101284251027,0.03288618520251651,0.0031477589267457514,7.680133104559871,4.098573402167802,4.428234829706767,-0.3296614275389648,0.10878285830592826,vol,0.01,0.2,
high vol,38466.0,0.9687776217958717,0.02890864659699475,0.004225413456831848,4.337830811625851,9.74084430749878,10.493009054263476,-0.752164746764697,0.278068303607095,vol,0.01,0.2,
6m losers,38337.0,0.9693507577536061,0.028692907634921876,0.004273724847807788,6.094790933041187,7.012094253535419,7.566649082024693,-0.5545548284892744,0.19320486462675657,mom,0.01,0.2,
6m middle,38337.0,0.9647338080705324,0.031170931476119674,0.0033753701652472646,9.006234186295224,3.747815230458432,4.0231882611050835,-0.27537303064665164,0.09902920597991227,mom,0.01,0.2,
6m winners,38337.0,0.9630383180739234,0.03458799593082401,0.003000736647490608,8.327542582883376,3.603387935425742,3.896642437719431,-0.29325450229368893,0.09503794928806641,mom,0.01,0.2,
NASDAQ-100,21367.0,0.9646183366874151,0.032948003931295926,0.0034996649852372455,6.999297982870782,5.000022850580006,6.266024356705948,-1.2660015061259426,0.134247103674763,index,0.01,0.2,
S&P-only,94077.0,0.9658258660458986,0.03129351488674171,0.00353013609746992,7.982524952964061,4.42233017531516,4.598550771603307,-0.1762205962881465,0.11786217153128664,index,0.01,0.2,
(NASDAQ-only),2411.0,0.9547905433430112,0.043135628369970966,0.0034586292759761976,6.457071754458731,5.356343258208256,6.9881635587415465,-1.6318203005332907,0.1444723637253147,sector,0.01,0.2,
Communication Services,5190.0,0.9624277456647399,0.035452793834296725,0.0030155678876429676,7.435452793834297,4.055661398514383,4.769993886982485,-0.7143324884681022,0.10758497612719164,sector,0.01,0.2,
Consumer Discretionary,10681.0,0.9646100552382736,0.03333021252691695,0.003347943107779764,6.451174983615767,5.189664078687419,6.457775684104424,-1.268111605417005,0.1396778234167224,sector,0.01,0.2,
Consumer Staples,7706.0,0.9670386711653257,0.02906825849987023,0.0038115010894219955,10.581235400986245,3.6021324022965575,3.3663124688276462,0.23581993346891128,0.09500331593168299,sector,0.01,0.2,
Energy,4759.0,0.9609161588569027,0.038033200252153815,0.002167929634479061,5.9459970582055055,3.6460321343201936,3.656150188399387,-0.010118054079193205,0.09621491976924723,sector,0.01,0.2,
Financials,17355.0,0.9667530970901758,0.03042350907519447,0.003655955528077471,7.975569000288101,4.58394319947004,4.217648254457847,0.3662949450121932,0.12242205662732508,sector,0.01,0.2,
Health Care,13283.0,0.9667996687495295,0.03199578408492058,0.0033689340640090416,7.987803959948807,4.2175973282532,4.767123504450422,-0.5495261761972211,0.1121121509699281,sector,0.01,0.2,
Industrials,18167.0,0.969174877525183,0.028017834535146145,0.004329203694739961,7.709528265536412,5.615393764223711,5.858659726407571,-0.24326596218385937,0.15196387881931295,sector,0.01,0.2,
Information Technology,16249.0,0.9619668902701705,0.036125300018462675,0.002657261730371632,6.099329189488584,4.356645866812835,5.873301711597403,-1.5166558447845677,0.11601417727489993,sector,0.01,0.2,
Materials,5682.0,0.9614572333685322,0.03625483984512495,0.0033486407778999545,8.437697993664203,3.9686663120846717,3.870581479055237,0.09808483302943495,0.10516047527669259,sector,0.01,0.2,
Real Estate,6916.0,0.9635627530364372,0.0316657027183343,0.0028685852527637673,9.536726431463274,3.0079349275447593,3.2828556909789515,-0.2749207634341922,0.07873446500807924,sector,0.01,0.2,
Utilities,7045.0,0.97416607523066,0.017743080198722498,0.005472414017164076,9.94222853087296,5.504212662353256,5.430626175454283,0.07358648689897324,0.14874265376210172,sector,0.01,0.2,
test,46454.0,0.9645670986352091,0.02927627330262195,0.003763813391163377,7.669307271709648,4.907631495020729,4.986629125468578,-0.07899763044784923,0.13161065547560113,period,0.01,0.2,
train,68990.0,0.9662994636903899,0.03316422669952167,0.0033633536470233133,7.888911436440064,4.26339384606028,4.802713278612618,-0.5393194325523386,0.11339580498025015,period,0.01,0.2,
ALL,115444.0,0.9656023699802502,0.031599736668861095,0.0035244963391881943,7.800543986694848,4.518269937583611,4.875474863241349,-0.35720492565773804,0.12056686594121624,all,0.01,0.2,
above MA200,30025.0,0.9641965029142381,0.028043297252289757,0.003835248798399987,8.295087427144047,4.623518235443653,4.804782501460511,-0.18126426601685816,0.12354148068795734,trend_x_period,0.01,0.2,test
above MA200,44868.0,0.963470624944281,0.03581617188196488,0.0027361791951892827,9.016180797004546,3.034743043416261,3.3412182052125683,-0.3064751617963074,0.0794632456911708,trend_x_period,0.01,0.2,train
beaten-down,8953.0,0.9623589858148107,0.034960348486540824,0.0030438737265026466,5.732603596559812,5.3097579053421775,4.82121950874021,0.48853839660196746,0.14313031300009205,trend_x_period,0.01,0.2,test
beaten-down,14460.0,0.9742738589211618,0.02565698478561549,0.005086181665739408,5.006500691562932,10.159155024807559,11.66667722122825,-1.5075221964206917,0.2915986982075396,trend_x_period,0.01,0.2,train
below MA200,7476.0,0.9686998394863563,0.02742108079186731,0.004339090506656723,7.475387907972178,5.804502134302985,5.948948907603921,-0.14444677330093555,0.15746355205394358,trend_x_period,0.01,0.2,test
below MA200,9662.0,0.9675015524736079,0.032084454564272405,0.0036974428784717238,6.967915545435727,5.306383027121649,6.203706807538312,-0.8973237804166625,0.1430331489821901,trend_x_period,0.01,0.2,train
low vol,15081.0,0.9661826138850209,0.026722365890856043,0.00426761339584134,11.545520854054772,3.6963368303497193,3.8460891751070023,-0.149752344757283,0.0976049382395936,vol_x_period,0.01,0.2,test
low vol,23386.0,0.9622851278542718,0.036731377747370224,0.0025799728177360475,11.283802274865304,2.286439229339336,2.5644235605850056,-0.2779843312456694,0.05930356977228546,vol_x_period,0.01,0.2,train
mid vol,16671.0,0.9643092795873073,0.030292124047747587,0.0035584346456056276,7.144622398176474,4.980577625087435,5.344327790631582,-0.3637501655441469,0.13369171351272358,vol_x_period,0.01,0.2,test
mid vol,21795.0,0.9644872677219546,0.034870383115393436,0.0028336329845978733,8.089745354439092,3.5027468238452917,3.809380044038803,-0.30663322019351125,0.09226526482908959,vol_x_period,0.01,0.2,train
high vol,14687.0,0.963505140600531,0.030435078640975013,0.003545254011951305,4.2869884932253015,8.269800624736561,7.6127574518990215,0.6570431728375404,0.23159841770839695,vol_x_period,0.01,0.2,test
high vol,23779.0,0.9720341477774507,0.027965852222549308,0.004645511096217883,4.369233357163884,10.632325436683322,12.238497635533912,-1.60617219885059,0.3070755844945565,vol_x_period,0.01,0.2,train
6m losers,15219.0,0.9630067678559695,0.03239371837834286,0.0033376997477933996,6.600959327156843,5.056385871159442,4.941373211661498,0.11501265949794437,0.13585846326499795,mom_x_period,0.01,0.2,test
6m losers,23118.0,0.9735271217233324,0.02625659659140064,0.0048899272008279026,5.761571070161779,8.487142033449912,9.546702641716324,-1.0595606082664117,0.2383567148610326,mom_x_period,0.01,0.2,train
6m middle,15569.0,0.9661506840516411,0.025370929411009057,0.004268611191193636,8.879568373049008,4.807228247883752,5.040413464704303,-0.23318521682055068,0.1287525030366774,mom_x_period,0.01,0.2,test
6m middle,22768.0,0.9637649332396345,0.035137034434293744,0.002764562473181248,9.092849613492621,3.040369730825628,3.343914568444367,-0.3035448376187389,0.07961626987458326,mom_x_period,0.01,0.2,train
6m winners,15530.0,0.965099806825499,0.029491307147456534,0.0038124823622331856,7.528976175144881,5.06374608385558,5.155163546928543,-0.09141746307296289,0.13606905226371624,mom_x_period,0.01,0.2,test
6m winners,22807.0,0.9616345858727584,0.0380584908142237,0.0024479935883441957,8.871311439470338,2.7594494963310106,3.169345273242563,-0.4098957769115523,0.07200265006878248,mom_x_period,0.01,0.2,train
above MA200,74893.0,0.978155501849305,0.0040991814989384855,0.0051010985550656645,12.585742325718025,4.053077222661671,4.176530545237302,-0.12345332257563128,0.10751288040732554,trend,0.01,0.5,
beaten-down,23413.0,0.9861615341904071,0.004100286165805322,0.006635352788931732,8.190150770939221,8.101624713034202,8.39929026137404,-0.29766554833983744,0.22639415875267632,trend,0.01,0.5,
below MA200,17138.0,0.982611739992998,0.005776636713735558,0.005308523341320722,10.291632629244953,5.15809641925606,5.507095626331301,-0.3489992070752413,0.13877203296298113,trend,0.01,0.5,
low vol,38467.0,0.9763693555515117,0.003925442587152625,0.004929159541204763,15.420776249772532,3.19644060802547,3.349182791701723,-0.15274218367625322,0.08386941766438993,vol,0.01,0.5,
mid vol,38466.0,0.9789684396609993,0.004419487339468621,0.00481045420173947,11.68044506837207,4.118382624618528,4.282639256402948,-0.1642566317844199,0.10933626503923688,vol,0.01,0.5,
high vol,38466.0,0.9859876254354495,0.004679457182966776,0.0065949033970442335,6.954297301513025,9.48320601077754,9.748968714716211,-0.2657627039386718,0.2698052595192635,vol,0.01,0.5,
6m losers,38337.0,0.9845579988001147,0.004251767222265696,0.006297777341611162,9.076192712001461,6.938787596790011,7.230082728944116,-0.2912951321541052,0.19100419254144185,mom,0.01,0.5,
6m middle,38337.0,0.9787411638886715,0.004121344914834233,0.005247988668214151,12.698750554294806,4.132681121481864,4.291266094101105,-0.1585849726192407,0.10973589056098954,mom,0.01,0.5,
6m winners,38337.0,0.9780629678900279,0.004538696298614915,0.004845065830319225,12.300258236168714,3.9389952123707332,4.0491215594365455,-0.1101263470658126,0.10433476904867822,mom,0.01,0.5,
NASDAQ-100,21367.0,0.9833387934665606,0.004726915336734216,0.006301990906158083,10.209107502223054,6.172910712112505,6.930857517263614,-0.7579468051511086,0.16825286807407203,index,0.01,0.5,
S&P-only,94077.0,0.9797825185752097,0.004262465852440022,0.005247966264479801,11.613678157254164,4.518780521915707,4.582540670790431,-0.06376014887472488,0.12058127754792158,index,0.01,0.5,
(NASDAQ-only),2411.0,0.9805060141020323,0.00953961012028204,0.007166705724515145,9.838656159270013,7.284232326548633,8.360155996575548,-1.0759236700269148,0.20140995723527144,sector,0.01,0.5,
Communication Services,5190.0,0.9801541425818883,0.005394990366088632,0.004976958905964891,11.228516377649326,4.432427881453392,4.755742354873187,-0.3233144734197962,0.11814653547250664,sector,0.01,0.5,
Consumer Discretionary,10681.0,0.9810879131167494,0.005430203164497706,0.005377232281698592,9.992790937178167,5.38111155882648,6.026854850776904,-0.645743291950424,0.14518653837721418,sector,0.01,0.5,
Consumer Staples,7706.0,0.9765118089800155,0.0018167661562418895,0.005259904335950928,14.334544510770828,3.669390633234764,3.469528042158322,0.1998625910764419,0.09686014320909009,sector,0.01,0.5,
Energy,4759.0,0.9766757722210548,0.013658331582265182,0.0009394012327655567,9.494221475099812,0.989445248595995,0.6097070122489698,0.3797382363470252,0.025246208133782533,sector,0.01,0.5,
Financials,17355.0,0.9786804955344282,0.004091040046096226,0.005151910793116421,11.514145779314319,4.474418590714789,4.204802547813297,0.2696160429014921,0.1193298189562968,sector,0.01,0.5,
Health Care,13283.0,0.983512760671535,0.0034630731009561095,0.0058704741893121385,11.705939923210119,5.014953286811572,5.330093573797284,-0.31514028698571256,0.1346737273584946,sector,0.01,0.5,
Industrials,18167.0,0.983156272361975,0.0024219739087356193,0.006617933789658832,10.884901194473496,6.07992086599638,6.210522670790753,-0.13060180479437344,0.1655201268995823,sector,0.01,0.5,
Information Technology,16249.0,0.9823989168564219,0.0047387531540402485,0.0055779781342752245,9.976921656717337,5.590880961282924,6.42174696873792,-0.8308660074549958,0.15125290264304203,sector,0.01,0.5,
Materials,5682.0,0.9767687434002112,0.005631819781766983,0.004819899865394407,12.616508271735304,3.820312055905676,3.69399319573358,0.12631886017209615,0.10103811873584245,sector,0.01,0.5,
Real Estate,6916.0,0.9771544245228456,0.004482359745517641,0.00457405816352535,13.211104684788895,3.462282884482677,3.662991523770296,-0.20070863928761934,0.09115244647455012,sector,0.01,0.5,
Utilities,7045.0,0.9797019162526615,0.0018452803406671398,0.006465041706932477,12.506600425833925,5.169303797039951,5.124136297480205,0.04516749955974582,0.13909353108780365,sector,0.01,0.5,
test,46454.0,0.9798079820898092,0.0023679338700650105,0.0063685535669560315,10.762388599474749,5.917416480637806,5.946450831741961,-0.029034351104155344,0.16075980241392318,period,0.01,0.5,
train,68990.0,0.9808667922887375,0.005681982896071894,0.004819869177503559,11.751877083635309,4.101361121463148,4.37330796356844,-0.27194684210529185,0.1088607216964197,period,0.01,0.5,
ALL,115444.0,0.9804407331693289,0.004348428675375073,0.0054430508467771905,11.353712622570251,4.794071355969369,4.973362449583404,-0.17929109361403475,0.1283785025433295,all,0.01,0.5,
above MA200,30025.0,0.9787510407993338,0.0017985012489592006,0.006380714146229225,11.355203996669442,5.619198165088651,5.724662184323236,-0.10546401923458548,0.1520742619208868,trend_x_period,0.01,0.5,test
above MA200,44868.0,0.9777569760185433,0.005638762592493536,0.0042447987840777465,13.409200320941428,3.1655868228387605,3.299234335136381,-0.13364751229762076,0.08302728782449709,trend_x_period,0.01,0.5,train
beaten-down,8953.0,0.9809002568971295,0.0034625265274209763,0.006338665684566518,9.232771138165978,6.86539890322208,6.510549184791535,0.354849718430545,0.18880510719432153,trend_x_period,0.01,0.5,test
beaten-down,14460.0,0.9894190871369295,0.004495159059474412,0.0068190484767174705,7.5446058091286305,9.038309819270784,9.83038450154441,-0.7920746822736245,0.25566151677036286,trend_x_period,0.01,0.5,train
below MA200,7476.0,0.9827447833065811,0.0033440342429106474,0.006355507127463753,10.213349384697699,6.22274524064161,6.326094437131383,-0.10334919648977278,0.16972000695083023,trend_x_period,0.01,0.5,test
below MA200,9662.0,0.982508797350445,0.007658869799213414,0.004498416656865608,10.352204512523286,4.345370738593673,4.881892880976331,-0.5365221423826569,0.11569726347523113,trend_x_period,0.01,0.5,train
low vol,15081.0,0.9764604469199655,0.0013924806047344342,0.006200304466374604,14.940919037199125,4.1498815775237174,4.285023518888007,-0.13514194136428997,0.11021681229613156,vol_x_period,0.01,0.5,test
low vol,23386.0,0.9763106131873771,0.005558881382023433,0.004109432498679905,15.730223210467802,2.612443856451605,2.7759664498919867,-0.16352259344038184,0.06803978033894054,vol_x_period,0.01,0.5,train
mid vol,16671.0,0.980145162257813,0.002339391758142883,0.0060331720836656645,10.528102693299742,5.730540686599946,5.994889640883514,-0.2643489542835677,0.1553094889044475,vol_x_period,0.01,0.5,test
mid vol,21795.0,0.9780683643037393,0.006010552879100711,0.0038751970414003284,12.5618719889883,3.084888179721394,3.1849793542102796,-0.10009117448888565,0.08082776188949525,vol_x_period,0.01,0.5,train
high vol,14687.0,0.9828419690883093,0.003404371212637026,0.006918804652767059,6.7240416695036425,10.289651660171513,9.65483127153356,0.6348203886379544,0.29584877912087815,vol_x_period,0.01,0.5,test
high vol,23779.0,0.9879305269355314,0.005467008705160015,0.006394847139724701,7.0965137306026325,9.011251696939441,9.804060551887293,-0.7928088549478528,0.25480638883666296,vol_x_period,0.01,0.5,train
6m losers,15219.0,0.9800249687890137,0.0030882449569616926,0.006248944662212305,9.997305999080098,6.2506285821273275,6.232350675581728,0.01827790654559979,0.17054169883899406,mom_x_period,0.01,0.5,test
6m losers,23118.0,0.9875421749286271,0.005017735098191885,0.006329924782902418,8.469807076736743,7.473517077252271,8.005363922922994,-0.5318468456707226,0.20715009726980993,mom_x_period,0.01,0.5,train
6m middle,15569.0,0.9786755732545442,0.001991136232256407,0.006373194323550356,11.63960434196159,5.475438972246285,5.6091637557237775,-0.1337247834774921,0.14791046252541507,mom_x_period,0.01,0.5,test
6m middle,22768.0,0.9787860154602952,0.005578004216444132,0.004478561101105517,13.423005973295854,3.3364814930540194,3.5098075251621585,-0.1733260321081393,0.08769992948379879,mom_x_period,0.01,0.5,train
6m winners,15530.0,0.9809401159047005,0.0018673535093367676,0.006599917770992102,10.606117192530586,6.222746412457265,6.18451308114822,0.038233331309045014,0.1697200414708384,mom_x_period,0.01,0.5,test
6m winners,22807.0,0.9761038277721752,0.006357697198228614,0.003650132229291041,13.453851887578375,2.7130759724366538,2.902841898517588,-0.18976592608093432,0.07075096804929792,mom_x_period,0.01,0.5,train
above MA200,74893.0,0.9790768162578612,0.0,0.005971588606358194,13.060633169989185,4.572204523804981,4.677060507706401,-0.10485598390142035,0.12209022876101838,trend,0.01,none,
beaten-down,23413.0,0.9871011831034041,0.0,0.00729968560957488,8.597275018152308,8.490696870999596,8.771737549543932,-0.28104067854433484,0.23846756008531234,trend,0.01,none,
below MA200,17138.0,0.9837203874431089,0.0,0.0063489080762549,11.067744194188354,5.736406592762324,6.068945687869992,-0.33253909510766844,0.15548018246715456,trend,0.01,none,
low vol,38467.0,0.9772532300413341,0.0,0.0059168732400789485,15.922323030129721,3.716086672078241,3.8612253532474425,-0.14513868116920162,0.09815114531499058,vol,0.01,none,
mid vol,38466.0,0.9798783341132429,0.0,0.005592052330546635,12.165314823480477,4.596718138155638,4.733056335554943,-0.13633819739930542,0.1227832885506106,vol,0.01,none,
high vol,38466.0,0.9870535017937919,0.0,0.00739620048396942,7.481490147142932,9.885999097110242,10.129520612121032,-0.24352151501079097,0.2827473113003822,vol,0.01,none,
6m losers,38337.0,0.985470954952135,0.0,0.0070492491895871945,9.550851657667527,7.380754557032597,7.671098232453959,-0.29034367542136097,0.20433362949992984,mom,0.01,none,
6m middle,38337.0,0.9795497821947466,0.0,0.006163409265496405,13.21016250619506,4.665657415346709,4.803342364054427,-0.13768494870771797,0.1247346568539025,mom,0.01,none,
6m winners,38337.0,0.9791585152724522,0.0,0.005731138831291507,12.814356887602056,4.472435785549573,4.557772809212357,-0.08533702366278441,0.11927391615442451,mom,0.01,none,
NASDAQ-100,21367.0,0.9840876117377264,0.0,0.006942906704082756,10.755136425328779,6.455433412942984,7.184750174208337,-0.7293167612653523,0.1765947213634782,index,0.01,none,
S&P-only,94077.0,0.9807817000967293,0.0,0.006150241012550157,12.11042018771857,5.0784703728011396,5.12640284560433,-0.04793247280319057,0.13649045752786182,index,0.01,none,
(NASDAQ-only),2411.0,0.981750311074243,0.0,0.00819443663961065,11.012028204064704,7.441350937137959,8.407543797223925,-0.9661928600859663,0.2061727224666079,sector,0.01,none,
Communication Services,5190.0,0.9807321772639692,0.0,0.005353635534029819,11.773603082851638,4.547151365946283,4.8360450311773215,-0.2888936652310385,0.12138235503492378,sector,0.01,none,
Consumer Discretionary,10681.0,0.9837093905065069,0.0,0.007052883713140642,10.589364291732984,6.660346663724433,7.258984953189112,-0.5986382894646785,0.18268214914976455,sector,0.01,none,
Consumer Staples,7706.0,0.9766415779911757,0.0,0.005618522956508128,14.554892291720737,3.8602298415523926,3.6662871021536616,0.19394273939873116,0.10214581567964198,sector,0.01,none,
Energy,4759.0,0.9791973103593192,0.0,0.0037923705543917445,11.139525110317294,3.4044274929451857,3.3059099762098785,0.09851751673530722,0.08956329870961799,sector,0.01,none,
Financials,17355.0,0.9794295592048401,0.0,0.005953504542318627,12.141745894554884,4.903334820232525,4.626075498797247,0.2772593214352782,0.13148819567095127,sector,0.01,none,
Health Care,13283.0,0.9836633290672288,0.0,0.006159027175601416,12.082210344048784,5.097599694277056,5.39102817180244,-0.29342847752538437,0.1370381661962583,sector,0.01,none,
Industrials,18167.0,0.9839269004238455,0.0,0.007174925912697663,11.152364176804095,6.433547003083756,6.545501021086249,-0.111954018002493,0.1759463818488205,sector,0.01,none,
Information Technology,16249.0,0.9828912548464521,0.0,0.0063240348888925,10.415040925595422,6.072021160618684,6.845033900934059,-0.7730127403153748,0.16528826776224004,sector,0.01,none,
Materials,5682.0,0.9794086589229145,0.0,0.006439137106253918,13.158922914466737,4.893361826122425,4.781537716030012,0.11182411009241279,0.13120400559707868,sector,0.01,none,
Real Estate,6916.0,0.9784557547715442,0.0,0.005715893681923434,13.846009253903992,4.128188546683076,4.266829065034249,-0.13864051835117294,0.10961031313686975,sector,0.01,none,
Utilities,7045.0,0.979985805535841,0.0,0.0068657525620838674,12.719517388218595,5.397809014706207,5.298338060382283,0.09947095432392408,0.14566824698367165,sector,0.01,none,
test,46454.0,0.9800232488052697,0.0,0.00661117847510737,10.988440177379774,6.016484931789313,6.043975218603061,-0.027490286813746823,0.1636595561235361,period,0.01,none,
train,68990.0,0.982316277721409,0.0,0.006085369276723866,12.446151616176257,4.889358144098707,5.131803431454412,-0.24244528735570497,0.13108993682189096,period,0.01,none,
ALL,115444.0,0.9813935761061641,0.0,0.006296951866565759,11.859576937736046,5.309592323255188,5.471894507638943,-0.1623021843837546,0.143125545637369,all,0.01,none,
above MA200,30025.0,0.978917568692756,0.0,0.0065604219062162916,11.52353039134055,5.693065999241147,5.801754280068917,-0.10868828082776968,0.1542195956181467,trend_x_period,0.01,none,test
above MA200,44868.0,0.9791833823660515,0.0,0.005577550097214942,14.089239547115985,3.9587304045495104,4.061488881280651,-0.10275847673114066,0.10488390406545856,trend_x_period,0.01,none,train
beaten-down,8953.0,0.9809002568971295,0.0,0.006483364378136046,9.543840053613314,6.79324500590455,6.4402726875500775,0.35297231835447324,0.18664696527912072,trend_x_period,0.01,none,test
beaten-down,14460.0,0.9909405255878285,0.0,0.007805116037311524,8.011203319502075,9.742751152390724,10.49144496652505,-0.7486938141343261,0.2781296596753746,trend_x_period,0.01,none,train
below MA200,7476.0,0.9834135901551632,0.0,0.006968092010572703,10.569422150882826,6.592689658053523,6.676053858332933,-0.08336420027940986,0.1806687784872385,trend_x_period,0.01,none,test
below MA200,9662.0,0.9839577727178638,0.0,0.005869812744754185,11.45332229352101,5.124986963891393,5.63544668816395,-0.5104597242725568,0.13782277322599135,trend_x_period,0.01,none,train
low vol,15081.0,0.976526755520191,0.0,0.006332009649015837,15.063059478814402,4.203667693088219,4.347601083146795,-0.14393339005857642,0.11172200255091713,vol_x_period,0.01,none,test
low vol,23386.0,0.9777217138458907,0.0,0.005649162978248057,16.476438895065424,3.428631037462799,3.5744803035526025,-0.1458492660898035,0.09022783091237452,vol_x_period,0.01,none,train
mid vol,16671.0,0.9802651310659228,0.0,0.006183719525256902,10.751304660788195,5.751599196895573,5.993753997892785,-0.24215480099721112,0.15592239288237453,vol_x_period,0.01,none,test
mid vol,21795.0,0.9795824730442763,0.0,0.005139485971151596,13.246891488873596,3.8797675480835503,3.9504147586796656,-0.07064721059611527,0.10268838097986577,vol_x_period,0.01,none,train
high vol,14687.0,0.9833185810580786,0.0,0.007380088456476617,7.060257370463676,10.453002021358234,9.850967823723245,0.6020341976349891,0.30118849350025334,vol_x_period,0.01,none,test
high vol,23779.0,0.9893603599814963,0.0,0.007406152010433389,7.741662811724631,9.566616617836782,10.286424353464186,-0.7198077356274036,0.2724745851534167,vol_x_period,0.01,none,train
6m losers,15219.0,0.9802220908075432,0.0,0.006524091032723972,10.27511663052763,6.349408252302201,6.325434837854769,0.0239734144474315,0.17345725751900387,mom_x_period,0.01,none,test
6m losers,23118.0,0.9889263777143351,0.0,0.007394970358775768,9.074054849035385,8.149576437221876,8.674229243242891,-0.5246528060210136,0.22787580424854648,mom_x_period,0.01,none,train
6m middle,15569.0,0.9788682638576659,0.0,0.00658535088768937,11.833065707495665,5.565211121508329,5.692813811781749,-0.1276026902734197,0.15050883593940334,mom_x_period,0.01,none,test
6m middle,22768.0,0.9800158116654955,0.0,0.00587488110685611,14.151835910049192,4.151320820985755,4.294770488832578,-0.1434496678468227,0.11025706270138436,mom_x_period,0.01,none,train
6m winners,15530.0,0.9810688989053445,0.0,0.006766893593796411,10.799806825499035,6.265754289066859,6.236483027837966,0.02927126122889267,0.17098767754953892,mom_x_period,0.01,none,test
6m winners,22807.0,0.9778576752751348,0.0,0.005025861001603202,14.18612706625159,3.5427999327311746,3.6875485837520454,-0.14474865102087078,0.09336789798137057,mom_x_period,0.01,none,train
above MA200,74893.0,0.7305222116886758,0.26867664534736224,0.0011549930953772653,5.966979557502036,1.9356411133085587,2.5915342159546713,-0.6558931026461124,0.04998243537399105,trend,0.02,0.05,
beaten-down,23413.0,0.7343356255071969,0.2655362405501217,0.0016194302226666137,3.694315124076368,4.38357359423012,6.627161449749094,-2.2435878555189737,0.11677140673232289,trend,0.02,0.05,
below MA200,17138.0,0.7423853425137122,0.25743960788890186,0.0021394715682658,5.066868946201423,4.22247267687817,5.875610137109428,-1.6531374602312576,0.11224873446931882,trend,0.02,0.05,
low vol,38467.0,0.7378272285335482,0.26136688590220186,0.001640102705681843,8.149504770322615,2.012518247310525,2.4393850007480666,-0.42686675343754177,0.052018139699669286,vol,0.02,0.05,
mid vol,38466.0,0.731685124525555,0.2676649508656996,0.0010876086136491832,5.073987417459574,2.1434988386189633,2.920011694171083,-0.7765128555521195,0.0554955606545684,vol,0.02,0.05,
high vol,38466.0,0.7299173295897676,0.26982270056673424,0.0014762331965626479,2.8954141319606927,5.098521763320207,8.19145924389871,-3.0929374805785024,0.1370645734183884,vol,0.02,0.05,
6m losers,38337.0,0.7412682265174636,0.2582883376372695,0.0020253016282994547,4.326942640269191,4.680675933743034,6.436939838944465,-1.756263905201431,0.1251602130817724,mom,0.02,0.05,
6m middle,38337.0,0.7416334089782717,0.257531888254167,0.0019144264214214289,6.3496100373007796,3.0150299154989555,3.66147429862392,-0.6464443831249642,0.07892729509796714,mom,0.02,0.05,
6m winners,38337.0,0.7169835928737252,0.2825729712810079,0.0003012864799320513,5.458747424159428,0.5519333585551364,1.3410948643046976,-0.7891615057495612,0.01400550770437059,mom,0.02,0.05,
NASDAQ-100,21367.0,0.7323910703421164,0.26732812280619644,0.0015267449280523268,4.7138110169888146,3.238875980708307,5.462618266918165,-2.2237422862098577,0.08502872334063727,index,0.02,0.05,
S&P-only,94077.0,0.7332079041636107,0.2661543203971215,0.001365487021850486,5.5220298266313765,2.4727990697643127,3.2557587887394464,-0.7829597189751335,0.06428885385378158,index,0.02,0.05,
(NASDAQ-only),2411.0,0.7150559933637495,0.2849440066362505,0.0016472046637017624,4.6262961426793865,3.560525770293123,6.549129978822405,-2.9886042085292823,0.09385623131703102,sector,0.02,0.05,
Communication Services,5190.0,0.7192678227360308,0.28034682080924855,0.0003901332104153378,4.778612716763006,0.8164152098929895,2.022306437815037,-1.2058912279220475,0.020785902741158324,sector,0.02,0.05,
Consumer Discretionary,10681.0,0.7349499110570171,0.2649564647504915,0.0017404900932904588,4.414755172736635,3.9424385389225494,6.299634604124316,-2.3571960652017667,0.10443056060370304,sector,0.02,0.05,
Consumer Staples,7706.0,0.7331949130547625,0.2660264728782767,0.0014022490751571012,7.12431871269141,1.9682570807214248,2.0640630771438864,-0.09580599642246176,0.05084562563376127,sector,0.02,0.05,
Energy,4759.0,0.7245219583946207,0.2754780416053793,0.0008067171203496734,3.8073124606009667,2.1188623962382556,3.3029459695339387,-1.184083573295683,0.05484061144573982,sector,0.02,0.05,
Financials,17355.0,0.7330452319216364,0.2658023624315759,0.0012901777097692904,5.678824546240277,2.2719097927113556,2.3685716905704917,-0.096661897859136,0.05891587379612129,sector,0.02,0.05,
Health Care,13283.0,0.7310848452909734,0.26876458631333283,0.0010112249355572157,5.330874049537003,1.8969214544565027,3.411872302565871,-1.514950848109368,0.04895862609452806,sector,0.02,0.05,
Industrials,18167.0,0.7367754720096878,0.2628942588209391,0.00174195302384887,5.596466119887708,3.1125946026165203,3.913286655703654,-0.8006920530871339,0.08158242741237798,sector,0.02,0.05,
Information Technology,16249.0,0.7298910702197058,0.26998584528278663,0.001093038806753012,4.069173487599237,2.68614452070927,5.001714885225359,-2.315570364516089,0.07002472125161097,sector,0.02,0.05,
Materials,5682.0,0.7310806054206266,0.26856740584301303,0.0016412827370851084,5.177578317493841,3.169981478676225,4.340362250216071,-1.1703807715398455,0.08314719669074777,sector,0.02,0.05,
Real Estate,6916.0,0.7294679005205321,0.26980913823019087,0.0009953631341183087,6.161798727588201,1.6153775514636215,2.215872917161698,-0.6004953656980766,0.04154399912995266,sector,0.02,0.05,
Utilities,7045.0,0.758694109297374,0.23846699787083037,0.002897363195999592,7.792334989354152,3.7182220733040285,4.051167172399811,-0.33294509909578274,0.09821021877706881,sector,0.02,0.05,
test,46454.0,0.7359538468162052,0.26262539286175574,0.0017062272994881969,5.285400611357472,3.228189166629659,4.221991150151816,-0.9938019835221577,0.08473665050783552,period,0.02,0.05,
train,68990.0,0.7311059573851283,0.2688940426148717,0.001185995049454958,5.431047977967822,2.1837314902504894,3.2158263313597177,-1.0320948411092281,0.056565999306965375,period,0.02,0.05,
ALL,115444.0,0.7330567201413672,0.26637157409653167,0.0013953335074349661,5.37244031738332,2.597206157730891,3.614141814398508,-1.0169356566676166,0.06762984922504467,all,0.02,0.05,
above MA200,30025.0,0.7318567860116569,0.26614487926727726,0.0013820121541548416,5.649858451290592,2.4461004927285397,3.4531615065184273,-1.007061013789888,0.06357321268387728,trend_x_period,0.02,0.05,test
above MA200,44868.0,0.7296291343496478,0.2703708656503521,0.001003075308986146,6.179192297405724,1.6233113661267315,2.064338821616879,-0.4410274554901477,0.04175222433560277,trend_x_period,0.02,0.05,train
beaten-down,8953.0,0.7425443985256339,0.2571205182620351,0.002367731891766953,4.137049033843405,5.723238647638848,6.074215309091897,-0.35097666145304923,0.15509704002322766,trend_x_period,0.02,0.05,test
beaten-down,14460.0,0.729253112033195,0.27074688796680496,0.001156114535014101,3.4201936376210234,3.3802604691652984,7.041278485170518,-3.6610180160052193,0.08890017175654852,trend_x_period,0.02,0.05,train
below MA200,7476.0,0.7445157838416265,0.25508293204922416,0.002216140237417876,5.196896736222579,4.264353035863286,5.813091315756048,-1.5487382798927618,0.11342270637411511,trend_x_period,0.02,0.05,test
below MA200,9662.0,0.7407369074725729,0.259263092527427,0.0020801489672948913,4.966259573587249,4.188562712988338,5.926230786643052,-1.7376680736547145,0.1112990885298979,trend_x_period,0.02,0.05,train
low vol,15081.0,0.7269411842716,0.27100324912141105,0.0009243100792825773,7.750745971752536,1.1925433792453137,1.9057427667684725,-0.7131993875231588,0.030506368540393902,vol_x_period,0.02,0.05,test
low vol,23386.0,0.7448473445651245,0.2551526554348756,0.0021016980447191875,8.406653553408022,2.5000412249261394,2.7566664943931736,-0.25662526946703423,0.06501955971333206,vol_x_period,0.02,0.05,train
mid vol,16671.0,0.7462059864435246,0.2522944034551017,0.0022611435569630306,5.0388099094235494,4.48745556512115,5.375748907159714,-0.8882933420385649,0.11969744999897047,vol_x_period,0.02,0.05,test
mid vol,21795.0,0.7205781142463867,0.2794218857536132,0.00018997149320939643,5.100894700619408,0.3724277883766704,1.0644803886007952,-0.6920526002241248,0.009429182763651678,vol_x_period,0.02,0.05,train
high vol,14687.0,0.73391434602029,0.2654047797371825,0.0019039653044620052,3.036835296520733,6.269570518504432,8.188258752768927,-1.918688234264495,0.17110022511289324,vol_x_period,0.02,0.05,test
high vol,23779.0,0.7274485890912149,0.27255141090878504,0.0012120462472074245,2.8080659405357666,4.316302654118483,8.193597058664714,-3.8772944045462303,0.1148806504703801,vol_x_period,0.02,0.05,train
6m losers,15219.0,0.7428214731585518,0.2560615020697812,0.002214185091231705,4.656744858400684,4.754791509003022,5.557118311937728,-0.8023268029347066,0.12726265976608375,mom_x_period,0.02,0.05,test
6m losers,23118.0,0.7402456959944632,0.2597543040055368,0.0019009562081780814,4.109827839778528,4.625391335809631,7.093219969039867,-2.467828633230236,0.1235944909748361,mom_x_period,0.02,0.05,train
6m middle,15569.0,0.7430149656368424,0.2549296679298606,0.0021497938414345836,6.05703641852399,3.5492503146587593,4.519665816004262,-0.9704155013455029,0.09354557595797286,mom_x_period,0.02,0.05,test
6m middle,22768.0,0.7406886858749122,0.25931131412508784,0.0017534796820422643,6.549674982431482,2.677201062259898,3.1187734646009924,-0.44157240234109424,0.06978365607828807,mom_x_period,0.02,0.05,train
6m winners,15530.0,0.7227945911139729,0.27611075338055374,0.0008124952573356024,5.153380553766903,1.5766257679955398,2.7493857931131833,-1.1727600251176435,0.0405275432190535,mom_x_period,0.02,0.05,test
6m winners,22807.0,0.7130267023282325,0.28697329767176744,-4.6811573870603486e-05,5.666681282062525,-0.08260844670897971,0.46900929006761366,-0.5516177367765933,-0.002079576134605632,mom_x_period,0.02,0.05,train
above MA200,74893.0,0.8576769524521651,0.1396392186185625,0.003485672465485199,9.885009279905999,3.5262207315988943,4.018908995977932,-0.4926882643790378,0.09291135013660212,trend,0.02,0.1,
beaten-down,23413.0,0.8648186904711058,0.1342843719301243,0.004477729897861514,5.996882074061419,7.466763298930354,8.540173549301212,-1.0734102503708585,0.2069448169177115,trend,0.02,0.1,
below MA200,17138.0,0.8634613140389777,0.1353133387793208,0.004202337345088228,8.341813513828917,5.037678363489743,6.112735906049628,-1.0750575425598854,0.13532338261906696,trend,0.02,0.1,
low vol,38467.0,0.8626615020667066,0.1349988301661164,0.0040272094081809364,13.347414667117269,3.0172205693904015,3.49120981294251,-0.4739892435521085,0.07898684040012682,vol,0.02,0.1,
mid vol,38466.0,0.8569645921073156,0.14048770342640254,0.0032560512330637734,8.515910154422087,3.823491763088872,4.433062483629676,-0.6095707205408046,0.10112631322828469,vol,0.02,0.1,
high vol,38466.0,0.8605001819788904,0.1380699838818697,0.004117991547748955,4.743357770498622,8.681595922114203,9.90693061412239,-1.225334692008187,0.24443461942614686,vol,0.02,0.1,
6m losers,38337.0,0.8664475571901818,0.13198737512064063,0.0045966251345284466,7.035892219005139,6.533109080483327,7.445313570040533,-0.9122044895572051,0.1788985773227718,mom,0.02,0.1,
6m middle,38337.0,0.8617523541226492,0.13519576388345464,0.003905651002529392,10.465946735529645,3.7317703799031814,4.226959121179412,-0.49518874127623064,0.0985850911241779,mom,0.02,0.1,
6m winners,38337.0,0.8519967655267757,0.146281660015129,0.002914441170425552,9.138978010798967,3.1890230690803025,3.7797508149988204,-0.5907277459185178,0.08366690223086781,mom,0.02,0.1,
NASDAQ-100,21367.0,0.8579117330462863,0.14082463612112137,0.0036990141377107903,7.720222773435672,4.7913308284815805,6.323070688255884,-1.5317398597743028,0.12830061528387904,index,0.02,0.1,
S&P-only,94077.0,0.8604547338881979,0.13724927453043784,0.0038146665008011544,9.12791649393582,4.179120726329441,4.664115130048758,-0.4849944037193165,0.11103481018851702,index,0.02,0.1,
(NASDAQ-only),2411.0,0.8490253007051016,0.1505599336374948,0.003948966813291215,7.0821236001659065,5.575964267552047,6.88091677465839,-1.3049525071063433,0.15082046861915233,sector,0.02,0.1,
Communication Services,5190.0,0.8456647398843931,0.15375722543352602,0.0020620643976216393,7.909633911368015,2.6070288722945376,3.3275880020297683,-0.7205591297352307,0.06789408615611903,sector,0.02,0.1,
Consumer Discretionary,10681.0,0.8549761258309148,0.1439003838591892,0.0035093044290773444,7.217020878194925,4.862538834659806,6.481046634228003,-1.6185077995681962,0.1303261241065672,sector,0.02,0.1,
Consumer Staples,7706.0,0.8593303919024137,0.13898261095250455,0.003666037179786913,11.97923695821438,3.0603261230867003,3.0354273981829154,0.02489872490378498,0.0801591809651987,sector,0.02,0.1,
Energy,4759.0,0.8457659172094978,0.15297331372137005,0.0020282081779091,6.464593401975205,3.137410277480711,3.8248070820698135,-0.6873968045891026,0.08225880049623702,sector,0.02,0.1,
Financials,17355.0,0.8681647940074907,0.12832036876980696,0.004642529671122439,9.361163929703256,4.95935089480866,4.936093525551527,0.0232573692571323,0.1330857496390332,sector,0.02,0.1,
Health Care,13283.0,0.8598961078069713,0.13987803959948808,0.003348752577057849,8.791462771964165,3.809096010435223,4.958911519876703,-1.14981550944148,0.10072707914821422,sector,0.02,0.1,
Industrials,18167.0,0.8669565696042274,0.13100677051797216,0.004727054175210377,9.063962129135245,5.215218364621924,5.844308139333627,-0.6290897747117028,0.14041159396890457,sector,0.02,0.1,
Information Technology,16249.0,0.8540217859560588,0.1453012493076497,0.0031663391049340877,6.603052495538187,4.795265685186731,6.416507692250948,-1.621242007064218,0.12841244769501658,sector,0.02,0.1,
Materials,5682.0,0.8504047870468145,0.14836325237592396,0.0032486616209237086,8.786518831397395,3.6973250535981,4.171384806847584,-0.4740597532494839,0.0976322623822099,sector,0.02,0.1,
Real Estate,6916.0,0.8519375361480624,0.14300173510699826,0.00248040481093182,10.610613071139387,2.3376639919878537,2.8701756414634985,-0.5325116494756449,0.060671553100904774,sector,0.02,0.1,
Utilities,7045.0,0.8836053938963804,0.10872959545777147,0.00628933160961669,12.901490418736692,4.874887633511523,4.906810982934719,-0.031923349423195455,0.13067775349978406,sector,0.02,0.1,
test,46454.0,0.8600120549360658,0.13475696387824515,0.004040748366330225,8.811426357256641,4.58580507002986,4.936943684690265,-0.3511386146604046,0.12247469680286671,period,0.02,0.1,
train,68990.0,0.8599652123496159,0.1400347876503841,0.003626616768616212,8.905044209305697,4.07254212710862,4.927775579417192,-0.855233452308572,0.10805604527059787,period,0.02,0.1,
ALL,115444.0,0.8599840615363293,0.13791102179411663,0.003793260935833276,8.86737292540106,4.277773098915552,4.931441496040964,-0.6536683971254117,0.11379915275593544,all,0.02,0.1,
above MA200,30025.0,0.858451290591174,0.13485428809325561,0.003865731331213424,9.515970024979184,4.062361820251614,4.539752848903045,-0.47739102865143035,0.10777193244335037,trend_x_period,0.02,0.1,test
above MA200,44868.0,0.8571587768565571,0.142841223143443,0.0032313427105710073,10.131964874743693,3.189255737182715,3.6915583233524756,-0.5023025861697604,0.08367325401880832,trend_x_period,0.02,0.1,train
beaten-down,8953.0,0.8630626605607059,0.13459175695297665,0.0045306402182034074,6.59309728582598,6.87179336477182,6.270352238920366,0.6014411258514546,0.1889965556881099,trend_x_period,0.02,0.1,test
beaten-down,14460.0,0.8659059474412172,0.13409405255878284,0.004444970140045404,5.627731673582296,7.898333463393407,10.186621714128629,-2.288288250735221,0.2201324778066891,trend_x_period,0.02,0.1,train
below MA200,7476.0,0.8626270733012306,0.13456393793472446,0.004156971577882034,8.6384430176565,4.812176881164133,5.475426115893288,-0.6632492347291552,0.12889320584734154,trend_x_period,0.02,0.1,test
below MA200,9662.0,0.8641068101842269,0.13589318981577314,0.004237439236584142,8.112295590974954,5.223477361079341,6.637838973860532,-1.414361612781191,0.14064884494158503,trend_x_period,0.02,0.1,train
low vol,15081.0,0.8583648299184404,0.13566739606126915,0.0037760848323086862,13.257476294675419,2.848268213630727,3.3117195503468007,-0.46345133671607414,0.07440405348365142,vol_x_period,0.02,0.1,test
low vol,23386.0,0.8654323099290173,0.13456769007098263,0.0041891528670336435,13.40541349525357,3.124971018996832,3.605680880289889,-0.48070986129305704,0.08191970490081824,vol_x_period,0.02,0.1,train
mid vol,16671.0,0.8609561514006359,0.13316537700197947,0.003974185491549988,8.273528882490552,4.803495035788951,5.313245120741042,-0.5097500849520918,0.128646369443296,vol_x_period,0.02,0.1,test
mid vol,21795.0,0.8539114475797202,0.14608855242027988,0.0027067501904749374,8.701307639366828,3.1107395608321475,3.7929094040784266,-0.6821698432462789,0.08153188353032093,vol_x_period,0.02,0.1,train
high vol,14687.0,0.8608973922516511,0.13535779941444814,0.004421693881035523,4.8619187036154425,9.094545076920852,8.811461749239214,0.28308332768163935,0.2574405977878529,vol_x_period,0.02,0.1,test
high vol,23779.0,0.8602548467134867,0.13974515328651332,0.003930411070479946,4.670129105513268,8.416065127278694,10.611329000761978,-2.1952638734832837,0.2361425019843464,vol_x_period,0.02,0.1,train
6m losers,15219.0,0.8599776595045666,0.13607990012484394,0.004040951040732973,7.627702214337342,5.297730466112633,5.298456510197816,-0.0007260440851829253,0.1427840760632868,mom_x_period,0.02,0.1,test
6m losers,23118.0,0.8707068085474522,0.1292931914525478,0.004962435500194737,6.646292931914526,7.466471235966516,9.067322490690204,-1.6008512547236884,0.20693594048025332,mom_x_period,0.02,0.1,train
6m middle,15569.0,0.8623546791701459,0.13013038730811227,0.0043108335558801995,10.259875393409981,4.201643188229255,4.634826002388167,-0.43318281415891224,0.1116653105205514,mom_x_period,0.02,0.1,test
6m middle,22768.0,0.8613404778636683,0.1386595221363317,0.0036285828730002845,10.606860505973296,3.420977273111901,3.9571792724162314,-0.5362019993043304,0.09001764562504522,mom_x_period,0.02,0.1,train
6m winners,15530.0,0.8580811332904057,0.13766902768834513,0.003822164941078321,8.56484224082421,4.462621533015541,5.014453543874939,-0.5518320108593977,0.11899725607708489,mom_x_period,0.02,0.1,test
6m winners,22807.0,0.8478537291182532,0.15214627088174684,0.0022963436495662772,9.52992502301925,2.4096135531177083,3.024144488890716,-0.6145309357730077,0.06259597468720313,mom_x_period,0.02,0.1,train
above MA200,74893.0,0.9334250196947645,0.05979196987702456,0.006923169880835639,16.212423056894504,4.270286962374504,4.4935698430679585,-0.22328288069345456,0.11358914340043813,trend,0.02,0.2,
beaten-down,23413.0,0.9431939520779055,0.05449963695382907,0.008874446705816738,9.644684576944433,9.201386146967476,9.84050035062771,-0.639114203660234,0.2608275836270395,trend,0.02,0.2,
below MA200,17138.0,0.9391410899754931,0.057299568210993114,0.008080886481721684,13.574454428754814,5.953010136896488,6.474168142095614,-0.5211580051991255,0.1618008066278167,trend,0.02,0.2,
low vol,38467.0,0.9334494501780747,0.05997348376530533,0.006853085224318009,21.31868874619804,3.214590402770519,3.428863961648681,-0.21427355887816202,0.0843651067077198,vol,0.02,0.2,
mid vol,38466.0,0.9339936567358187,0.06065096448811938,0.006825235682063428,14.351713201268653,4.755694032026849,5.0461706711790795,-0.2904766391522307,0.1272882858603528,vol,0.02,0.2,
high vol,38466.0,0.9415067852129153,0.05422970935371497,0.008836428937635567,7.804684656579837,11.321955116003188,11.988927284089064,-0.6669721680858747,0.3299640017710699,vol,0.02,0.2,
6m losers,38337.0,0.9418577353470537,0.05454260896783786,0.008638683258114612,11.339854448704907,7.617984249437358,8.140146172669219,-0.5221619232318614,0.21154949864234585,mom,0.02,0.2,
6m middle,38337.0,0.9343714949004878,0.05795967342254219,0.0070995118313424135,16.99801758092704,4.1766704838030995,4.432349459447616,-0.25567897564451686,0.110966238874463,mom,0.02,0.2,
6m winners,38337.0,0.9326499204423925,0.062367947413725644,0.006771742556019602,15.192451156845866,4.457307439141042,4.687359112177827,-0.2300516730367844,0.11884748220154528,mom,0.02,0.2,
NASDAQ-100,21367.0,0.9376140777834979,0.05775260916366359,0.008048248443593151,12.429540880797491,6.475097126094949,7.262563989298939,-0.7874668632039904,0.17717752172352763,index,0.02,0.2,
S&P-only,94077.0,0.9359460867162006,0.05848400778086036,0.007364155857842004,14.956524974223242,4.923707793443816,5.156485294156398,-0.23277750071258185,0.13206896420252012,index,0.02,0.2,
(NASDAQ-only),2411.0,0.926171712982165,0.06926586478639568,0.00761187926548834,10.589381999170469,7.188218600561038,7.578793475322888,-0.39057487476184966,0.19850870139446863,sector,0.02,0.2,
Communication Services,5190.0,0.9283236994219654,0.06724470134874759,0.005829783543331852,13.397302504816956,4.351460707284748,4.681303077899277,-0.3298423706145294,0.11586842512785767,sector,0.02,0.2,
Consumer Discretionary,10681.0,0.9316543394813219,0.06441344443404176,0.0067398635145169365,11.893268420559872,5.66695653052423,6.536058727363026,-0.8691021968387964,0.15346084750498634,sector,0.02,0.2,
Consumer Staples,7706.0,0.9386192577212562,0.051907604464053986,0.008527948671944823,20.48040487931482,4.163955118171535,4.0197259722666345,0.1442291459049003,0.1106104604321172,sector,0.02,0.2,
Energy,4759.0,0.9212019331792394,0.07648665686068502,0.003638181292054782,11.259088043706662,3.231328574687154,3.8519609660847953,-0.6206323913976415,0.08482244305325426,sector,0.02,0.2,
Financials,17355.0,0.9392682224142899,0.055834053586862574,0.007754624311528675,14.845116681071737,5.223687006391945,5.2082192626737145,0.015467743718230141,0.140654867929755,sector,0.02,0.2,
Health Care,13283.0,0.9396220733268087,0.057667695550703904,0.007662237577446233,14.699314913799594,5.212649448208629,5.772347267223399,-0.5596978190147694,0.1403378083526381,sector,0.02,0.2,
Industrials,18167.0,0.9400011008972312,0.05471459239280013,0.008317396241258771,14.532614080475588,5.723262308625607,5.917551728782019,-0.1942894201564121,0.15509772836401203,sector,0.02,0.2,
Information Technology,16249.0,0.9335959135946827,0.06375776970890516,0.006791882497625702,10.726260077543234,6.332013626860827,7.3441951393406075,-1.0121815124797804,0.1729433174366941,sector,0.02,0.2,
Materials,5682.0,0.9301302358324534,0.06546990496304118,0.006743488556779563,14.966385075677579,4.505756415247296,4.522825014475245,-0.017068599227949455,0.12021372055402058,sector,0.02,0.2,
Real Estate,6916.0,0.931897050318103,0.05653556969346443,0.006563871169252265,18.015615962984384,3.643434219922683,3.970126487292343,-0.32669226736966045,0.09614318187644777,sector,0.02,0.2,
Utilities,7045.0,0.9520227111426544,0.034066713981547196,0.011299100117414435,19.63378282469837,5.7549277275292585,5.810638772721146,-0.05571104519188773,0.15601929877596832,sector,0.02,0.2,
test,46454.0,0.9335041115942653,0.05528049253024497,0.0077559495186377905,14.462801911568434,5.36268806422219,5.593936282191953,-0.231248217969763,0.1446552689882734,period,0.02,0.2,
train,68990.0,0.9381069720249311,0.06041455283374402,0.007312215338362908,14.506334251340775,5.040705123478776,5.421708196064803,-0.3810030725860279,0.1354099383579339,period,0.02,0.2,
ALL,115444.0,0.9362548075257268,0.05834863656837947,0.007490771414126823,14.488817088804963,5.170036565590093,5.490887347915107,-0.3208507823250148,0.13911455464969147,all,0.02,0.2,
above MA200,30025.0,0.9322564529558701,0.05368859283930058,0.007717829307793931,15.640965861781849,4.934368744229649,5.222753054113534,-0.2883843098838853,0.13237299225773835,trend_x_period,0.02,0.2,test
above MA200,44868.0,0.9342070072211821,0.06387625924935365,0.0063913955807905565,16.594833734510118,3.851436949018177,4.03365902179464,-0.18222207277646357,0.10190172238935413,trend_x_period,0.02,0.2,train
beaten-down,8953.0,0.9319781078967944,0.062437171897687924,0.0071004763113496384,10.64648721099073,6.669313709426689,6.407701914987037,0.26161179443965243,0.18294925146298913,trend_x_period,0.02,0.2,test
beaten-down,14460.0,0.9501383125864453,0.0495850622406639,0.00997281163954177,9.024412171507608,11.050926586696143,12.347971872382884,-1.297045285686741,0.3209214857418268,trend_x_period,0.02,0.2,train
below MA200,7476.0,0.940342429106474,0.053103263777421084,0.008694019469873438,14.301364365971107,6.079153881681474,6.498830311985395,-0.4196764303039202,0.1654976136256796,trend_x_period,0.02,0.2,test
below MA200,9662.0,0.9382115504036431,0.06054647070999793,0.007606473087039161,13.01200579590147,5.845734475030016,6.453194842131359,-0.6074603671013425,0.15866614447654648,trend_x_period,0.02,0.2,train
low vol,15081.0,0.9367415953849214,0.05132285657449771,0.008426201925675248,21.95305351104038,3.838282415445139,4.093575218740977,-0.2552928032958376,0.10153664918736438,vol_x_period,0.02,0.2,test
low vol,23386.0,0.9313264346190028,0.06555203968186095,0.0058386247362837785,20.909604036603096,2.7923172175154694,2.978818532008576,-0.1865013144931063,0.07289067523551873,vol_x_period,0.02,0.2,train
mid vol,16671.0,0.9324575610341311,0.0566852618319237,0.007360821942770644,13.605662527742787,5.4101165068305,5.812501634293264,-0.40238512746276484,0.14602343775177773,vol_x_period,0.02,0.2,test
mid vol,21795.0,0.9351686166551961,0.0636843312686396,0.006415565640666321,14.922367515485202,4.29929475601561,4.511725553206552,-0.21243079719094227,0.11440312175380729,vol_x_period,0.02,0.2,train
high vol,14687.0,0.9316402260502485,0.057465786069313,0.007579122018775934,7.752093688295772,9.776871028041116,9.596653042886711,0.1802179851544052,0.2792280223754884,vol_x_period,0.02,0.2,test
high vol,23779.0,0.9476008242566971,0.05223096009083645,0.009612999302970167,7.837167248412465,12.265910625956622,13.450466153653844,-1.184555527697223,0.36194187746949513,vol_x_period,0.02,0.2,train
6m losers,15219.0,0.9321900256258624,0.05985938629344898,0.007278041236048762,12.632498850121559,5.761363070283381,5.812632591525219,-0.05126952124183794,0.1562066784598899,mom_x_period,0.02,0.2,test
6m losers,23118.0,0.9482221645471062,0.05104247772298642,0.00953441865623816,10.488883121377281,9.09002278498667,9.985535917183281,-0.8955131321966103,0.2572974359728266,mom_x_period,0.02,0.2,train
6m middle,15569.0,0.9335859721240928,0.051191470229301816,0.00797861336226918,16.932815209711606,4.711923719390232,5.01541765599299,-0.30349393660275753,0.12604614666858938,mom_x_period,0.02,0.2,test
6m middle,22768.0,0.9349086437104709,0.06258784258608574,0.006498372876010418,17.042603654251582,3.8130164896425804,4.036209717650244,-0.22319322800766342,0.10083579060392212,mom_x_period,0.02,0.2,train
6m winners,15530.0,0.9350289761751449,0.05447520927237605,0.008087916531845468,13.850547327752736,5.839420161858498,6.155953293760835,-0.31653313190233706,0.15848189902382237,mom_x_period,0.02,0.2,test
6m winners,22807.0,0.9310299469461131,0.06774235980181523,0.0058755185088158616,16.106195466304204,3.6479865906930304,3.827397497232508,-0.17941090653947778,0.09626889252119519,mom_x_period,0.02,0.2,train
above MA200,74893.0,0.9583272134912475,0.007584153392172833,0.010491464627264175,23.31794693763102,4.49930890370662,4.623019296922517,-0.1237103932158972,0.12003180794905077,trend,0.02,0.5,
beaten-down,23413.0,0.9731772946653569,0.00794430444624781,0.01331438733099287,15.004612821936531,8.873529419917736,9.193705381260207,-0.3201759613424707,0.2504628818308816,trend,0.02,0.5,
below MA200,17138.0,0.9679659236783755,0.008635780137705683,0.01202317933998052,19.799218111798343,6.072552598840211,6.347857012672544,-0.2753044138323335,0.16530386421987675,trend,0.02,0.5,
low vol,38467.0,0.9547924194764343,0.007564925780539164,0.009880872267187498,28.716042321990276,3.440889296788955,3.5946805439251404,-0.15379124713618544,0.09056454750884235,vol,0.02,0.5,
mid vol,38466.0,0.9593407164768887,0.007981074195393335,0.010006667827334456,21.806322466593876,4.588883725196735,4.7383668806329275,-0.14948315543619262,0.12256174420345833,vol,0.02,0.5,
high vol,38466.0,0.9741589975562834,0.007877086257994072,0.013987733421480629,12.806816409296522,10.922100367837611,11.179752657568688,-0.25765228973107696,0.31664486299489925,vol,0.02,0.5,
6m losers,38337.0,0.9706549808279208,0.007825338445887784,0.012884852967115414,17.044839189294937,7.559386641328823,7.8299495284727785,-0.2705628871439551,0.20976312717055068,mom,0.02,0.5,
6m middle,38337.0,0.9583431150063907,0.007434071523593396,0.010591838467292648,23.96348175391919,4.419991458695424,4.585092334434454,-0.16510087573902898,0.11779632064196166,mom,0.02,0.5,
6m winners,38337.0,0.9591517333124657,0.00808618306075071,0.010407214977967542,22.395857787515975,4.646937427763445,4.743701530235861,-0.0967641024724158,0.12420444233605177,mom,0.02,0.5,
NASDAQ-100,21367.0,0.9700472691533674,0.007441381569710301,0.013537586346228911,18.32657836851219,7.386859714898289,7.81654299686614,-0.4296832819678507,0.20451879372423099,index,0.02,0.5,
S&P-only,94077.0,0.961116957385971,0.007897785856266675,0.01078119679601757,21.741647799143255,4.958776306017803,5.082801351992699,-0.1240250459748956,0.13306935121891916,index,0.02,0.5,
(NASDAQ-only),2411.0,0.9668187474077147,0.013687266694317711,0.014249092322042276,16.192451265035256,8.799836472449776,9.041494373388199,-0.24165790093842168,0.24814489570401155,sector,0.02,0.5,
Communication Services,5190.0,0.9570327552986513,0.010789980732177264,0.008764048612728384,20.90732177263969,4.191856187049951,4.33722892411916,-0.14537273706920964,0.11139128659797248,sector,0.02,0.5,
Consumer Discretionary,10681.0,0.9632993165433948,0.010485909559030053,0.010962224864672706,18.62391161876229,5.8861022802691085,6.304932272706293,-0.418829992437184,0.1598447272888801,sector,0.02,0.5,
Consumer Staples,7706.0,0.9545808460939528,0.003244225279003374,0.011342007556458715,27.05982351414482,4.191456588964807,4.066141069465288,0.12531551949951922,0.1113800997756973,sector,0.02,0.5,
Energy,4759.0,0.953141416263921,0.024164740491699938,0.002390357217464121,18.66043286404707,1.2809762961445585,1.4898716623648325,-0.20889536622027396,0.03280513793950535,sector,0.02,0.5,
Financials,17355.0,0.9615672716796312,0.0076058772687986175,0.010994308349649486,21.37378277153558,5.143828992353706,5.100851573723829,0.042977418629877105,0.13836288413312525,sector,0.02,0.5,
Health Care,13283.0,0.9677783633215388,0.0060227358277497554,0.012304843736068929,21.54799367612738,5.710435932465135,6.0524436394337,-0.3420077069685656,0.15472464585487056,sector,0.02,0.5,
Industrials,18167.0,0.966918038201134,0.0045136786480982,0.0131238665305967,20.789343314801563,6.312785513168562,6.423719536310958,-0.11093402314239537,0.17237546615774635,sector,0.02,0.5,
Information Technology,16249.0,0.9699058403594067,0.008246661333005108,0.012498033691629372,17.556834266724106,7.118614609991051,7.642240097646945,-0.5236254876558942,0.1964098351595247,sector,0.02,0.5,
Materials,5682.0,0.9563533966913059,0.01003167898627244,0.009587806485202653,22.62214009151707,4.238240257736677,4.215809875754187,0.02243038198249006,0.11269057962007212,sector,0.02,0.5,
Real Estate,6916.0,0.9525737420474263,0.007518796992481203,0.009281903177783563,24.959658762290342,3.718762049666676,3.9503911123497897,-0.23162906268311392,0.09822515711441837,sector,0.02,0.5,
Utilities,7045.0,0.9618168914123492,0.0034066713981547197,0.013256307770799601,24.39872249822569,5.433197484730448,5.495254260565279,-0.0620567758348315,0.14668984404417929,sector,0.02,0.5,
test,46454.0,0.9604770310414603,0.004133120936840745,0.012781068288498069,20.441038446635382,6.252651166360801,6.396753911419353,-0.14410274505855186,0.17060132456611243,period,0.02,0.5,
train,68990.0,0.9643136686476301,0.010291346571966951,0.010288281086605724,21.55971879982606,4.7719922426301435,4.963669161578166,-0.19167691894802302,0.12775115450773256,period,0.02,0.5,
ALL,115444.0,0.9627698277952947,0.007813312082048439,0.011291364284318093,21.10956827552753,5.348931885740294,5.522071499124457,-0.17313961338416345,0.1442587488179201,all,0.02,0.5,
above MA200,30025.0,0.9576353039134055,0.0032306411323896754,0.012626601370020646,21.651090757701915,5.831854621702604,6.037112544539522,-0.20525792283691857,0.1582611824252229,trend_x_period,0.02,0.5,test
above MA200,44868.0,0.9587902291165196,0.010497459213693501,0.009062662792966613,24.43338236605153,3.7091314895307117,3.7844855560419033,-0.07535406651119166,0.09795875999002779,trend_x_period,0.02,0.5,train
beaten-down,8953.0,0.9641460962805763,0.00658996984251089,0.01277488582000215,16.864961465430582,7.57480878102676,7.360262504226976,0.21454627679978375,0.21023302272555777,trend_x_period,0.02,0.5,test
beaten-down,14460.0,0.9787690179806362,0.008782849239280775,0.013648423086725921,13.852766251728907,9.852489270886613,10.575732363747447,-0.7232430928608342,0.28166562270902706,trend_x_period,0.02,0.5,train
below MA200,7476.0,0.9674959871589085,0.004815409309791332,0.013408839940147143,19.86383092562868,6.750379617280578,6.991435548621746,-0.2410559313411676,0.18536669855331067,trend_x_period,0.02,0.5,test
below MA200,9662.0,0.9683295383978472,0.011591802939350032,0.010951020506732159,19.749223763196024,5.5450384471009455,5.846996503674245,-0.30195805657330027,0.14992444635356006,trend_x_period,0.02,0.5,train
low vol,15081.0,0.9543133744446655,0.0027849612094688683,0.012022276919427284,28.45633578675154,4.22481552421957,4.442623366704755,-0.21780784248518392,0.1123143755730891,vol_x_period,0.02,0.5,test
low vol,23386.0,0.9551013426836569,0.010647395877875653,0.008499938222869182,28.8835200547336,2.9428332165754023,3.0559524547489056,-0.11311923817350324,0.07696670946112927,vol_x_period,0.02,0.5,train
mid vol,16671.0,0.9587307300101974,0.00461879911223082,0.011660450796274847,20.24401655569552,5.759949249297693,6.036062896821257,-0.2761136475235633,0.15616550924398798,vol_x_period,0.02,0.5,test
mid vol,21795.0,0.9598072952512045,0.010552879100711171,0.008741688892936417,23.00133058040835,3.8005144364918833,3.8647490819850407,-0.06423464549315766,0.1004891569352504,vol_x_period,0.02,0.5,train
high vol,14687.0,0.9687478722679921,0.004970381970450058,0.01482534982142768,12.428678423095255,11.928339696905244,11.656531593903281,0.2718081030019621,0.35041914675422436,vol_x_period,0.02,0.5,test
high vol,23779.0,0.9775011564826107,0.009672400016821566,0.013470383151661783,13.04037175659195,10.32975393884186,10.89908553176684,-0.5693315929249815,0.2971576464813255,vol_x_period,0.02,0.5,train
6m losers,15219.0,0.9633353045535187,0.005585123858334976,0.012887020368988552,18.82081608515671,6.847216566316735,6.877637336457297,-0.03042077014056132,0.18826090057965406,mom_x_period,0.02,0.5,test
6m losers,23118.0,0.9754736568907345,0.00930011246647634,0.012883426127029455,15.875681287308591,8.115195747428352,8.573176191237039,-0.45798044380868663,0.22681330517962284,mom_x_period,0.02,0.5,train
6m middle,15569.0,0.9560023122872374,0.0034042006551480504,0.012219909867089651,22.745841094482625,5.372371070531125,5.585846669860087,-0.21347559932896068,0.14493446253776732,mom_x_period,0.02,0.5,test
6m middle,22768.0,0.9599437807449052,0.010189739985945186,0.009478545968020002,24.79611735769501,3.8225928000290392,3.957349688321424,-0.13475688829238483,0.10110137827209842,mom_x_period,0.02,0.5,train
6m winners,15530.0,0.962202189311011,0.0032839665164198324,0.01332499518859278,19.759755312298775,6.743502122366412,6.91564197790738,-0.17213985554096747,0.18516141553946563,mom_x_period,0.02,0.5,test
6m winners,22807.0,0.9570745823650634,0.011356162581663524,0.00842040712638645,24.19086245450958,3.480821381304967,3.5356612467655726,-0.05483986546060585,0.09166214239830639,mom_x_period,0.02,0.5,train
above MA200,74893.0,0.9598226803573098,0.0,0.012004877057627329,24.218471686272416,4.956909425639756,5.068880647538766,-0.11197122189901,0.13301607320208597,trend,0.02,none,
beaten-down,23413.0,0.9748003246059881,0.0,0.014527960657875108,15.847862298722932,9.167142157113402,9.473493215982963,-0.306351058869561,0.2597410211179958,trend,0.02,none,
below MA200,17138.0,0.969366320457463,0.0,0.013468087501792894,20.930563659703584,6.434651125866349,6.708095701865016,-0.27344457599866745,0.1759790806725816,trend,0.02,none,
low vol,38467.0,0.9563781942964099,0.0,0.011740426213744881,29.708971326071698,3.9518117557445813,4.103295813959424,-0.15148405821484365,0.10469136055379735,vol,0.02,none,
mid vol,38466.0,0.9607705506161285,0.0,0.01137457656056044,22.67584360214215,5.016164672914704,5.151120485041673,-0.13495581212696872,0.13470834862763348,vol,0.02,none,
high vol,38466.0,0.9756668226485727,0.0,0.015097156481497556,13.710393594343056,11.011468327011912,11.247237969294723,-0.23576964228281183,0.3196101285787458,vol,0.02,none,
6m losers,38337.0,0.9722200485170983,0.0,0.014202649168085281,17.9375798836633,7.91781793318751,8.184140651466663,-0.26632271827915277,0.22073124687102053,mom,0.02,none,
6m middle,38337.0,0.9595690846962465,0.0,0.012114963158358942,24.88890627852988,4.86761572516739,5.027465936291859,-0.1598502111244685,0.1304706742859496,mom,0.02,none,
6m winners,38337.0,0.9608472233090748,0.0,0.0118912415912211,23.334454965177244,5.096001431774079,5.172773536849538,-0.07677210507545844,0.13699239485304138,mom,0.02,none,
NASDAQ-100,21367.0,0.9710300931342725,0.0,0.014476460164333071,19.191089062573127,7.543323944322354,7.96343872287588,-0.4201147785535262,0.20927390774158328,index,0.02,none,
S&P-only,94077.0,0.962743284756104,0.0,0.012337999294558026,22.678146624573486,5.440479550118469,5.554180110877636,-0.1137005607591661,0.14690017580309433,index,0.02,none,
(NASDAQ-only),2411.0,0.9684778100373289,0.0,0.015795988364524446,17.90584819576939,8.821692327457885,9.070086581644418,-0.24839425418653346,0.2488319172642508,sector,0.02,none,
Communication Services,5190.0,0.9579961464354528,0.0,0.009675136101324798,22.08111753371869,4.381633351007034,4.504015864803982,-0.12238251379694812,0.11671682842062925,sector,0.02,none,
Consumer Discretionary,10681.0,0.9669506600505571,0.0,0.013433188038637531,19.794963018443966,6.786164756216595,7.194508516272439,-0.4083437600558443,0.18643540352600874,sector,0.02,none,
Consumer Staples,7706.0,0.9547106151051129,0.0,0.011803113952859354,27.411108227355307,4.305960143953708,4.188304954960947,0.11765518899276148,0.11459024077195412,sector,0.02,none,
Energy,4759.0,0.9577642361840722,0.0,0.007182863694093321,21.580794284513555,3.328359280662699,3.7012212338344734,-0.3728619531717745,0.08747739626391393,sector,0.02,none,
Financials,17355.0,0.962892538173437,0.0,0.012615739097104044,22.549006050129645,5.594809398275677,5.5553788640101915,0.03943053426548517,0.15136681470927216,sector,0.02,none,
Health Care,13283.0,0.9683053527064669,0.0,0.012840831671080447,22.18414514793345,5.7882923076153,6.110530380772119,-0.32223807315681924,0.15699111285170742,sector,0.02,none,
Industrials,18167.0,0.9680189354323774,0.0,0.014086732424951148,21.35124126162823,6.597617558782111,6.686782915802323,-0.08916535702021243,0.18081531005262108,sector,0.02,none,
Information Technology,16249.0,0.9709520585882209,0.0,0.013798730913849453,18.33503600221552,7.525881548409329,7.997442010122365,-0.4715604617130367,0.20874289017118186,sector,0.02,none,
Materials,5682.0,0.9605772615276311,0.0,0.012364999912218901,23.660330869412178,5.226046913910337,5.197745941964644,0.028300971945692317,0.14072266888865115,sector,0.02,none,
Real Estate,6916.0,0.9538750722961249,0.0,0.010767489896045533,25.98337189126663,4.143992527645974,4.341184237269352,-0.19719170962337784,0.11005213212882925,sector,0.02,none,
Utilities,7045.0,0.9622427253371185,0.0,0.014018228310628239,24.762242725337117,5.66113032091579,5.684589147311263,-0.02345882639547231,0.15329160411193943,sector,0.02,none,
test,46454.0,0.960735351100013,0.0,0.013169515759558697,20.824406940198905,6.324077222164056,6.466283826158688,-0.14220660399463206,0.1727089036047489,period,0.02,none,
train,68990.0,0.9666618350485577,0.0,0.01244040873852588,22.84636903899116,5.44524546429861,5.621167001020972,-0.17592153672236263,0.1470378530355596,period,0.02,none,
ALL,115444.0,0.9642770520771976,0.0,0.012733797200074844,22.032743148193063,5.779487880572493,5.942586757578052,-0.16309887700556017,0.1567345862580687,all,0.02,none,
above MA200,30025.0,0.9578018318068277,0.0,0.012927449227905723,21.94594504579517,5.890586712456301,6.097169437753395,-0.20658272529709415,0.15997572892726297,trend_x_period,0.02,none,test
above MA200,44868.0,0.96117500222876,0.0,0.011387505447290142,25.73921280199697,4.424185593743817,4.482174777798134,-0.05798918405431675,0.11791441701539562,trend_x_period,0.02,none,train
beaten-down,8953.0,0.9642577906846866,0.0,0.013108992039341976,17.446219144420866,7.513944385786365,7.294986665519974,0.2189577202663909,0.2083796081960898,trend_x_period,0.02,none,test
beaten-down,14460.0,0.9813278008298755,0.0,0.015406524007925398,14.8582295988935,10.369017321601175,11.057267985152693,-0.6882506635515184,0.29844040949135664,trend_x_period,0.02,none,train
below MA200,7476.0,0.9682985553772071,0.0,0.014214180885291814,20.36570358480471,6.979469590187556,7.2135835221394675,-0.23411393195191232,0.19222496974437076,trend_x_period,0.02,none,test
below MA200,9662.0,0.9701925067273857,0.0,0.012890795622778412,21.367625750362244,6.032862880219565,6.335312696507569,-0.302449816288004,0.1641396365305654,trend_x_period,0.02,none,train
low vol,15081.0,0.954379683044891,0.0,0.012211737926115036,28.702141767787282,4.2546434426090105,4.474041193972838,-0.21939775136382822,0.11315042145048193,vol_x_period,0.02,none,test
low vol,23386.0,0.9576669802445907,0.0,0.011436490015410222,30.3582485247584,3.767177149921312,3.8772546496138363,-0.11007749969252442,0.09956537404527643,vol_x_period,0.02,none,train
mid vol,16671.0,0.9589106832223622,0.0,0.01201158946134845,20.671225481374844,5.81077763007864,6.0770908584639365,-0.26631322838529725,0.15764650443994555,vol_x_period,0.02,none,test
mid vol,21795.0,0.962193163569626,0.0,0.010887325261224035,24.209176416609314,4.497189443319729,4.546353494002256,-0.049164050682526404,0.11997201509331812,vol_x_period,0.02,none,train
high vol,14687.0,0.969292571662014,0.0,0.015460867264973028,12.903928644379382,11.98151949771311,11.72313735119968,0.25838214651342956,0.35222793463202606,vol_x_period,0.02,none,test
high vol,23779.0,0.9796038521384415,0.0,0.014872512035688047,14.208503301232179,10.467331935235066,10.980288987282353,-0.5129570520472863,0.3016579643470938,vol_x_period,0.02,none,train
6m losers,15219.0,0.9635981339115579,0.0,0.013313738247327603,19.321571719561074,6.890608300694727,6.910700720957698,-0.02009242026297089,0.18956004804225723,mom_x_period,0.02,none,test
6m losers,23118.0,0.9778960117657237,0.0,0.014787835399723444,17.026472878276667,8.685201865026665,9.135472599613887,-0.4502707345872218,0.2445476079242277,mom_x_period,0.02,none,train
6m middle,15569.0,0.9561950028903591,0.0,0.012537425805817088,23.055687584302138,5.437888486289782,5.6489540918354155,-0.2110656055456339,0.14682533232800288,mom_x_period,0.02,none,test
6m middle,22768.0,0.9618763176387913,0.0,0.011826078717113516,26.14248067463106,4.523701810972234,4.652665597278226,-0.12896378630599184,0.12072019390458966,mom_x_period,0.02,none,train
6m winners,15530.0,0.9623953638119768,0.0,0.013673357647378813,20.088731487443656,6.80648136290998,6.985957283796755,-0.17947592088677494,0.1870425756933265,mom_x_period,0.02,none,test
6m winners,22807.0,0.9597930459946508,0.0,0.01067774300078267,25.54456964966896,4.180044192257921,4.201818689991774,-0.021774497733852736,0.11106065495756678,mom_x_period,0.02,none,train
above MA200,74893.0,0.6577917829436662,0.34092638831399463,0.0026400828884739036,8.337281187827967,3.1665993133688457,3.539524758089615,-0.3729254447207693,0.08305491261341924,trend,0.03,0.05,
beaten-down,23413.0,0.6639473796608721,0.3357536411395379,0.0033078378145159413,5.105582368769487,6.478864849482733,7.966923192712139,-1.4880583432294072,0.1772892237149657,trend,0.03,0.05,
below MA200,17138.0,0.6700898587933247,0.32938499241451746,0.0038037830065773253,7.192437857392928,5.288586543250438,6.309511330823107,-1.0209247875726692,0.14252091753597784,trend,0.03,0.05,
low vol,38467.0,0.6673772324329945,0.3316609041516105,0.0032948692047039454,11.420542282995815,2.8850374378541694,3.014262954667759,-0.1292255168135897,0.07539975536964327,vol,0.03,0.05,
mid vol,38466.0,0.6576197161129309,0.3409764467321791,0.002475204840456521,7.133494514636302,3.4698349250538656,3.955683548241917,-0.4858486231880513,0.09136005304533756,vol,0.03,0.05,
high vol,38466.0,0.6577756980190298,0.3416783653096241,0.0030891015744349023,3.9825820204856237,7.75652970496318,10.020067956097717,-2.263538251134538,0.2157835686719516,vol,0.03,0.05,
6m losers,38337.0,0.670083731121371,0.3292380728799854,0.003729392499118156,6.050499517437462,6.163776211154293,7.3206780359635815,-1.156901824809289,0.1679841453063109,mom,0.03,0.05,
6m middle,38337.0,0.6707880115815009,0.327777343036753,0.0036391296305177067,8.972585230977906,4.055831777394088,4.4702355632883926,-0.4144037858943043,0.10758972967848446,mom,0.03,0.05,
6m winners,38337.0,0.6421733573310379,0.35701802436288704,0.001517286500587181,7.5300101729399795,2.014985990377194,2.403425686025856,-0.38843969564866215,0.05208355054525837,mom,0.03,0.05,
NASDAQ-100,21367.0,0.6623765619881125,0.3370150231665653,0.0033201598082539807,6.518697056208172,5.093287476969007,6.423028604664266,-1.3297411276952593,0.13691467630702214,index,0.03,0.05,
S&P-only,94077.0,0.6605227632683865,0.33842490725682156,0.002863797878987395,7.737491629197359,3.701196739497434,4.183893257802144,-0.4826965183047104,0.09773932012263065,index,0.03,0.05,
(NASDAQ-only),2411.0,0.6457901285773539,0.35379510576524265,0.0035935780399491994,6.048112816258814,5.941651799696557,8.132918402198113,-2.191266602501556,0.16146850945685798,sector,0.03,0.05,
Communication Services,5190.0,0.651252408477842,0.34759152215799616,0.002445205056186114,6.659537572254335,3.6717340050360017,4.003140620956192,-0.3314066159201904,0.09692489420214301,sector,0.03,0.05,
Consumer Discretionary,10681.0,0.660237805448928,0.3391068252036326,0.0031503481193384704,6.114408763224417,5.152334823092761,6.2870768249159426,-1.134742001823181,0.13860678930269943,sector,0.03,0.05,
Consumer Staples,7706.0,0.6555930443810019,0.34310926550739684,0.0024432958085817704,10.134700233584221,2.4108219801955397,2.2895703180520157,0.12125166214352377,0.06262832594011036,sector,0.03,0.05,
Energy,4759.0,0.6509770960285775,0.3488127757932339,0.002330483390842534,5.325488548014289,4.37609314118514,5.124348921886771,-0.7482557807016307,0.11656099902673067,sector,0.03,0.05,
Financials,17355.0,0.6616537021031403,0.3365024488619994,0.002909745150971128,7.977816191299337,3.6472953013689593,3.6817733780723065,-0.034478076703347564,0.09624980210864975,sector,0.03,0.05,
Health Care,13283.0,0.6558006474441015,0.3437476473688173,0.0022617293903582324,7.340435142663555,3.081192526602094,4.131196383716712,-1.050003857114618,0.08072713961218803,sector,0.03,0.05,
Industrials,18167.0,0.6652721968404249,0.33412230968239115,0.0033191849266878196,7.800132107667749,4.255293219232746,5.143023565993192,-0.8877303467604464,0.11316864098517909,sector,0.03,0.05,
Information Technology,16249.0,0.6610252938642378,0.33885162163825466,0.002920374604824622,5.586436088374669,5.227616603189821,6.554982684558759,-1.3273660813689387,0.14076776882726416,sector,0.03,0.05,
Materials,5682.0,0.6511791622668075,0.3484688489968321,0.00233503280596626,7.14484336501232,3.268137153853804,3.779787175582567,-0.5116500217287628,0.08582883815765041,sector,0.03,0.05,
Real Estate,6916.0,0.6593406593406593,0.33892423366107577,0.002638696590009814,8.762001156737998,3.0115227592507794,3.4238279066069004,-0.41230514735612106,0.07883197207541581,sector,0.03,0.05,
Utilities,7045.0,0.6916962384669979,0.30518097941802697,0.005056934058730759,11.30986515259049,4.471259374451944,4.601449695003356,-0.13019032055141222,0.1192407499757997,sector,0.03,0.05,
test,46454.0,0.6607611831058682,0.33682782968097474,0.0030362258051573224,7.3554699272398505,4.127847486553004,4.806439336205747,-0.678591849652743,0.1096007803282526,period,0.03,0.05,
train,68990.0,0.6609363675895057,0.33906363241049425,0.0028890351374355958,7.61724887664879,3.792754029991242,4.372583901080695,-0.5798298710894535,0.10027404551091412,period,0.03,0.05,
ALL,115444.0,0.6608658743633277,0.33816395828280377,0.0029482638134893106,7.51191053671044,3.9247855776253595,4.543529061087054,-0.6187434834616946,0.10393955192677007,all,0.03,0.05,
above MA200,30025.0,0.6564862614487926,0.3403164029975021,0.0027261413257355627,7.82044962531224,3.485913798244968,4.262475743194727,-0.7765619449497595,0.09180219440861581,trend_x_period,0.03,0.05,test
above MA200,44868.0,0.6586654185611126,0.3413345814388874,0.002582493858903133,8.683137202460552,2.9741483967008246,3.1038020258637227,-0.1296536291628983,0.07781667357108368,trend_x_period,0.03,0.05,train
beaten-down,8953.0,0.6654752596894895,0.333742879481738,0.003416404795212663,5.7850999664916785,5.905524217387916,5.97274970499229,-0.06722548760437394,0.16041219764729564,trend_x_period,0.03,0.05,test
beaten-down,14460.0,0.6630013831258644,0.33699861687413557,0.0032406178851813803,4.684854771784233,6.917221649428392,9.491600600310889,-2.574378950882496,0.19035755089362372,trend_x_period,0.03,0.05,train
below MA200,7476.0,0.6722846441947565,0.3265115034777956,0.003826293220442617,7.36864633493847,5.192667752691876,6.028478039197221,-0.8358102865053453,0.13976404708023238,trend_x_period,0.03,0.05,test
below MA200,9662.0,0.6683916373421652,0.33160836265783483,0.0037863656645304496,7.0560960463672115,5.366091447238501,6.5365936173915005,-1.1705021701529987,0.14475339220646055,trend_x_period,0.03,0.05,train
low vol,15081.0,0.6551289702274385,0.3424176115642199,0.002357352199635146,10.717127511438234,2.1996119735621127,2.511567678924995,-0.31195570536288275,0.05698881646060383,vol_x_period,0.03,0.05,test
low vol,23386.0,0.6752758060378004,0.3247241939621996,0.0038994486091956312,11.874155477636192,3.2839797462142553,3.3068497115861977,-0.022869965371942337,0.08626228173593509,vol_x_period,0.03,0.05,train
mid vol,16671.0,0.6675664327274908,0.32919440945354206,0.003475575160747357,7.096814828144683,4.897373321569355,5.446053766362073,-0.5486804447927185,0.13131830847583537,vol_x_period,0.03,0.05,test
mid vol,21795.0,0.6500114705207617,0.34998852947923836,0.0017100213759202283,7.161550814406974,2.3877808316044598,2.826003814787194,-0.43822298318273434,0.062011651683786306,vol_x_period,0.03,0.05,train
high vol,14687.0,0.6590862667665283,0.33948389732416423,0.0032566073075006078,4.2022196500306395,7.749731281840213,9.630947041553092,-1.88121575971288,0.21557545948853862,vol_x_period,0.03,0.05,test
high vol,23779.0,0.6569662307077674,0.3430337692922326,0.0029856423582552477,3.8469237562555194,7.761116537337831,10.282604190780752,-2.5214876534429216,0.2159239980360208,vol_x_period,0.03,0.05,train
6m losers,15219.0,0.6674551547407845,0.33083645443196,0.003474247795160998,6.523556081214272,5.325696218302938,5.712656850874539,-0.3869606325715999,0.1435892942249244,mom_x_period,0.03,0.05,test
6m losers,23118.0,0.6718141707760187,0.3281858292239813,0.0038973588997377588,5.739077774894022,6.790914938959383,8.523966945020309,-1.7330520060609262,0.18657733744997662,mom_x_period,0.03,0.05,train
6m middle,15569.0,0.6703063780589633,0.3261609608838076,0.0037261267985743375,8.486608003083049,4.390596098253501,4.961595615972937,-0.5709995177194356,0.1169689693392022,mom_x_period,0.03,0.05,test
6m middle,22768.0,0.6711173576950106,0.3288826423049895,0.0035796400438401913,9.304901616303583,3.8470477082402725,4.163786683205395,-0.31673897496512243,0.10177989591927039,mom_x_period,0.03,0.05,train
6m winners,15530.0,0.6449452672247263,0.35305859626529296,0.0019425120276041741,7.074887314874436,2.7456437695059592,3.7993167933922627,-1.0536730238863035,0.07162986318227005,mom_x_period,0.03,0.05,test
6m winners,22807.0,0.6402858771429825,0.3597141228570176,0.0012277371326486577,7.839917569167361,1.5660077058425625,1.5456714641659013,0.02033624167666119,0.0402492048643055,mom_x_period,0.03,0.05,train
above MA200,74893.0,0.8084467173167051,0.18757427262895063,0.005801439490948201,14.057281721923276,4.126999519331298,4.5221315115172604,-0.39513199218596234,0.10957707955552665,trend,0.03,0.1,
beaten-down,23413.0,0.817152863793619,0.1812241062657498,0.007103485275718517,8.498526459659164,8.358490509428155,9.201239179216484,-0.8427486697883297,0.23435180835335756,trend,0.03,0.1,
below MA200,17138.0,0.8156144240868246,0.18234333061033958,0.006812326782426015,11.9850624343564,5.684014430244258,6.338170829581197,-0.6541563993369391,0.1539564983320867,trend,0.03,0.1,
low vol,38467.0,0.8163620765851249,0.18075233316869005,0.006662218374084444,18.997478358073153,3.5068961514322625,3.815667672812779,-0.3087715213805168,0.09237944137467258,vol,0.03,0.1,
mid vol,38466.0,0.8065564394530235,0.189154058129257,0.005457734151761611,12.15629386991109,4.489636570295851,4.903443318025078,-0.4138067477292258,0.1197589641399861,vol,0.03,0.1,
high vol,38466.0,0.8110799147298914,0.1864503717568762,0.006550113748762084,6.7184006655227995,9.74951342568132,10.898625671588885,-1.1491122459075658,0.27834727129309567,vol,0.03,0.1,
6m losers,38337.0,0.818504316978376,0.1790959125648851,0.007180484862583601,10.041526462686178,7.150790160505907,7.816021164638495,-0.6652310041325874,0.19737961401421988,mom,0.03,0.1,
6m middle,38337.0,0.8139395362182748,0.18149568302162403,0.00643804332217149,14.99817408769596,4.292551402942484,4.622884623976674,-0.3303332210341894,0.11421384584214822,mom,0.03,0.1,
6m winners,38337.0,0.8015233325507994,0.1957638834546261,0.005050130986374307,12.87589013224822,3.9221606696736537,4.44578485338305,-0.5236241837093965,0.10386655993850913,mom,0.03,0.1,
NASDAQ-100,21367.0,0.8108297842467356,0.1872045677914541,0.006445714462218957,10.872326484766228,5.928551236251391,6.97516946190124,-1.046618225649849,0.16108535963325354,index,0.03,0.1,
S&P-only,94077.0,0.8113779138365381,0.18512495083814323,0.006163304357483399,13.019749779435994,4.7338116798665455,5.121532593603199,-0.38772091373665324,0.12666712534105717,index,0.03,0.1,
(NASDAQ-only),2411.0,0.7946909995852344,0.2044794690999585,0.006036667861702484,9.592700124429697,6.292980895263183,7.437397575285298,-1.1444166800221156,0.1717908756147679,sector,0.03,0.1,
Communication Services,5190.0,0.796917148362235,0.20173410404624278,0.004691482384611996,11.098073217726396,4.227294497497572,4.486633093992011,-0.2593385964944398,0.11238383480869807,sector,0.03,0.1,
Consumer Discretionary,10681.0,0.8060106731579441,0.19127422525980714,0.00589042135154358,10.186312143057766,5.782682946308546,6.7554861423287536,-0.9728031960202078,0.15682767143676468,sector,0.03,0.1,
Consumer Staples,7706.0,0.8062548663379185,0.19063067739423825,0.0054885463924795,17.387879574357644,3.1565357748242064,3.0672543580073093,0.08928141681689716,0.08278037023100349,sector,0.03,0.1,
Energy,4759.0,0.7936541290187014,0.20403446102122294,0.003991179955525587,9.13847446942635,4.367446633328643,5.007637766427093,-0.6401911330984502,0.11631784211432672,sector,0.03,0.1,
Financials,17355.0,0.8211466436185537,0.1738980121002593,0.007337106109749067,13.389916450590608,5.47957572164346,5.625262738335519,-0.1456870166920588,0.14803006841672084,sector,0.03,0.1,
Health Care,13283.0,0.8099826846344952,0.18903862079349545,0.00555976494532747,12.522773469848678,4.439723323841817,5.224247074901197,-0.7845237510593797,0.118352029018431,sector,0.03,0.1,
Industrials,18167.0,0.817856553090769,0.1788958000770628,0.0070844853657219126,12.806021907854902,5.532151527381396,6.294082723857259,-0.7619311964758623,0.1495512752375181,sector,0.03,0.1,
Information Technology,16249.0,0.8077420148932242,0.1914579358729768,0.005929039982429442,9.219705828050957,6.430834229428814,7.506114420675553,-1.0752801912467391,0.17586604634375314,sector,0.03,0.1,
Materials,5682.0,0.7954945441745864,0.20274551214361142,0.004476919024437471,12.308518127419923,3.6372526555119196,3.7630026851682827,-0.12575002965636328,0.09597250513466027,sector,0.03,0.1,
Real Estate,6916.0,0.8023423944476576,0.19071717755928283,0.0046513774258475984,15.287160208212839,3.0426693790706163,3.4723713847235578,-0.42970200565294164,0.0796788176519383,sector,0.03,0.1,
Utilities,7045.0,0.8437189496096522,0.14648687012065295,0.010022112137232865,18.923633782824698,5.2960822705885615,5.280996381662203,0.015085888926358272,0.1427366371801546,sector,0.03,0.1,
test,46454.0,0.8083049898824644,0.18373014164549878,0.006163736107230595,12.543419296508374,4.91392016923675,5.194756928797966,-0.2808367595612152,0.1317899131845841,period,0.03,0.1,
train,68990.0,0.81327728656327,0.18670821858240325,0.00625047931334843,12.675402232207567,4.931188138129671,5.565168888840736,-0.6339807507110655,0.13228227950207483,period,0.03,0.1,
ALL,115444.0,0.8112764630470185,0.185509857593292,0.006215574347330293,12.622293059838537,4.924283026755997,5.417048640646127,-0.49276561389012974,0.13208536658019443,all,0.03,0.1,
above MA200,30025.0,0.8062614487926728,0.18384679433805162,0.005976012934275019,13.462014987510408,4.439166751648514,4.9366125862061425,-0.4974458345576282,0.11833635050901425,trend_x_period,0.03,0.1,test
above MA200,44868.0,0.8099090665953463,0.19006864580547383,0.005684617532405636,14.455625390032985,3.932460463678815,4.2638316372567076,-0.3313711735778921,0.1041529984908649,trend_x_period,0.03,0.1,train
beaten-down,8953.0,0.8112364570535017,0.18451915559030493,0.006527877047715024,9.502289735284263,6.869793733478219,6.207197746194158,0.662595987284062,0.18893668395427343,trend_x_period,0.03,0.1,test
beaten-down,14460.0,0.8208160442600276,0.17918395573997234,0.007459876732517637,7.87704011065007,9.470405923706785,11.43750439732452,-1.9670984736177362,0.2693961220698151,trend_x_period,0.03,0.1,train
below MA200,7476.0,0.8130016051364366,0.1823167469234885,0.006481584479065007,12.496120920278223,5.186877208067779,5.389667909663332,-0.20279070159555357,0.1395978291359674,trend_x_period,0.03,0.1,test
below MA200,9662.0,0.8176361001862968,0.18236389981370316,0.007068239581010872,11.589629476298903,6.098762342200507,7.129480729487844,-1.0307183872873376,0.16607331637925538,trend_x_period,0.03,0.1,train
low vol,15081.0,0.8118825011604005,0.18075724421457462,0.006387153637702483,18.760029175784098,3.4046608232076614,3.690894882725637,-0.286234059517976,0.08956970309590573,vol_x_period,0.03,0.1,test
low vol,23386.0,0.8192508338322073,0.18074916616779269,0.00683960019608805,19.15060292482682,3.5714803460423696,3.8944892533463755,-0.32300890730400594,0.09415813014808005,vol_x_period,0.03,0.1,train
mid vol,16671.0,0.8060104372863056,0.18415212044868334,0.005771930932346324,11.89568712134845,4.8521206664790295,5.2109839498669,-0.3588632833878715,0.1300295537157088,vol_x_period,0.03,0.1,test
mid vol,21795.0,0.8069740766230787,0.19298004129387475,0.0052174049694203506,12.355632025693966,4.222693714551045,4.676962279585444,-0.45426856503439944,0.11225492726317254,vol_x_period,0.03,0.1,train
high vol,14687.0,0.8075168516375025,0.1860148430584871,0.00641757660849016,6.903179682712603,9.296551594276877,9.400867847926301,-0.10431625364942429,0.2638520894299463,vol_x_period,0.03,0.1,test
high vol,23779.0,0.8132806257622271,0.18671937423777282,0.00663197475970341,6.604272677572649,10.041945697101264,11.865578496405517,-1.8236327993042525,0.2877932019715783,vol_x_period,0.03,0.1,train
6m losers,15219.0,0.8074117878967081,0.1865431368683882,0.005925136956378621,10.945462908206848,5.41332697033397,5.226703012173357,0.1866239581606126,0.14611610886324033,mom_x_period,0.03,0.1,test
6m losers,23118.0,0.8258067306860455,0.17419326931395449,0.008006903228555295,9.446448654727918,8.476098818943843,9.791110931330453,-1.31501211238661,0.23801243371554426,mom_x_period,0.03,0.1,train
6m middle,15569.0,0.8139893377866273,0.17483460723232064,0.006847532539592872,14.688547755154474,4.661817256365559,4.864336643006016,-0.20251938664045682,0.12462587002378167,mom_x_period,0.03,0.1,test
6m middle,22768.0,0.8139054813773717,0.18605059732958537,0.006158030250051255,15.209899859451863,4.048698746839205,4.463436585074614,-0.41473783823540944,0.10739073632228546,mom_x_period,0.03,0.1,train
6m winners,15530.0,0.8037347070186736,0.18956857694784288,0.005752657616080836,12.023953638119767,4.784331168612524,5.565330299689807,-0.7809991310772825,0.12810170550447952,mom_x_period,0.03,0.1,test
6m winners,22807.0,0.8000175384750295,0.1999824615249704,0.004571758620024396,13.4560003507695,3.3975613115697887,3.764582210491101,-0.3670208989213123,0.08937485439433668,mom_x_period,0.03,0.1,train
above MA200,74893.0,0.9060526350927323,0.08330551586930687,0.010634643351098927,23.184543281748628,4.586953998559354,4.752206426986103,-0.16525242842674878,0.12250718138319328,trend,0.03,0.2,
beaten-down,23413.0,0.918122410626575,0.07824712766411822,0.01298382550672986,13.944945115961218,9.310775624257372,9.763843021935582,-0.4530673976782084,0.2643047715601039,trend,0.03,0.2,
below MA200,17138.0,0.9113082039911308,0.08198156144240869,0.011780254661747692,19.728906523514997,5.971063144177169,6.341184957541885,-0.3701218133647156,0.162329156557379,trend,0.03,0.2,
low vol,38467.0,0.9065692671640627,0.08292822419216471,0.010617337240386049,30.40101905529415,3.492428073241547,3.61270433923849,-0.12027626599694344,0.0919813765491182,vol,0.03,0.2,
mid vol,38466.0,0.9062288774502157,0.08459418707429939,0.010492697199233382,20.703556387459056,5.068065120246304,5.264896446735791,-0.19683132648948623,0.13619264581240698,vol,0.03,0.2,
high vol,38466.0,0.9151978370509021,0.07856288670514221,0.012771781494992585,11.299823220506422,11.302638320761442,11.903698973518596,-0.6010606527571548,0.32931748631169566,vol,0.03,0.2,
6m losers,38337.0,0.9156950204763022,0.07833163784333673,0.012588067038190993,16.484101520724106,7.636489633581213,8.009097090076429,-0.3726074564952141,0.21211418835723062,mom,0.03,0.2,
6m middle,38337.0,0.9062002764952918,0.08187912460547252,0.010685685527102686,24.450296058637868,4.370370608795805,4.545674539370747,-0.17530393057494242,0.11640006418821702,mom,0.03,0.2,
6m winners,38337.0,0.9059916008034015,0.08589613167436158,0.010588151702776223,21.55160810705063,4.912928840475853,5.094597424375333,-0.18166858389948004,0.13176165363019132,mom,0.03,0.2,
NASDAQ-100,21367.0,0.9131838816867132,0.08012355501474236,0.012413472974166668,17.70973931763935,7.009404684913986,7.56415486097269,-0.5547501760587036,0.1931240520207691,index,0.03,0.2,
S&P-only,94077.0,0.9083941877398302,0.08252814184125769,0.011023969497719218,21.49901676286446,5.127662171398028,5.300751821350045,-0.17308964995201753,0.13789944308986835,index,0.03,0.2,
(NASDAQ-only),2411.0,0.8971381169639154,0.09746992948983824,0.011280212297414372,14.52094566569888,7.7682353182136685,8.532671416363677,-0.7644360981500083,0.21614197692576154,sector,0.03,0.2,
Communication Services,5190.0,0.9034682080924855,0.08901734104046242,0.010364224607178908,19.059537572254335,5.437815355114643,5.447939673680628,-0.010124318565984383,0.14682321998772174,sector,0.03,0.2,
Consumer Discretionary,10681.0,0.9019754704615672,0.09156446025653028,0.009927812996006145,16.669693848890553,5.955606075313067,6.465743615021354,-0.5101375397082862,0.1618767661600471,sector,0.03,0.2,
Consumer Staples,7706.0,0.9100700752660265,0.07370879833895666,0.012506524453696951,29.86348300025954,4.187898797199329,4.047285680738129,0.14061311646119934,0.11128050368204812,sector,0.03,0.2,
Energy,4759.0,0.8909434755200673,0.10422357638159277,0.006466959181097767,16.248791762975415,3.9799631107547433,4.368224612789968,-0.3882615020352247,0.10547501137874038,sector,0.03,0.2,
Financials,17355.0,0.9120714491501009,0.07963123019302795,0.011463049332371111,21.41290694324402,5.353336360520547,5.440827008679922,-0.0874906481593751,0.14438569237529508,sector,0.03,0.2,
Health Care,13283.0,0.9124444779040879,0.08251148084017165,0.011325487579094705,21.28976887751261,5.319685546730988,5.655678204616266,-0.3359926578852773,0.14341618123912414,sector,0.03,0.2,
Industrials,18167.0,0.9146804645786316,0.07684262674079374,0.012377911105947973,20.88875433478285,5.9256339117057495,6.228313532463026,-0.3026796207572762,0.1610000543071597,sector,0.03,0.2,
Information Technology,16249.0,0.9092867253369438,0.08720536648409133,0.01099255831879019,15.115884054403347,7.2721901538984035,7.89387646240964,-0.6216863085112365,0.20104569445586074,sector,0.03,0.2,
Materials,5682.0,0.8984512495600141,0.09521295318549806,0.008887981165948904,21.188665962689193,4.194686527976616,4.160711720071277,0.033974807905338855,0.1114705257260038,sector,0.03,0.2,
Real Estate,6916.0,0.9052920763447079,0.07807981492192019,0.010428378135469606,25.922932330827066,4.02283892978742,4.281928883488155,-0.2590899537007358,0.10666961191303415,sector,0.03,0.2,
Utilities,7045.0,0.9261887863733144,0.051809794180269694,0.0159934414609265,28.720936834634493,5.56856538246345,5.599684335109909,-0.03111895264645923,0.15060603543054585,sector,0.03,0.2,
test,46454.0,0.904529211693288,0.07824945106987558,0.0114382847457693,20.810048650277693,5.496519944760757,5.665623244209586,-0.1691032994488291,0.1485201065319477,period,0.03,0.2,
train,68990.0,0.9124800695753008,0.08466444412233658,0.011175338105464316,20.789346282069864,5.3755120309399445,5.651983093439231,-0.2764710624992867,0.14502504153008489,period,0.03,0.2,
ALL,115444.0,0.9092806902047746,0.08208308790409202,0.011281146317486834,20.797676795675827,5.4242338835808654,5.657475076524051,-0.2332411929431848,0.14643099634680734,all,0.03,0.2,
above MA200,30025.0,0.9028143213988343,0.07603663613655287,0.011455003390966072,22.304845961698586,5.135656803295734,5.41030923212825,-0.2746524288325155,0.13812859517614529,trend_x_period,0.03,0.2,test
above MA200,44868.0,0.9082196665775163,0.08816974235535348,0.01008567058215422,23.773223678345367,4.242449706701363,4.339015098459584,-0.09656539175822185,0.11280856796488248,trend_x_period,0.03,0.2,train
beaten-down,8953.0,0.904389590081537,0.08700994080196582,0.01058299134699568,15.64045571316877,6.766421350552552,6.40967905690557,0.3567422936469821,0.18584565813433307,trend_x_period,0.03,0.2,test
beaten-down,14460.0,0.9266251728907331,0.07282157676348548,0.014470317085713266,12.895159059474413,11.221511125976802,12.28272187178964,-1.061210745812839,0.3266056496666774,trend_x_period,0.03,0.2,train
below MA200,7476.0,0.9115837346174425,0.07664526484751204,0.012395409475195077,20.997592295345104,5.90325276386235,6.091129802051463,-0.18787703818911283,0.16034581601750175,trend_x_period,0.03,0.2,test
below MA200,9662.0,0.9110950113848064,0.08611053612088594,0.011304276873988156,18.747257296625957,6.029829694620261,6.557890406478461,-0.5280607118582001,0.16405071106339042,trend_x_period,0.03,0.2,train
low vol,15081.0,0.9114780186990252,0.07061865924010344,0.012902811549501155,31.145481068894636,4.14275558016259,4.277403791737426,-0.13464821157483622,0.11001754547843934,vol_x_period,0.03,0.2,test
low vol,23386.0,0.9034037458308389,0.09086633028307535,0.00914349656409404,29.92093560249722,3.0558859139855636,3.1665147944905616,-0.11062888050499832,0.080038362130197,vol_x_period,0.03,0.2,train
mid vol,16671.0,0.9009057645012297,0.08115889868634155,0.010665523915240772,19.889088836902406,5.362500013299682,5.641888969954902,-0.2793889566552203,0.1446498475207192,vol_x_period,0.03,0.2,test
mid vol,21795.0,0.9103005276439551,0.08722183987153016,0.010360502008475906,21.32654278504244,4.858031661719843,4.995970971669992,-0.13793930995014922,0.130197810459735,vol_x_period,0.03,0.2,train
high vol,14687.0,0.9017498468032954,0.08252195819432151,0.010871473371754694,11.254034179886975,9.66006784587878,9.701953591763715,-0.0418857458849356,0.2754718723152636,vol_x_period,0.03,0.2,test
high vol,23779.0,0.9235039320408764,0.07611758274107405,0.013945498867716202,11.328104630135835,12.310531481689699,13.254705914352988,-0.9441744326632887,0.3634722866418987,vol_x_period,0.03,0.2,train
6m losers,15219.0,0.9031473815625205,0.08436822393061305,0.010633048540842651,18.475392601353573,5.755249033280969,5.667669288650034,0.08757974463093521,0.1560286536084674,mom_x_period,0.03,0.2,test
6m losers,23118.0,0.9239553594601609,0.07435764339475733,0.013875091283849977,15.173198373561727,9.14447365825414,9.885962664268556,-0.7414890060144153,0.25902226227831227,mom_x_period,0.03,0.2,train
6m middle,15569.0,0.9050677628620978,0.07232320637163595,0.011922354404435846,24.270087995375427,4.912365545072439,5.073018518392769,-0.1606529733203302,0.13174559622599324,mom_x_period,0.03,0.2,test
6m middle,22768.0,0.9069747013352073,0.08841356289529163,0.00984003822601344,24.57352424455376,4.0043251949073975,4.189523896361508,-0.18519870145411063,0.10615362697018238,mom_x_period,0.03,0.2,train
6m winners,15530.0,0.9056020605280103,0.07778493238892466,0.011815974772802322,19.735350933676756,5.987212901615715,6.393741681945987,-0.4065287803302722,0.16280200766100816,mom_x_period,0.03,0.2,test
6m winners,22807.0,0.9062568509668084,0.09141930109177007,0.009752088552098567,22.788354452580347,4.279417617621938,4.3284849062356106,-0.04906728861367254,0.11384529189213999,mom_x_period,0.03,0.2,train
above MA200,74893.0,0.9394068871590135,0.010321391852376056,0.015827529686390993,33.12651382639232,4.777903817268268,4.86549759149596,-0.087593774227692,0.1279190898131073,trend,0.03,0.5,
beaten-down,23413.0,0.9597659419980353,0.010592405928330415,0.019843872053222848,21.913979413146542,9.05534849654837,9.271700292750353,-0.21635179620198264,0.25620029425414614,trend,0.03,0.5,
below MA200,17138.0,0.950110864745011,0.012020072353833585,0.01756824188637599,28.842338662621074,6.091129464873796,6.289045047017617,-0.19791558214382177,0.16584918208113786,trend,0.03,0.5,
low vol,38467.0,0.9342813320508487,0.01008656770738555,0.014958617271401438,40.72560896352718,3.67302482445333,3.7536178058723975,-0.08059298141906764,0.0969605631685031,vol,0.03,0.5,
mid vol,38466.0,0.940284926948474,0.01073675453647377,0.015320600703566683,31.134898351791193,4.9207164675664625,5.0148109436310415,-0.09409447606457912,0.1319836724425958,vol,0.03,0.5,
high vol,38466.0,0.9607705506161285,0.011048718348671554,0.02041927464763732,18.7954297301513,10.863957324094098,11.122357797406345,-0.25840047331224725,0.314719217438157,vol,0.03,0.5,
6m losers,38337.0,0.9553173174739807,0.010746798132352558,0.01898265114766959,24.880402744085348,7.629559433953379,7.8199420063931235,-0.1903825724397447,0.21190268339760143,mom,0.03,0.5,
6m middle,38337.0,0.9379972350470824,0.010199024441140413,0.015771471761216297,34.40368312596186,4.584239339570814,4.686096471483014,-0.1018571319121996,0.12243042915389934,mom,0.03,0.5,
6m winners,38337.0,0.9417794819625949,0.010825051516811436,0.015932721007624988,31.48363200041735,5.060636272020262,5.141675641737466,-0.08103936971720453,0.13598007017804448,mom,0.03,0.5,
NASDAQ-100,21367.0,0.9570833528338092,0.010015444376842795,0.020505545332053513,26.047877568212666,7.8722518863023625,8.16458875248355,-0.29233686618118737,0.219331433649804,index,0.03,0.5,
S&P-only,94077.0,0.9424088778341146,0.010767775332971928,0.016081702217584655,31.163313030815182,5.160459737282298,5.250318835724167,-0.08985909844186954,0.13883982027613428,index,0.03,0.5,
(NASDAQ-only),2411.0,0.953961012028204,0.01783492326835338,0.021205912651038432,22.653255910410618,9.36108819628571,9.759045126938192,-0.3979569306524823,0.2659072738551955,sector,0.03,0.5,
Communication Services,5190.0,0.9402697495183044,0.014836223506743738,0.01421232611926952,28.96878612716763,4.906082725344454,4.8239471737915816,0.08213555155287271,0.13156651236984174,sector,0.03,0.5,
Consumer Discretionary,10681.0,0.9471023312423931,0.013856380488718284,0.016626767331862635,26.3599850201292,6.307578444815497,6.515041306100126,-0.20746286128462918,0.1722217363427796,sector,0.03,0.5,
Consumer Staples,7706.0,0.9310926550739683,0.004412146379444588,0.016533220538181903,39.102647287827665,4.2281588805187,4.112028518463678,0.11613036205502245,0.11240805528035724,sector,0.03,0.5,
Energy,4759.0,0.933809623870561,0.03214961126287035,0.005128420796370145,26.485396091615886,1.9363202191239186,2.1454499993643306,-0.20912978024041223,0.0500004008889281,sector,0.03,0.5,
Financials,17355.0,0.9431287813310285,0.010544511668107173,0.016479397970744776,30.790492653414002,5.352105975127217,5.384658983868923,-0.03255300874170598,0.14435022941430842,sector,0.03,0.5,
Health Care,13283.0,0.9492584506512083,0.00888353534593089,0.01769856613042511,31.361891139049913,5.643335107552852,5.824300388233556,-0.1809652806807028,0.15277483071556164,sector,0.03,0.5,
Industrials,18167.0,0.9502944900093576,0.005944845048714702,0.019360076136898666,29.879231573732593,6.479442447883593,6.656506793202535,-0.17706434531894227,0.17730634875346718,sector,0.03,0.5,
Information Technology,16249.0,0.9576589328574067,0.011200689273186043,0.01919441495164447,24.601575481568098,7.802108025977946,8.128974459735726,-0.3268664337577798,0.21717970122232022,sector,0.03,0.5,
Materials,5682.0,0.9368180218233016,0.012847588877155931,0.014092342773047564,32.46180922210489,4.34120682449559,4.305591459491069,0.035615365004520984,0.11558024961438274,sector,0.03,0.5,
Real Estate,6916.0,0.9321862348178138,0.01026604973973395,0.014155976045650937,35.47672064777328,3.99021549545038,4.146882149197989,-0.15666665374760885,0.10576054510292443,sector,0.03,0.5,
Utilities,7045.0,0.9399574166075231,0.005251951738821859,0.019034666483329597,35.64371894960965,5.340258268291069,5.402200313731111,-0.06194204544004295,0.14400880318192,sector,0.03,0.5,
test,46454.0,0.940930813277651,0.005747621302794162,0.018603275446074104,29.391570155422567,6.329459551735418,6.434750616192344,-0.10529106445692546,0.17286787383507374,period,0.03,0.5,
train,68990.0,0.94794897811277,0.013915060153645456,0.015753931425739564,30.77199594144079,5.119567627566099,5.252584350933252,-0.13301672336715342,0.13766747402312984,period,0.03,0.5,
ALL,115444.0,0.9451249090468106,0.010628529849970548,0.01690049103144121,30.21652056408302,5.593129425871106,5.715294094909742,-0.12216466903863668,0.15131809952682174,all,0.03,0.5,
above MA200,30025.0,0.9371190674437968,0.004529558701082431,0.01847049636071723,30.90850957535387,5.975861215723392,6.1679956450205795,-0.1921344292971875,0.1624696199927631,trend_x_period,0.03,0.5,test
above MA200,44868.0,0.9409378621734866,0.014197200677543015,0.01405889559535406,34.61076936792369,4.062000311493641,4.087120226837251,-0.025119915343609273,0.10776184476184802,trend_x_period,0.03,0.5,train
beaten-down,8953.0,0.9477270188763542,0.008600469116497263,0.01889692927467514,24.491902155702,7.715582544198477,7.4452351136572625,0.27034743054121485,0.21453065575607932,trend_x_period,0.03,0.5,test
beaten-down,14460.0,0.9672199170124481,0.011825726141078838,0.020430177633882433,20.31784232365145,10.055288995967949,10.634891005390473,-0.5796020094225234,0.288225861866519,trend_x_period,0.03,0.5,train
below MA200,7476.0,0.9481005885500268,0.0072231139646869984,0.018784871126969648,29.1669341894061,6.440468170217429,6.55390147800729,-0.11343330778986155,0.17615136859488367,trend_x_period,0.03,0.5,test
below MA200,9662.0,0.9516663216725315,0.015731732560546472,0.016626871548694543,28.59118194990685,5.815384469878032,6.079984802273184,-0.26460033239515157,0.15778082807154736,trend_x_period,0.03,0.5,train
low vol,15081.0,0.9337577083747762,0.0033817386114979114,0.017827790920591648,40.155427358928456,4.439696472717949,4.550475641499154,-0.11077916878120427,0.1183512726234901,vol_x_period,0.03,0.5,test
low vol,23386.0,0.9346190028222013,0.014410330967245361,0.013108364650028069,41.093303685965964,3.189902848941491,3.251473853345266,-0.061571004403774936,0.0836909202222158,vol_x_period,0.03,0.5,train
mid vol,16671.0,0.9372563133585268,0.006238378021714354,0.017230184071950597,29.505848479395357,5.839582645448359,6.024893689067825,-0.18531104361946618,0.15848663976944133,vol_x_period,0.03,0.5,test
mid vol,21795.0,0.9426015141087405,0.014177563661390228,0.013859959990819343,32.38095893553567,4.280280895452135,4.310798828996691,-0.03051793354455598,0.1138695130496028,vol_x_period,0.03,0.5,train
high vol,14687.0,0.9524068904473344,0.007625791516306938,0.020947010555933513,18.209981616395453,11.503037727986372,11.449392212407727,0.053645515578645914,0.33603992071782196,vol_x_period,0.03,0.5,test
high vol,23779.0,0.9659363303755415,0.013162874805500652,0.0200933207687885,19.157029311577443,10.488745641081842,10.930352014552955,-0.44160637347111403,0.30235982597110134,vol_x_period,0.03,0.5,train
6m losers,15219.0,0.9449372494907681,0.008016295420198436,0.018501024446220638,27.314409619554503,6.773356885215515,6.7167708252479255,0.05658605996758923,0.1860527927433786,mom_x_period,0.03,0.5,test
6m losers,23118.0,0.9621507050782939,0.012544337745479714,0.019299714767764393,23.278051734579115,8.290949340530513,8.672107519695745,-0.38115817916523054,0.23225442676971908,mom_x_period,0.03,0.5,train
6m middle,15569.0,0.9346136553407413,0.004560344273877577,0.017965223603100215,32.645963131864605,5.503045975557381,5.604922413812114,-0.10187643825473229,0.14870889921882124,mom_x_period,0.03,0.5,test
6m middle,22768.0,0.9403109627547435,0.014054813773717497,0.014271360972992005,35.60563070976809,4.008175305002189,4.1100203324202145,-0.10184502741802504,0.10626091128756476,mom_x_period,0.03,0.5,train
6m winners,15530.0,0.9432710882163554,0.004571796522858983,0.01940005015752336,28.242949130714745,6.868988811237646,7.121988627241039,-0.25299981600339316,0.18891258431389257,mom_x_period,0.03,0.5,test
6m winners,22807.0,0.940763800587539,0.015083088525452712,0.013571708086244628,33.6903143771649,4.02837086478583,4.011249717532905,0.017121147252924847,0.10682383559201503,mom_x_period,0.03,0.5,train
above MA200,74893.0,0.941383039803453,0.0,0.017898598213554294,34.35371797097192,5.210090572635598,5.287237060722,-0.07714648808640197,0.14026431586125243,trend,0.03,none,
beaten-down,23413.0,0.9617733737667108,0.0,0.021472497157611674,23.069534019561782,9.307729033193343,9.522065152479481,-0.21433611928613747,0.26420779970176467,trend,0.03,none,
below MA200,17138.0,0.9518030108530751,0.0,0.019458299908689705,30.358151476251603,6.409579952162578,6.6027015664213415,-0.19312161425876417,0.17523681583713802,trend,0.03,none,
low vol,38467.0,0.9360490810304937,0.0,0.017351841496305063,42.03387319000702,4.1280615321526515,4.208786703202624,-0.08072517104997196,0.10960676300495331,vol,0.03,none,
mid vol,38466.0,0.9421567098216607,0.0,0.017155701432812198,32.29888732906983,5.3115456449088345,5.394240572598423,-0.0826949276895887,0.14318178603008436,vol,0.03,none,
high vol,38466.0,0.962954297301513,0.0,0.02206453251547556,20.086621951853584,10.984690491195039,11.219143166268147,-0.23445267507310766,0.31872093172911553,vol,0.03,none,
6m losers,38337.0,0.9570910608550487,0.0,0.0207356336545939,26.11495422177009,7.9401378530114926,8.13261530838858,-0.1924774553770873,0.22141751062817838,mom,0.03,none,
6m middle,38337.0,0.9395883871977463,0.0,0.017808323736696312,35.66575371051464,4.993115771852096,5.091885770454239,-0.0987699986021418,0.13404979421609386,mom,0.03,none,
6m winners,38337.0,0.9442053368808201,0.0,0.018010561118266155,32.73714688160263,5.501567129048619,5.561202739570805,-0.059635610522185696,0.1486661147009818,mom,0.03,none,
NASDAQ-100,21367.0,0.9583001825244536,0.0,0.021772073620417297,27.20789067253241,8.002117430733866,8.282685516819294,-0.280568086085428,0.22332519351991165,index,0.03,none,
S&P-only,94077.0,0.9445135367836984,0.0,0.018192414073009894,32.44052212549295,5.607928874459646,5.6903768940826875,-0.08244801962304098,0.15174731877437053,index,0.03,none,
(NASDAQ-only),2411.0,0.9556200746578183,0.0,0.02309412740705944,24.97428452924098,9.247162768574945,9.608221355432738,-0.3610585868577931,0.26228153488500117,sector,0.03,none,
Communication Services,5190.0,0.9420038535645472,0.0,0.015605101330478802,30.61791907514451,5.096721724353551,5.01264783288229,0.08407389147126187,0.13701302250070002,sector,0.03,none,
Consumer Discretionary,10681.0,0.9514090440969947,0.0,0.01985289263027973,27.95449864244921,7.101859662806794,7.299754299755801,-0.1978946369490071,0.19590514681161597,sector,0.03,none,
Consumer Staples,7706.0,0.9314819621074487,0.0,0.017183042235013088,39.57591487152868,4.341792802716671,4.232533293689354,0.10925950902731726,0.11559671597143928,sector,0.03,none,
Energy,4759.0,0.9392729565034671,0.0,0.011453189389567187,30.353015339357007,3.773328370020785,4.102510707798197,-0.3291823377774114,0.09973576745819379,sector,0.03,none,
Financials,17355.0,0.9451454912129069,0.0,0.018658054591851228,32.376375684240855,5.762860788934138,5.785518100157443,-0.022657311223305304,0.1562502922942921,sector,0.03,none,
Health Care,13283.0,0.9499360084318301,0.0,0.018557533172297754,32.309945042535574,5.74359787609265,5.912106175673792,-0.16850829958114175,0.1556894778067599,sector,0.03,none,
Industrials,18167.0,0.9516706115484119,0.0,0.020616189806710473,30.60334672758298,6.73658014929752,6.896543463565873,-0.15996331426835303,0.18495484067303836,sector,0.03,none,
Information Technology,16249.0,0.9592590313250046,0.0,0.02117738425249134,25.658994399655363,8.253396030506863,8.539823031664808,-0.28642700115794495,0.2310898054578534,sector,0.03,none,
Materials,5682.0,0.941921858500528,0.0,0.01760545636340731,33.759943681802184,5.214895063020286,5.181199670982929,0.03369539203735726,0.14040230768778428,sector,0.03,none,
Real Estate,6916.0,0.9336321573163678,0.0,0.015913379118759122,36.846587622903414,4.318820315634208,4.46856643015611,-0.14974611452190215,0.11495135586692529,sector,0.03,none,
Utilities,7045.0,0.9402413058907026,0.0,0.020157161136941857,36.268275372604684,5.5577942236998705,5.588839139171952,-0.03104491547208186,0.150293938735087,sector,0.03,none,
test,46454.0,0.9412752400223877,0.0,0.019162347987226703,29.936001205493607,6.4011047620181785,6.504289431974554,-0.10318466995637518,0.17498600231836514,period,0.03,none,
train,68990.0,0.9509639078127264,0.0,0.01864797684295374,32.50631975648645,5.736723499507399,5.857671258131933,-0.12094775862453422,0.15548940493594032,period,0.03,none,
ALL,115444.0,0.9470652437545477,0.0,0.018854956825768408,31.472038390908146,5.991018627892674,6.10516747876909,-0.11414885087641588,0.16291346396818418,all,0.03,none,
above MA200,30025.0,0.9374188176519567,0.0,0.018902838157603814,31.32622814321399,6.034189009664932,6.2282581195913735,-0.19406910992644083,0.1641785174775714,trend_x_period,0.03,none,test
above MA200,44868.0,0.9440358384594811,0.0,0.017226575740520347,36.37966925202817,4.73522054892238,4.744992745648716,-0.009772196726335865,0.126707107747563,trend_x_period,0.03,none,train
beaten-down,8953.0,0.9478387132804647,0.0,0.019480173652881,25.2675080978443,7.70957451658755,7.43659304139799,0.27298147518956073,0.21434692863617122,trend_x_period,0.03,none,test
beaten-down,14460.0,0.9704011065006916,0.0,0.022706056793701145,21.708644536652834,10.45945395409846,11.02498003162794,-0.5655260775294787,0.30139984823663135,trend_x_period,0.03,none,train
below MA200,7476.0,0.9489031567683253,0.0,0.019823970439049102,29.943418940609952,6.6204765990043235,6.721933056987298,-0.10145645798297466,0.18149526257023396,trend_x_period,0.03,none,test
below MA200,9662.0,0.9540467812047195,0.0,0.01917536129505207,30.679051956116744,6.250310903505254,6.5126580007373205,-0.2623470972320662,0.1705323339569329,trend_x_period,0.03,none,train
low vol,15081.0,0.9338240169750016,0.0,0.01807898844120173,40.43710629268616,4.470890748300569,4.583498816284667,-0.11260806798409789,0.1192303576190219,vol_x_period,0.03,none,test
low vol,23386.0,0.9374839647652442,0.0,0.016882924063824665,43.063585050885145,3.920464133182439,3.981882879448871,-0.06141874626643226,0.10381938614774588,vol_x_period,0.03,none,train
mid vol,16671.0,0.9373762821666367,0.0,0.017687405585284505,30.097174734569013,5.87676608893429,6.054601861735703,-0.1778357728014128,0.1595720407329666,vol_x_period,0.03,none,test
mid vol,21795.0,0.9458132599220005,0.0,0.016749000816805505,33.98297774718972,4.928644258724676,4.946887233444197,-0.018242974719521153,0.13220973177568607,vol_x_period,0.03,none,train
high vol,14687.0,0.95329202696262,0.0,0.02193839791683721,18.971539456662356,11.563846975598475,11.512612140326317,0.05123483527215769,0.3380864662777596,vol_x_period,0.03,none,test
high vol,23779.0,0.9689221582068211,0.0,0.022142439023327083,20.77534799613104,10.658035199916089,11.053621073735505,-0.3955858738194156,0.3079217937993619,vol_x_period,0.03,none,train
6m losers,15219.0,0.9452000788488074,0.0,0.019178274789558095,28.05118601747815,6.836885534040693,6.774074125705588,0.0628114083351056,0.18795179807183926,mom_x_period,0.03,none,test
6m losers,23118.0,0.9649191106497101,0.0,0.02176087132943514,24.840297603598927,8.760310233272877,9.142572809791048,-0.3822625765181713,0.24690337544893048,mom_x_period,0.03,none,train
6m middle,15569.0,0.9348063459438628,0.0,0.018332780362410022,33.0576787205344,5.545695000968798,5.646562112732577,-0.10086711176377958,0.1499434616472013,mom_x_period,0.03,none,test
6m middle,22768.0,0.9428583977512298,0.0,0.017449694730822418,37.449183063949405,4.659566191610848,4.757070324292005,-0.09750413268115685,0.12456210508867605,mom_x_period,0.03,none,train
6m winners,15530.0,0.9437218287186091,0.0,0.01996246785684994,28.720283322601418,6.950651437738597,7.205696802531318,-0.25504536479272116,0.19136007167365676,mom_x_period,0.03,none,test
6m winners,22807.0,0.9445345727189021,0.0,0.016681446738899902,35.4723549787346,4.702661198812511,4.654563939289445,0.04809725952306611,0.12578346433387466,mom_x_period,0.03,none,train
above MA200,74893.0,0.5505454448346307,0.44750510728639525,0.004800231742830036,12.960784051914064,3.703658454305572,3.9401611005857586,-0.2365026462801867,0.09780739552242834,trend,0.05,0.05,
beaten-down,23413.0,0.5627215649425533,0.43621065220176825,0.006427255953715821,7.935335070260112,8.099539460915471,9.031748776413416,-0.9322093154979453,0.2263297676114009,trend,0.05,0.05,
below MA200,17138.0,0.5664021472750612,0.43283930446959973,0.006549609887286113,11.275061267359085,5.808935075365851,6.213862361392195,-0.4049272860263443,0.1575927846166547,trend,0.05,0.05,
low vol,38467.0,0.5628460758572282,0.43585410871656227,0.005992372772719162,17.685496659474353,3.3882977041014954,3.395356739830536,-0.007059035729040401,0.08912066347609437,vol,0.05,0.05,
mid vol,38466.0,0.5472105235792648,0.45047574481360164,0.004321180732739627,11.215229033432122,3.8529580803551764,4.130574654354679,-0.2776165739995024,0.10194394559183606,vol,0.05,0.05,
high vol,38466.0,0.5562314771486507,0.44259865855560754,0.0058747377430487585,6.175141683564706,9.513527047783404,11.01706702492839,-1.5035399771449869,0.27077495455649503,vol,0.05,0.05,
6m losers,38337.0,0.5676500508646999,0.4310196415994992,0.006768581385241553,9.441714270808879,7.168805569734407,7.829975786567103,-0.6611702168326963,0.19792294467447813,mom,0.05,0.05,
6m middle,38337.0,0.5660328142525498,0.4316717531366565,0.006378736650302397,14.078931580457521,4.530696533220248,4.760188360566087,-0.22949182734583784,0.12091766789489333,mom,0.05,0.05,
6m winners,38337.0,0.5328533792419855,0.46597281999113127,0.0030675500019758896,11.565719800714714,2.652277640157189,2.9121875749517394,-0.2599099347945505,0.0691121466432909,mom,0.05,0.05,
NASDAQ-100,21367.0,0.560677680535405,0.43824589319979407,0.006154360201760091,9.997098329199233,6.156146512818241,6.893869334467793,-0.7377228216495519,0.16775973867320593,index,0.05,0.05,
S&P-only,94077.0,0.5541630791798208,0.4441255567248105,0.0052162813373876704,12.07612912826727,4.319497814227267,4.604179676553684,-0.28468186232641746,0.11497038333604648,index,0.05,0.05,
(NASDAQ-only),2411.0,0.5512235586893405,0.4483616756532559,0.006241650578926373,8.714226462048943,7.162598546307228,8.087303870261012,-0.9247053239537842,0.19773571797691392,sector,0.05,0.05,
Communication Services,5190.0,0.5385356454720617,0.4601156069364162,0.004173465344445149,10.151830443159923,4.11104713363011,4.414276534875121,-0.30322940124501196,0.10913130266048565,sector,0.05,0.05,
Consumer Discretionary,10681.0,0.5558468308210842,0.44237430952158036,0.005599248403017655,9.590768654620353,5.838164389796033,6.372372281911045,-0.5342078921150126,0.1584452603081543,sector,0.05,0.05,
Consumer Staples,7706.0,0.5437321567609655,0.45380223202699194,0.003986713737790826,15.850765637165845,2.5151553111371725,2.3687787999035304,0.14637651123364198,0.06542517453634322,sector,0.05,0.05,
Energy,4759.0,0.5494851859634377,0.4500945576801849,0.00496601875079815,8.23996637949149,6.026746375031467,6.371552163631825,-0.3448057886003579,0.16396032272664107,sector,0.05,0.05,
Financials,17355.0,0.555229040622299,0.4421204263900893,0.005276859853989379,12.48510515701527,4.226524156285827,4.304315030935219,-0.07779087464939122,0.11236224988112231,sector,0.05,0.05,
Health Care,13283.0,0.5480689603252278,0.4508770609049161,0.004271501718317517,11.308439358578635,3.7772689783910245,4.468261094652349,-0.6909921162613251,0.09984493908797121,sector,0.05,0.05,
Industrials,18167.0,0.5619529916882259,0.43711124566521714,0.006185743429709715,12.024109649364231,5.144450283715421,5.698999948388259,-0.5545496646728384,0.13838069793560415,sector,0.05,0.05,
Information Technology,16249.0,0.5575727737091514,0.44218105729583357,0.005734746993090376,8.642316450243092,6.635659578201477,7.672342012638342,-1.0366824344368655,0.1819471026949946,sector,0.05,0.05,
Materials,5682.0,0.5392467441041887,0.45969728968673,0.003544429877874617,10.891235480464625,3.254387332118734,3.740726940383309,-0.4863396082645748,0.08545279113494564,sector,0.05,0.05,
Real Estate,6916.0,0.5559572006940428,0.4407171775592828,0.005354771479715197,14.090803932909196,3.800188765105929,3.7829558237613785,0.017232941344550973,0.10048012877803925,sector,0.05,0.05,
Utilities,7045.0,0.589638041163946,0.40667139815471964,0.008560869076709277,18.041305890702628,4.745149341501393,4.5834849029975135,0.16166443850387888,0.12698891781562693,sector,0.05,0.05,
test,46454.0,0.5532354587333707,0.442803633702157,0.005177446718018388,11.375834158522409,4.551267753969156,4.949953084521261,-0.3986853305521052,0.12149863250005577,period,0.05,0.05,
train,68990.0,0.5568053341063922,0.4431946658936078,0.005532964255248609,11.903768662124946,4.6480777746069855,4.977238295993079,-0.3291605213860937,0.1242367337638417,period,0.05,0.05,
ALL,115444.0,0.5553688368386404,0.44303731679428987,0.005389906048026989,11.691330861716503,4.610173223030018,4.9665551694044465,-0.3563819463744288,0.12316387790757055,all,0.05,0.05,
above MA200,30025.0,0.548376353039134,0.4467610324729392,0.004728064690611115,12.044596169858451,3.9254655149361306,4.398969485429113,-0.4735039704929821,0.10395846003128728,trend_x_period,0.05,0.05,test
above MA200,44868.0,0.5519969688865115,0.44800303111348844,0.004848524863603707,13.573883391281091,3.571951168166111,3.6677242942281962,-0.09577312606208531,0.09417110746706481,trend_x_period,0.05,0.05,train
beaten-down,8953.0,0.5551211884284597,0.4420864514687814,0.005358080622866057,8.976097397520384,5.969276385465925,6.070147948400386,-0.10087156293446162,0.16227685355671873,trend_x_period,0.05,0.05,test
beaten-down,14460.0,0.5674273858921162,0.43257261410788383,0.007089242588369898,7.290940525587828,9.723358136703949,11.289264662681745,-1.5659065259777971,0.2775057922733768,trend_x_period,0.05,0.05,train
below MA200,7476.0,0.5704922418405565,0.42776886035313,0.006765927191908468,11.563804173354734,5.850952757829025,6.213500503824298,-0.3625477459952731,0.15881843086671465,trend_x_period,0.05,0.05,test
below MA200,9662.0,0.5632374249637756,0.4367625750362244,0.006382233757151906,11.051645622024425,5.774917125855883,6.214155325014958,-0.4392381991590738,0.1566014346693132,trend_x_period,0.05,0.05,train
low vol,15081.0,0.553212651680923,0.4434719183078045,0.005082206638151948,16.473907565811285,3.0850037356644995,3.2033423499610394,-0.11833861429654002,0.08083090830446915,vol_x_period,0.05,0.05,test
low vol,23386.0,0.5690584110151372,0.43094158898486273,0.00657931433927215,18.46681775421192,3.5627764495436884,3.5058186458945775,0.05695780364911097,0.09391825135839071,vol_x_period,0.05,0.05,train
mid vol,16671.0,0.5555755503569072,0.4390858376822026,0.005168012241960171,11.119129026453122,4.647857066560823,4.932106722892544,-0.2842496563317215,0.12423048385818114,vol_x_period,0.05,0.05,test
mid vol,21795.0,0.5408121128699243,0.4591878871300757,0.0036734391364920613,11.288735948612066,3.2540748168918814,3.52669397353034,-0.2726191566384585,0.08544424559227104,vol_x_period,0.05,0.05,train
high vol,14687.0,0.5508272622046708,0.4461088037039559,0.0053082206709248545,6.440593722339484,8.241818844298557,9.600789038153207,-1.358970193854652,0.23073098933019387,vol_x_period,0.05,0.05,test
high vol,23779.0,0.5595693679296858,0.44043063207031413,0.006224644645705884,6.01118634088902,10.355101793076832,11.954313307305782,-1.5992115142289498,0.29798563466382166,vol_x_period,0.05,0.05,train
6m losers,15219.0,0.560220776660753,0.436428149024246,0.005755883388448134,10.14869570931073,5.671549875288414,5.81017921731963,-0.13862934203121555,0.1535942953056384,mom_x_period,0.05,0.05,test
6m losers,23118.0,0.5725408772385154,0.42745912276148457,0.007435258901168493,8.976295527294749,8.2832153626846,9.333313583101218,-1.050098220416616,0.23201448723542017,mom_x_period,0.05,0.05,train
6m middle,15569.0,0.5649046181514548,0.4294431241569786,0.006335460956488151,13.27304258462329,4.773179108027372,5.181548519933344,-0.4083694119059718,0.1277848688397667,mom_x_period,0.05,0.05,test
6m middle,22768.0,0.5668042867182009,0.433195713281799,0.0064083290289476,14.630007027406887,4.380263807763497,4.49878253698092,-0.11851872921742274,0.11667830528411338,mom_x_period,0.05,0.05,train
6m winners,15530.0,0.5345782356728912,0.4625241468126207,0.0034319970923469647,10.738763683193818,3.195895909058922,3.834456807072384,-0.638560898013462,0.08385454487971122,mom_x_period,0.05,0.05,test
6m winners,22807.0,0.5316788705222081,0.4683211294777919,0.0028193865734906527,12.128820099092383,2.324534909790303,2.3561594692751977,-0.03162455948489489,0.06032076667633879,mom_x_period,0.05,0.05,train
above MA200,74893.0,0.7288932209952866,0.2649379781822066,0.009944078886710837,22.246658566221143,4.469920216157639,4.73823188878953,-0.2683116726318914,0.1192029967092878,trend,0.05,0.1,
beaten-down,23413.0,0.7374962627600051,0.25904412078759664,0.011697227308572837,13.465724170332722,8.686667839479302,9.201833578845301,-0.515165739365999,0.2445935456415158,trend,0.05,0.1,
below MA200,17138.0,0.7338662621075972,0.2624576963472984,0.010758243214135878,19.095927179367486,5.633789400788982,5.9565361691897625,-0.32274676840078015,0.1524977182259164,trend,0.05,0.1,
low vol,38467.0,0.7390490550341852,0.2563236020485091,0.011323864282464785,29.835053422414017,3.795489862926664,3.9445124467945925,-0.1490225838679288,0.10034987553651797,vol,0.05,0.1,
mid vol,38466.0,0.723652056361462,0.26945874278583687,0.009094064596423384,19.473535069931888,4.669960828255099,4.916250896349136,-0.24629006809403706,0.1248565795341614,vol,0.05,0.1,
high vol,38466.0,0.7316331305568554,0.2641553579784745,0.01087424396284318,10.693521551500027,10.169001774086109,11.044372380738627,-0.8753706066525184,0.291918907294348,vol,0.05,0.1,
6m losers,38337.0,0.7396249054438271,0.2562015807183661,0.011829221557669642,15.961629757153663,7.411036177159815,7.825055817920016,-0.41401964076020126,0.20525232369664193,mom,0.05,0.1,
6m middle,38337.0,0.7340428306857605,0.25844484440618726,0.010729637829795389,23.853327073062577,4.498172433946251,4.671837987171535,-0.1736655532252841,0.11999974619844211,mom,0.05,0.1,
6m winners,38337.0,0.720896262096669,0.27498239298849675,0.008772855517395569,20.24435923520359,4.333481448076736,4.714658819481122,-0.3811773714043864,0.11536318430353898,mom,0.05,0.1,
NASDAQ-100,21367.0,0.7344035194458745,0.26199279262414005,0.011173210435113908,16.804745635793513,6.648842343269608,7.329464634310948,-0.6806222910413402,0.18233955674187619,index,0.05,0.1,
S&P-only,94077.0,0.7306886911785028,0.2636882553652859,0.010249538865767748,20.723354273626924,4.945887972784202,5.187319156848459,-0.2414311840642574,0.13270158801340592,index,0.05,0.1,
(NASDAQ-only),2411.0,0.7270841974284529,0.27125673994193283,0.011283539313836,14.139776026545002,7.979998617130209,8.484272659698973,-0.5042740425687647,0.22264405342353677,sector,0.05,0.1,
Communication Services,5190.0,0.7052023121387283,0.2926782273603083,0.006900471165201642,17.36801541425819,3.9730913409581237,3.8969136670515594,0.0761776739065641,0.10528367047478993,sector,0.05,0.1,
Consumer Discretionary,10681.0,0.7260556127703398,0.2686078082576538,0.01000867914583363,16.074524857223107,6.226423010777962,6.839757458924416,-0.6133344481464541,0.16982835395499962,sector,0.05,0.1,
Consumer Staples,7706.0,0.7185310147936673,0.2754996106929665,0.008209048101787514,27.631326239294058,2.970920769671041,2.8451550014579916,0.1257657682130495,0.07772903767141837,sector,0.05,0.1,
Energy,4759.0,0.7133851649506199,0.28388316873292707,0.007562289278231987,14.433914687959655,5.239250363964133,5.64432594498539,-0.4050755810212567,0.14110208263639734,sector,0.05,0.1,
Financials,17355.0,0.7414577931431864,0.2515125324114088,0.011753810253666773,21.586171132238547,5.445064889767632,5.644794254850136,-0.19972936508250333,0.1470326363172929,sector,0.05,0.1,
Health Care,13283.0,0.7293533087404954,0.26816231273055785,0.009530489754043138,19.806143190544304,4.811885717656081,5.274152625331943,-0.46226690767586104,0.12888492681050123,sector,0.05,0.1,
Industrials,18167.0,0.7408487917652887,0.2545824847250509,0.011917527531538456,20.218748279848075,5.894295416604299,6.3468722055634,-0.4525767889591013,0.16008408071607727,sector,0.05,0.1,
Information Technology,16249.0,0.7273678380208013,0.27140131700412334,0.010122559021964418,14.339959382115822,7.0589872343633235,8.020068634860195,-0.9610814004968704,0.1946147194761898,sector,0.05,0.1,
Materials,5682.0,0.7094332981344597,0.28739880323829636,0.007053521427831683,18.985040478704683,3.715304919019553,3.952679630424728,-0.23737471140517463,0.098129519791331,sector,0.05,0.1,
Real Estate,6916.0,0.7229612492770388,0.26561596298438406,0.008938346770758868,24.820994794679006,3.6011235023807444,3.7385290536529765,-0.13740555127223203,0.09497548663997768,sector,0.05,0.1,
Utilities,7045.0,0.776153300212917,0.20681334279630945,0.01708324538204654,30.311568488289566,5.635883009038745,5.460711855637163,0.175171153401582,0.15255849012905198,sector,0.05,0.1,
test,46454.0,0.7283979851035433,0.2586644852972833,0.010402039679832895,19.807809876436906,5.251484007935182,5.372751921717875,-0.12126791378269339,0.14145374026482482,period,0.05,0.1,
train,68990.0,0.7333816495144224,0.26654587621394404,0.010432925118929614,20.126192201768372,5.183755086077799,5.618392137948938,-0.43463705187113877,0.13950821844842332,period,0.05,0.1,
ALL,115444.0,0.7313762516891307,0.26337444994975917,0.01042049699630913,19.998076989709297,5.210749514401488,5.520488361709476,-0.3097388473079872,0.14028324062587538,all,0.05,0.1,
above MA200,30025.0,0.7263613655287261,0.25838467943380516,0.01016286472497484,21.134454621149043,4.808671388569904,5.077605483040568,-0.26893409447066424,0.12879353356178203,trend_x_period,0.05,0.1,test
above MA200,44868.0,0.73058750111438,0.26932334848890077,0.009797670649350656,22.990928947133813,4.261537527204655,4.529466317216532,-0.26792879001187736,0.11334374458428642,trend_x_period,0.05,0.1,train
beaten-down,8953.0,0.7265720987378532,0.26449234893331847,0.010115833336652934,15.264604043337428,6.626987053141554,6.210315078208069,0.41667197493348507,0.18168899032372776,trend_x_period,0.05,0.1,test
beaten-down,14460.0,0.7442600276625173,0.25567081604426,0.012676357338351464,12.351936376210235,10.262647857194327,11.490816129394753,-1.2281682722004266,0.29496816401850157,trend_x_period,0.05,0.1,train
below MA200,7476.0,0.7387640449438202,0.25280898876404495,0.01170536143078305,19.92054574638844,5.876024472324113,5.861746343117596,0.014278129206518261,0.15955038272371547,trend_x_period,0.05,0.1,test
below MA200,9662.0,0.7300765886979921,0.26992341130200787,0.010025407798315733,18.457876216104328,5.431506680908748,6.035692105253593,-0.604185424344845,0.1466410131563729,trend_x_period,0.05,0.1,train
low vol,15081.0,0.7396061269146609,0.24878986804588554,0.011851377232845992,29.371527087063193,4.034988442281566,4.092787157209695,-0.05779871492812946,0.10700835379629003,vol_x_period,0.05,0.1,test
low vol,23386.0,0.738689814418883,0.2611819037030702,0.010983685423117357,30.133969041306766,3.6449514526484186,3.8513134004767418,-0.20636194782832318,0.09618507763830908,vol_x_period,0.05,0.1,train
mid vol,16671.0,0.722692100053986,0.2615320016795633,0.00933791472500307,19.01991482214624,4.909546027057005,5.054105035607477,-0.14455900855047157,0.1316652259278588,vol_x_period,0.05,0.1,test
mid vol,21795.0,0.7243863271392521,0.27552190869465476,0.008907543582725198,19.820509291121816,4.494104289598223,4.815065381172386,-0.32096109157416297,0.11988498439950601,vol_x_period,0.05,0.1,train
high vol,14687.0,0.7236331449581263,0.2653366923129298,0.010160620836370092,10.89616667801457,9.32494989900567,9.572779652002696,-0.2478297529970254,0.2647560308716712,vol_x_period,0.05,0.1,test
high vol,23779.0,0.7365742882375205,0.2634257117624795,0.011315010305351708,10.568358635771059,10.706497286204344,11.981488345662001,-1.274991059457655,0.30951835540213724,vol_x_period,0.05,0.1,train
6m losers,15219.0,0.7265917602996255,0.2630264800578225,0.010041194563709461,17.406005650831197,5.768810354965017,5.574235940298985,0.19457441466603143,0.1564235609031872,mom_x_period,0.05,0.1,test
6m losers,23118.0,0.7482048620122848,0.25170862531360844,0.01300631225846902,15.010770827926292,8.664653139778709,9.543251902922758,-0.8785987631440486,0.24390387160279348,mom_x_period,0.05,0.1,train
6m middle,15569.0,0.7372342475431948,0.2443959149592138,0.011800627043921074,23.348705761449033,5.054081868385634,5.129512175898643,-0.07543030751300966,0.13579254956893339,mom_x_period,0.05,0.1,test
6m middle,22768.0,0.7318605059732959,0.26805165144061843,0.009997284040498006,24.19839248067463,4.131383540655462,4.369864682220761,-0.23848114156529965,0.10969961884683221,mom_x_period,0.05,0.1,train
6m winners,15530.0,0.7213779781068899,0.26851255634256277,0.00936635132532217,18.724404378622022,5.002215897460481,5.469549036520873,-0.46733313906039264,0.1343097579900654,mom_x_period,0.05,0.1,test
6m winners,22807.0,0.7205682465909589,0.2793879072214671,0.008368725649499744,21.279344061033893,3.9327930529702315,4.262348115544755,-0.32955506257452394,0.10416224907420557,mom_x_period,0.05,0.1,train
above MA200,74893.0,0.8560746665242412,0.12532546432910954,0.017149288795445517,36.7643838542988,4.664647410768528,4.782538266477941,-0.11789085570941288,0.12470604369027893,trend,0.05,0.2,
beaten-down,23413.0,0.8697732029214539,0.12275231708879682,0.02011306648982918,22.6166232434972,8.89304573599958,9.220008570908538,-0.3269628349089582,0.2510774785943741,trend,0.05,0.2,
below MA200,17138.0,0.8614774186019372,0.12539386159411833,0.018493303977579853,31.855525732290815,5.80536768816653,5.980050704568813,-0.17468301640228287,0.15748878422767354,trend,0.05,0.2,
low vol,38467.0,0.8553825356799335,0.12447032521381964,0.017097595640673174,47.71362466529753,3.583378072952898,3.625390369809251,-0.04201229685635267,0.0944861154445844,vol,0.05,0.2,
mid vol,38466.0,0.8558987157489731,0.1281391358602402,0.01684880916460423,33.42869027192846,5.040224139069222,5.140890825602282,-0.10066668653305991,0.1353961832896715,vol,0.05,0.2,
high vol,38466.0,0.8678573285498882,0.12166588675713617,0.019946681910940227,18.373888628919044,10.855993695066665,11.405100891433678,-0.5491071963670117,0.31445568768444376,vol,0.05,0.2,
6m losers,38337.0,0.8671518376503117,0.12202311083287685,0.01964353837374494,26.625714062133188,7.37765692514582,7.6535963132010245,-0.2759393880552043,0.20423969181209567,mom,0.05,0.2,
6m middle,38337.0,0.8546834650598638,0.12319691159976003,0.017184458988282802,39.0561337611185,4.399938584138716,4.493032159832319,-0.0930935756936034,0.1172318534629917,mom,0.05,0.2,
6m winners,38337.0,0.8573440801314657,0.12883115528079922,0.01709765172893554,33.941988157654485,5.037315919597873,5.1634512495047895,-0.12613532990691698,0.13531301831361686,mom,0.05,0.2,
NASDAQ-100,21367.0,0.8689568025459822,0.11924930968315627,0.02036010972707485,27.67604249543689,7.3565827666407655,7.724652141527545,-0.36806937488677954,0.2036007980348684,index,0.05,0.2,
S&P-only,94077.0,0.8575422260488749,0.1260775747525963,0.017402475530820784,34.41334226218948,5.056897815456064,5.17286418422144,-0.11596636876537621,0.13587310965909838,index,0.05,0.2,
(NASDAQ-only),2411.0,0.8540024885939445,0.13604313562836998,0.018499354866624806,21.436748237245958,8.629739297158194,9.153413801027225,-0.5236745038690322,0.24281087514066169,sector,0.05,0.2,
Communication Services,5190.0,0.8466281310211946,0.1393063583815029,0.015324842676587251,30.686127167630058,4.994062167855774,4.957633010824849,0.03642915703092552,0.13407682719616298,sector,0.05,0.2,
Consumer Discretionary,10681.0,0.8527291452111225,0.13603595168991667,0.016386617365471815,26.53028742627095,6.176569858510232,6.532041725768512,-0.35547186725827973,0.16836053172682486,sector,0.05,0.2,
Consumer Staples,7706.0,0.8510251751881651,0.11821956916688295,0.017590982966196815,47.392161951725924,3.7117916216008764,3.551022774277083,0.16076884732379332,0.09803233718139315,sector,0.05,0.2,
Energy,4759.0,0.8398823282202144,0.1508720319394831,0.011900183357061077,25.929817188484975,4.5893818959686925,4.905675922909197,-0.31629402694050446,0.1225758303593536,sector,0.05,0.2,
Financials,17355.0,0.8660328435609335,0.1201959089599539,0.018890381461731966,34.76865456640738,5.4331643537289445,5.550848679909611,-0.11768432618066588,0.14668888719172246,sector,0.05,0.2,
Health Care,13283.0,0.8617029285552963,0.12760671535044793,0.017735964448837203,33.840548068960324,5.241039362806662,5.4314145587230875,-0.19037519591642565,0.1411535008951983,sector,0.05,0.2,
Industrials,18167.0,0.8693234986514009,0.11675015137336929,0.019996966026553386,33.36280068255628,5.99379117383535,6.157677523989082,-0.16388635015373176,0.16299466876509228,sector,0.05,0.2,
Information Technology,16249.0,0.8622684472890639,0.13262354606437318,0.017856346745194214,23.874084559049788,7.4793848957972004,8.085980674292667,-0.6065957784954665,0.20732847720374648,sector,0.05,0.2,
Materials,5682.0,0.8391411474832805,0.14660330869412178,0.012563224115245297,33.43488208377332,3.757520090475362,3.800612439411338,-0.043092348935976035,0.09929791929783938,sector,0.05,0.2,
Real Estate,6916.0,0.8516483516483516,0.11871023713128977,0.01677311428416556,41.536292654713705,4.038182806443145,4.097762072133917,-0.059579265690771176,0.10709743335675137,sector,0.05,0.2,
Utilities,7045.0,0.8783534421575585,0.0801987224982257,0.02506821655652413,45.6708303761533,5.488890031133158,5.408869337297638,0.08002069383551973,0.14829941861409313,sector,0.05,0.2,
test,46454.0,0.8544797003487321,0.1161148663193697,0.0185560582393772,32.98473758987385,5.625649799037302,5.718332484060173,-0.0926826850228702,0.15226147746661112,period,0.05,0.2,
train,68990.0,0.8631395854471663,0.13067111175532686,0.01754173105666628,33.28866502391651,5.269580814990113,5.465996668978591,-0.19641585398847816,0.1419741331974158,period,0.05,0.2,
ALL,115444.0,0.8596548976126953,0.1248137625168913,0.017949890466818847,33.16636637677142,5.412076277186135,5.566979091513588,-0.1549028143274522,0.14608000629643314,all,0.05,0.2,
above MA200,30025.0,0.8533555370524563,0.11194004995836802,0.01874658674470307,35.18391340549542,5.328169873728434,5.494338669166695,-0.1661687954382612,0.14366054540634643,trend_x_period,0.05,0.2,test
above MA200,44868.0,0.857894267629491,0.1342827850583935,0.016080400703120074,37.82201123294999,4.2515985213158265,4.33943591161412,-0.08783739029829413,0.11306504676030293,trend_x_period,0.05,0.2,train
beaten-down,8953.0,0.8505528873003463,0.13213448006254885,0.01648251509993355,25.282698536803306,6.519286331694547,6.285938234567133,0.23334809712741372,0.17848826697008136,trend_x_period,0.05,0.2,test
beaten-down,14460.0,0.8816735822959889,0.1169432918395574,0.02236094523075142,20.965905947441218,10.665384690176223,11.410696954053456,-0.7453122638772331,0.3081637946683433,trend_x_period,0.05,0.2,train
below MA200,7476.0,0.863697164258962,0.11369716425896201,0.020274064306128114,33.37613697164259,6.074419074728029,6.151746345916017,-0.0773272711879886,0.1653586425300646,trend_x_period,0.05,0.2,test
below MA200,9662.0,0.8597598840819706,0.1344442144483544,0.017115435604962717,30.678948457876217,5.578886000106261,5.835520995274723,-0.2566349951684628,0.15090515672124294,trend_x_period,0.05,0.2,train
low vol,15081.0,0.8657250845434653,0.10131954114448644,0.021629267170760292,48.609707579073,4.449577717696849,4.472313496090174,-0.022735778393324912,0.11862966126185981,vol_x_period,0.05,0.2,test
low vol,23386.0,0.8487129051569315,0.13939964081074147,0.01417524302178821,47.135764987599416,3.0073221524075118,3.0621540719172673,-0.054831919509755425,0.07871781239931042,vol_x_period,0.05,0.2,train
mid vol,16671.0,0.8491392238018115,0.12158838701937497,0.017032017303516094,31.955011696958792,5.329998769844624,5.468255202519587,-0.13825643267496315,0.14371322778099893,vol_x_period,0.05,0.2,test
mid vol,21795.0,0.8610690525349851,0.13314980500114706,0.01670867322132368,34.55590731819225,4.835258141963836,4.909336511299157,-0.07407836933532154,0.12954969829731455,vol_x_period,0.05,0.2,train
high vol,14687.0,0.8492544427044325,0.12487233607952611,0.017190801323743503,18.132157690474568,9.480835991611968,9.675567898918374,-0.19473190730640477,0.2697294951590401,vol_x_period,0.05,0.2,test
high vol,23779.0,0.8793473232684301,0.11968543672988771,0.021648840041398124,18.523192733083814,11.687423627964348,12.450788594232261,-0.7633649662679132,0.34225508484362743,vol_x_period,0.05,0.2,train
6m losers,15219.0,0.8509757539917209,0.12668375057493922,0.017086187002734867,29.407385504960903,5.810168673394138,5.732999188764824,0.07716948462931408,0.157628749986654,mom_x_period,0.05,0.2,test
6m losers,23118.0,0.8778008478242062,0.11895492689679038,0.021327089308748062,24.7944891426594,8.60154415202465,9.153189235796052,-0.5516450837714021,0.2419289093024779,mom_x_period,0.05,0.2,train
6m middle,15569.0,0.8556747382619307,0.10475945789710321,0.019764687681009634,38.589247864345815,5.121812104368853,5.218522157666304,-0.0967100532974505,0.13773179030769467,mom_x_period,0.05,0.2,test
6m middle,22768.0,0.8540056219255094,0.13580463808854532,0.015420071228397699,39.37539529163739,3.916169250921181,4.006839215123328,-0.09066996420214687,0.1036999718879339,mom_x_period,0.05,0.2,train
6m winners,15530.0,0.8569220862846104,0.116677398583387,0.018861195196621845,31.05788795878944,6.072916233598587,6.3210419499518675,-0.24812571635328082,0.16531453616176184,mom_x_period,0.05,0.2,test
6m winners,22807.0,0.8576314289472531,0.1371070285438681,0.015896799795179745,35.90586223527864,4.427354979254791,4.48163887205449,-0.054283892799699425,0.11800366724365863,mom_x_period,0.05,0.2,train
above MA200,74893.0,0.9017131107046052,0.015448706821732338,0.025214010660959095,51.85958634318294,4.861976818346437,4.920742733434059,-0.05876591508762147,0.1303101234044517,trend,0.05,0.5,
beaten-down,23413.0,0.9314910519796694,0.015333361807542818,0.03175835532005987,36.06833810276342,8.80505090907603,8.947946892239914,-0.14289598316388416,0.2483087732045115,trend,0.05,0.5,
below MA200,17138.0,0.9167930913758898,0.017680009335978526,0.02812002339718758,46.314214027307735,6.071575214599881,6.176474014858851,-0.10489880025896908,0.16527518045935752,trend,0.05,0.5,
low vol,38467.0,0.8930511867314841,0.01492188109288481,0.02385269648551199,63.16980788728001,3.775964702643178,3.8061309493266906,-0.030166246683512792,0.09980880390147595,vol,0.05,0.5,
mid vol,38466.0,0.9025633026568918,0.01515624187594239,0.02483009867733523,49.57141371600894,5.008955124738842,5.053064738884004,-0.04410961414516189,0.1345023161097545,vol,0.05,0.5,
high vol,38466.0,0.9343316175323663,0.017158009670878178,0.032239193730369174,30.77187646233037,10.476837111261329,10.71028970298048,-0.23345259171915186,0.30196946214862086,vol,0.05,0.5,
6m losers,38337.0,0.9247463286120458,0.01536374781542635,0.030452728839495298,40.4220726713097,7.533688113204961,7.669487103724917,-0.13579899051995611,0.20898052507916787,mom,0.05,0.5,
6m middle,38337.0,0.8981140934345411,0.014737720739755327,0.025126183579445682,54.29175470172418,4.627992540946136,4.673758733724929,-0.045766192778793076,0.12366811135987232,mom,0.05,0.5,
6m winners,38337.0,0.9068263035709628,0.016824477658658736,0.025401870048057006,48.93259775151942,5.191195892980819,5.251713040413139,-0.06051714743232021,0.1397217949667886,mom,0.05,0.5,
NASDAQ-100,21367.0,0.929704684794309,0.014648757429681284,0.03265166436017324,40.625918472410724,8.03715105723632,8.210233483177888,-0.17308242594156845,0.2244048136554848,index,0.05,0.5,
S&P-only,94077.0,0.9055135686724705,0.016008163525622628,0.02568283557231789,49.47082708844882,5.191511257008011,5.252088370593875,-0.0605771135858647,0.13973084786987444,index,0.05,0.5,
(NASDAQ-only),2411.0,0.9311489008710079,0.025300705101617586,0.03269463357292942,32.94359187059312,9.924428915146342,10.157544674424463,-0.23311575927812203,0.28398893535527336,sector,0.05,0.5,
Communication Services,5190.0,0.8988439306358381,0.02157996146435453,0.021710223562580518,47.272639691714836,4.592555800598866,4.50292001806474,0.08963578253412563,0.12266557905048803,sector,0.05,0.5,
Consumer Discretionary,10681.0,0.9143338638704241,0.021159067503042785,0.026195006189693084,41.36382361202135,6.332829971279582,6.461991268966929,-0.1291612976873468,0.17296743206274967,sector,0.05,0.5,
Consumer Staples,7706.0,0.8822995068777576,0.006877757591487153,0.02450241612461122,62.17181417077602,3.9410810913940852,3.8109595426877085,0.13012154870637652,0.10439279613081487,sector,0.05,0.5,
Energy,4759.0,0.8982979617566715,0.04370666106324858,0.011612283265621007,41.560621979407436,2.7940590666267435,2.8913642454103763,-0.09730517878363297,0.0729377572224208,sector,0.05,0.5,
Financials,17355.0,0.908787093056756,0.014866032843560934,0.027060445116093308,49.3009507346586,5.4888282503383445,5.537773003616793,-0.048944753278448716,0.14829763183634648,sector,0.05,0.5,
Health Care,13283.0,0.9134984566739441,0.01279831363396823,0.02799948603958015,49.73131069788452,5.630152442527762,5.719919862496557,-0.08976741996879578,0.15239215454702104,sector,0.05,0.5,
Industrials,18167.0,0.9198546815654759,0.010293389112126383,0.03084049555046317,46.94517531788408,6.569470737222762,6.683476819898679,-0.11400608267591737,0.17997860548786582,sector,0.05,0.5,
Information Technology,16249.0,0.932180441873346,0.01747799864607053,0.03122656915498469,38.69228875623115,8.07048901958684,8.407305981259356,-0.33681696167251374,0.22543306025910148,sector,0.05,0.5,
Materials,5682.0,0.8938753959873285,0.01777543118620204,0.021440727106860832,51.3753959873284,4.173345371809713,4.179320285636618,-0.005974913826904725,0.1108731906240894,sector,0.05,0.5,
Real Estate,6916.0,0.8872180451127819,0.015471370734528629,0.022262436153946817,56.38663967611336,3.948175717124297,3.995486735195666,-0.047311018071369455,0.10459018430234135,sector,0.05,0.5,
Utilities,7045.0,0.8976579134137687,0.007381121362668559,0.030296359698673895,56.6374733853797,5.349172180144348,5.327417954587105,0.021754225557242286,0.14426567410067537,sector,0.05,0.5,
test,46454.0,0.9039695182330908,0.008761355319240539,0.029281029051036925,46.03752098850476,6.360253207019594,6.425979818032718,-0.0657266110131241,0.17377779510983182,period,0.05,0.5,
train,68990.0,0.9140455138425859,0.02046673430932019,0.025418340498389657,49.043252645310915,5.182841497528598,5.269027591705901,-0.08618609417730314,0.1394819980912101,period,0.05,0.5,
ALL,115444.0,0.9099909913031426,0.01575655729184713,0.026972664101389182,47.83376355635633,5.638833764274221,5.717096235788969,-0.07826247151474908,0.15264414815881544,all,0.05,0.5,
above MA200,30025.0,0.8990174854288093,0.007027477102414655,0.02908798707703711,48.04572855953372,6.054229574434287,6.16907613793218,-0.11484656349789271,0.1647662466709945,trend_x_period,0.05,0.5,test
above MA200,44868.0,0.903516983150575,0.021084068824106267,0.022621603112311008,54.41176339484711,4.157483915408872,4.183112210478056,-0.02562829506918402,0.11042943847660447,trend_x_period,0.05,0.5,train
beaten-down,8953.0,0.9127666703898135,0.012733162068580365,0.029412603638130506,39.26315201608399,7.491146820327047,7.333978288362349,0.15716853196469782,0.20768611526366176,trend_x_period,0.05,0.5,test
beaten-down,14460.0,0.9430843706777317,0.0169432918395574,0.033210742236264135,34.0902489626556,9.742006364531123,10.098880739912277,-0.35687437538115396,0.2781056944746283,trend_x_period,0.05,0.5,train
below MA200,7476.0,0.913322632423756,0.010968432316746924,0.029898752163810556,46.08493846976993,6.487749177190085,6.575226086809662,-0.0874769096195771,0.17755265987627533,trend_x_period,0.05,0.5,test
below MA200,9662.0,0.9194783688677293,0.02287311115711033,0.026743726951392374,46.49161664251708,5.75237620946374,5.870637330914243,-0.11826112145050345,0.15594501388124238,trend_x_period,0.05,0.5,train
low vol,15081.0,0.8937736224388303,0.004641602015781447,0.028571045662848023,61.404018301173664,4.652960254606322,4.683946594506991,-0.030986339900669235,0.12437500236458776,vol_x_period,0.05,0.5,test
low vol,23386.0,0.8925853074489011,0.021551355511844693,0.02080996049203707,64.3085179167023,3.2359570965376383,3.265618373071657,-0.02966127653401872,0.08494894185965496,vol_x_period,0.05,0.5,train
mid vol,16671.0,0.8991062323795813,0.009057645012296802,0.02739677111884115,46.68826105212645,5.8680213187321835,5.9667053260644325,-0.09868400733224823,0.15931668601040538,vol_x_period,0.05,0.5,test
mid vol,21795.0,0.9052076164257857,0.019821059876118374,0.022866850396888103,51.77673778389539,4.416433204488329,4.4229013371343715,-0.006468132646042946,0.1176961388288329,vol_x_period,0.05,0.5,train
high vol,14687.0,0.9199291890787772,0.012664260911009736,0.03213517538177999,29.535507591747805,10.880183887802401,10.960364667195073,-0.0801807793926728,0.3152563443341807,vol_x_period,0.05,0.5,test
high vol,23779.0,0.9432272172925691,0.019933554817275746,0.032303440228780775,31.535514529626983,10.243511390445951,10.565627777617829,-0.3221163871718795,0.2943444697907982,vol_x_period,0.05,0.5,train
6m losers,15219.0,0.9088639200998752,0.011564491753728891,0.02917729486798346,43.21814836717261,6.751167268921169,6.730912722719269,0.02025454620189918,0.18539021104576459,mom_x_period,0.05,0.5,test
6m losers,23118.0,0.9352020070940392,0.017864867203045247,0.03129237022769664,38.581365169997405,8.110747271335798,8.36162578105562,-0.2508785097198236,0.22667589662935694,mom_x_period,0.05,0.5,train
6m middle,15569.0,0.893570556875843,0.007065322114458218,0.028111684146696167,51.048365341383516,5.506872543067856,5.567085534082731,-0.06021299101487544,0.14881961303555546,mom_x_period,0.05,0.5,test
6m middle,22768.0,0.9012210119465917,0.019984188334504566,0.023084666611265653,56.50961876317639,4.0850862413370965,4.121928283204942,-0.03684204186784506,0.10840622723964488,mom_x_period,0.05,0.5,train
6m winners,15530.0,0.9094011590470058,0.0075338055376690275,0.030593459795698236,43.93174500965873,6.963861733462223,7.114217019697981,-0.15035528623575842,0.1917564649838459,mom_x_period,0.05,0.5,test
6m winners,22807.0,0.9050730039023107,0.023150787039066954,0.021866754128345153,52.3378348752576,4.178001283481165,4.187170051605626,-0.009168768124460568,0.11100348147402572,mom_x_period,0.05,0.5,train
above MA200,74893.0,0.9046239301403335,0.0,0.02840145125854367,53.70258902701187,5.288655868017466,5.336868072597897,-0.04821220458043111,0.1425229124485652,trend,0.05,none,
beaten-down,23413.0,0.9340964421475249,0.0,0.03393986288226762,37.728142484944264,8.995900843995067,9.137475960539694,-0.14157511654462715,0.2543215080164729,trend,0.05,none,
below MA200,17138.0,0.9193021356050881,0.0,0.031003375603513888,48.48768817831719,6.394071725898046,6.488274786290934,-0.09420306039288856,0.17477790817082717,trend,0.05,none,
low vol,38467.0,0.8956768138924273,0.0,0.02747669683532426,65.10094366599942,4.220629577398068,4.2477401358771045,-0.02711055847903635,0.11219709784354603,vol,0.05,none,
mid vol,38466.0,0.9051110071231737,0.0,0.02748925170639679,51.18249883013571,5.370830329646081,5.406847699716868,-0.036017370070787334,0.1448900332729972,vol,0.05,none,
high vol,38466.0,0.9375292466073936,0.0,0.034781004045406815,32.79155617948318,10.606695167205388,10.812620133098175,-0.2059249658927886,0.3062325344311241,vol,0.05,none,
6m losers,38337.0,0.9272243524532436,0.0,0.03292254029682774,42.184860578553355,7.804349675524458,7.936063257361025,-0.13171358183656645,0.21724840750599128,mom,0.05,none,
6m middle,38337.0,0.9002008503534444,0.0,0.028100088434195366,56.06648929232856,5.011922235344996,5.055089300629731,-0.04316706528473399,0.13458710488183967,mom,0.05,none,
6m winners,38337.0,0.9105824660249889,0.0,0.028759708913959375,50.91394736155672,5.6486896821665,5.689123131665495,-0.040433449498994974,0.15293030341951863,mom,0.05,none,
NASDAQ-100,21367.0,0.9314363270463799,0.0,0.03446782350539638,42.31450367388964,8.145628688223255,8.30848540454312,-0.1628567163198646,0.227753756653007,index,0.05,none,
S&P-only,94077.0,0.9085430020089926,0.0,0.028875982068112923,51.36351074120136,5.62188636473986,5.673623672671332,-0.05173730793147269,0.15215226526269343,index,0.05,none,
(NASDAQ-only),2411.0,0.9340522604728329,0.0,0.035397416646749676,36.22687681459975,9.771037351054288,10.006077095446445,-0.23503974439215755,0.27904016220050365,sector,0.05,none,
Communication Services,5190.0,0.9009633911368016,0.0,0.023161511061987085,49.78265895953757,4.6525259088335025,4.562672084730525,0.08985382410297746,0.12436270129354554,sector,0.05,none,
Consumer Discretionary,10681.0,0.9199513154199045,0.0,0.030995687988532243,43.78475798146241,7.079104560005835,7.201844142184577,-0.12273958217874224,0.19522006280856496,sector,0.05,none,
Consumer Staples,7706.0,0.882688813911238,0.0,0.025507897926170513,62.871398909940304,4.057154504023225,3.9317409214178927,0.12541358260533192,0.10762663429161612,sector,0.05,none,
Energy,4759.0,0.9033410380332002,0.0,0.019174102091009306,46.948728724521956,4.084051392214676,4.30786309940171,-0.22381170718703364,0.10837733418103679,sector,0.05,none,
Financials,17355.0,0.9114376260443676,0.0,0.03023967088416279,51.48619994237972,5.873354591716854,5.912523045853682,-0.0391684541368282,0.15947241545072632,sector,0.05,none,
Health Care,13283.0,0.9146277196416472,0.0,0.029365288948271822,51.05924866370549,5.75121838193941,5.833895750472772,-0.08267736853336222,0.15591130645996398,sector,0.05,none,
Industrials,18167.0,0.9225518797820224,0.0,0.03331055002357178,48.20350085319535,6.910400579621731,7.005765980166527,-0.09536540054479528,0.19015309811963998,sector,0.05,none,
Information Technology,16249.0,0.9352575543110345,0.0,0.03473746267593946,40.359160563727,8.607082553436438,8.890468239523539,-0.28338568608709963,0.24210210554577438,sector,0.05,none,
Materials,5682.0,0.9009151707145371,0.0,0.02637041380199595,53.230376627947905,4.954016009751566,4.953125814305482,0.0008901954460843655,0.13293350430398765,sector,0.05,none,
Real Estate,6916.0,0.8888085598611914,0.0,0.02451031431902218,58.376662810873334,4.198649449768966,4.230266192019141,-0.03161674225017565,0.1115814824048258,sector,0.05,none,
Utilities,7045.0,0.8985095812633073,0.0,0.03190767063045201,57.55897799858055,5.543474144248856,5.495047241419562,0.04842690282929468,0.14987914184622264,sector,0.05,none,
test,46454.0,0.9045722650363801,0.0,0.030185820243297547,46.85049726611271,6.443009574016018,6.505035704261452,-0.06202613024543419,0.17622664721688963,period,0.05,none,
train,68990.0,0.9183070010146398,0.0,0.02972586833279489,51.599739092622116,5.760856325152462,5.834525445776176,-0.07366912062371453,0.15619192232226142,period,0.05,none,
ALL,115444.0,0.9127802224455147,0.0,0.029910950329698073,49.68867156370188,6.0196719671508285,6.088923622880025,-0.06925165572919706,0.16375296099117165,all,0.05,none,
above MA200,30025.0,0.8995503746877602,0.0,0.02980034169701364,48.6917568692756,6.120202599593934,6.236976988053274,-0.11677438845933961,0.1667031247080606,trend_x_period,0.05,none,test
above MA200,44868.0,0.9080190781848979,0.0,0.027465334529136055,57.0557635731479,4.8137703904224045,4.822827627278331,-0.00905723685592618,0.12893851727355998,trend_x_period,0.05,none,train
beaten-down,8953.0,0.9133251424103652,0.0,0.030462445784810464,40.39093041438624,7.541902469758534,7.372958510909878,0.16894395884865626,0.2092306235714465,trend_x_period,0.05,none,test
beaten-down,14460.0,0.9469571230982019,0.0,0.036092927562318376,36.079460580912865,10.003732589453579,10.36054245955569,-0.3568098701021115,0.2865549327503376,trend_x_period,0.05,none,train
below MA200,7476.0,0.914258962011771,0.0,0.03140269623032394,47.191412520064205,6.654324283464194,6.726223041088715,-0.07189875762452033,0.18250279360988153,trend_x_period,0.05,none,test
below MA200,9662.0,0.923204305526806,0.0,0.0306944001319726,49.490685158352306,6.202056009885823,6.31271530304842,-0.11065929316259786,0.16911068903687565,trend_x_period,0.05,none,train
low vol,15081.0,0.8938399310390558,0.0,0.028898001527550992,61.7824414826603,4.677380957122167,4.710048213284177,-0.03266725616201055,0.12506683476034053,vol_x_period,0.05,none,test
low vol,23386.0,0.8968613700504575,0.0,0.02656013581319687,67.24095612759771,3.9499937750432714,3.9738118610687305,-0.023818086025458995,0.10464077234863467,vol_x_period,0.05,none,train
mid vol,16671.0,0.8992861855917461,0.0,0.028077438226973422,47.49097234718973,5.912163267938418,6.005122699795627,-0.09295943185720916,0.160606240909829,vol_x_period,0.05,none,test
mid vol,21795.0,0.9095664143152099,0.0,0.027039347715365217,54.00614819912824,5.006716571540586,5.004433319859568,0.00228325168101875,0.13443835092320966,vol_x_period,0.05,none,train
high vol,14687.0,0.9215632872608429,0.0,0.033888627229673805,30.80717641451624,11.000237987959713,11.068041367229569,-0.06780337926985507,0.31923713620758387,vol_x_period,0.05,none,test
high vol,23779.0,0.947390554691114,0.0,0.03533217685724376,34.017200050464695,10.38656232871262,10.669747240199518,-0.2831849114868991,0.2990140258873961,vol_x_period,0.05,none,train
6m losers,15219.0,0.9094552861554636,0.0,0.03030540723066567,44.26716604244694,6.846023800485984,6.813252833595462,0.03277096689052153,0.18822520916421448,mom_x_period,0.05,none,test
6m losers,23118.0,0.9389220520806298,0.0,0.034645446609394594,40.814041007007525,8.48860974179111,8.7377679331738,-0.24915819138268852,0.23840247903451894,mom_x_period,0.05,none,train
6m middle,15569.0,0.8938274776800051,0.0,0.028708738695879525,51.636778213115804,5.55974630667168,5.620937176141808,-0.061190869470128084,0.15035049451215143,mom_x_period,0.05,none,test
6m middle,22768.0,0.9045590302178497,0.0,0.027683886926633844,59.09557273366128,4.684595756674153,4.716993546446824,-0.0323977897726701,0.12527130935222264,mom_x_period,0.05,none,train
6m winners,15530.0,0.9102382485511913,0.0,0.03150837530751138,44.71577591757888,7.0463666705881005,7.197154554641096,-0.15078788405299562,0.1942351144434411,mom_x_period,0.05,none,test
6m winners,22807.0,0.9108168544745034,0.0,0.0268880559525062,55.13447625728943,4.876813525357699,4.856303024619276,0.020510500738423008,0.13073260267637865,mom_x_period,0.05,none,train
above MA200,74893.0,0.40139932971038683,0.5954361555819636,0.009268426670058255,23.953373479497415,3.8693617322801925,4.017032471566468,-0.14767073928627544,0.10239937667147814,trend,0.1,0.05,
beaten-down,23413.0,0.4138299235467475,0.5841626446845769,0.011536385997250544,14.929654465467902,7.727162088000132,7.852245881053352,-0.1250837930532201,0.21488483946669246,trend,0.1,0.05,
below MA200,17138.0,0.4055899171431906,0.593184735675108,0.009684828034836699,21.115124285214144,4.586678204692594,4.641492089734092,-0.054813885041497465,0.12249938355596335,trend,0.1,0.05,
low vol,38467.0,0.41596693269555723,0.5816154106116931,0.011456376596390486,32.41846257831388,3.5339049681073265,3.4813110985651536,0.052593869542172836,0.09312293030261043,vol,0.1,0.05,
mid vol,38466.0,0.39117662351167265,0.6051837986793532,0.007503928952351978,21.03114438725108,3.568007909688834,3.6767870520348347,-0.10877914234600036,0.09406242375968787,vol,0.1,0.05,
high vol,38466.0,0.4066448291998128,0.5914833879270005,0.010438280236724419,11.660661363281859,8.951705149069344,9.637612086764275,-0.6859069376949313,0.2529265593692742,vol,0.1,0.05,
6m losers,38337.0,0.4140125727104364,0.5837963325247151,0.011326752842397,17.914808148785767,6.322564410584942,6.3945316521500875,-0.07196724156514596,0.17266422569994844,mom,0.1,0.05,
6m middle,38337.0,0.41372564363408715,0.582544278373373,0.011068804537336682,26.365417220961472,4.19822847655776,4.261878422954987,-0.06364994639722713,0.11156969517626703,mom,0.1,0.05,
6m winners,38337.0,0.3861543678430759,0.6118110441609933,0.007003891396431176,20.889297545452173,3.3528611391511336,3.6207551455228457,-0.2678940063717122,0.08814883870512702,mom,0.1,0.05,
NASDAQ-100,21367.0,0.4165301633359854,0.5817849955538915,0.011744555194349734,18.405344690410445,6.381056911402959,6.783866338488322,-0.402809427085363,0.1743929214027442,index,0.1,0.05,
S&P-only,94077.0,0.4018197859200442,0.595320854193905,0.009346326477009902,22.45067338456796,4.16304950720736,4.243566424160625,-0.0805169169532658,0.11058512558793043,index,0.1,0.05,
(NASDAQ-only),2411.0,0.4068851099128992,0.5927001244296972,0.010455300165004795,15.376192451265036,6.799667861951488,7.201935790069779,-0.40226792811829076,0.18683891625270732,sector,0.1,0.05,
Communication Services,5190.0,0.38400770712909443,0.6144508670520231,0.00744105314051544,17.764739884393062,4.18866428044503,4.308534268017364,-0.11986998757233347,0.1113019317125521,sector,0.1,0.05,
Consumer Discretionary,10681.0,0.402864900290235,0.5944199981275161,0.00960434617208294,17.56062166463814,5.469251804122191,5.71843382147895,-0.24918201735675874,0.14773159601325014,sector,0.1,0.05,
Consumer Staples,7706.0,0.3841162730339995,0.6119906566311965,0.0061857550726454975,28.813262392940565,2.1468430017702707,2.0865560211002534,0.06028698067001736,0.05558449500788187,sector,0.1,0.05,
Energy,4759.0,0.40071443580584154,0.5986551796595924,0.009439891559266125,15.503467114940113,6.088890626387212,6.118367880646035,-0.029477254258823388,0.1657834482374041,sector,0.1,0.05,
Financials,17355.0,0.41238836070296747,0.5838663209449726,0.010969690114538893,23.72543935465284,4.623598303307124,4.456823660480801,0.16677464282632348,0.12354374662363443,sector,0.1,0.05,
Health Care,13283.0,0.39418805992622147,0.6044568245125348,0.007724391591163618,20.74990589475269,3.7226152399645285,4.225742219419122,-0.5031269794545941,0.09833176072319016,sector,0.1,0.05,
Industrials,18167.0,0.4121759233775527,0.5858975064677713,0.011007289927628535,21.756041173556447,5.059417676138356,5.333493689454609,-0.27407601331625353,0.13594520397976861,sector,0.1,0.05,
Information Technology,16249.0,0.41448704535663733,0.58514370115084,0.011423350098373357,15.677026278540218,7.286681731222469,7.782105331483949,-0.4954236002614797,0.20148406256017592,sector,0.1,0.05,
Materials,5682.0,0.3752199929602253,0.6235480464625132,0.005132978906540051,20.17740232312566,2.5439245470449174,2.860347928866705,-0.3164233818217873,0.06619767611940985,sector,0.1,0.05,
Real Estate,6916.0,0.39473684210526316,0.5981781376518218,0.008664411940254984,27.25216888374783,3.1793476611772036,3.048054218418149,0.13129344275905436,0.0834027985579624,sector,0.1,0.05,
Utilities,7045.0,0.43718949609652236,0.5551454932576295,0.01469970218611057,35.80255500354862,4.105769039291634,3.9111715262325877,0.19459751305904632,0.10898384973540498,sector,0.1,0.05,
test,46454.0,0.4066603521763465,0.5867955396736556,0.009863642584441563,20.95681749687863,4.706650991215953,4.8686865367706345,-0.16203554555468178,0.12589660617853138,period,0.1,0.05,
train,68990.0,0.4031163936802435,0.5968691114654298,0.009740753938218334,22.203667198144657,4.387002314208832,4.498453675703984,-0.11145136149515167,0.11686786183104703,period,0.1,0.05,
ALL,115444.0,0.4045424621461488,0.5928155642562628,0.009790203620935963,21.70194206714944,4.511210835713889,4.642318110608721,-0.1311072748948314,0.1203676366783708,all,0.1,0.05,
above MA200,30025.0,0.40469608659450457,0.58744379683597,0.009635499315778012,22.057418817651957,4.368371202194783,4.639144156963302,-0.2707729547685183,0.11634384030199807,trend_x_period,0.1,0.05,test
above MA200,44868.0,0.39919318890969063,0.6007845234911295,0.009022787100928015,25.22211821342605,3.577331223562767,3.6529600382385223,-0.07562881467575545,0.09431940937694594,trend_x_period,0.1,0.05,train
beaten-down,8953.0,0.4065676309616888,0.5881827320451245,0.009999830723795627,16.644700100524965,6.007816700452439,5.896118296486792,0.11169840396564731,0.1634055474513445,trend_x_period,0.1,0.05,test
beaten-down,14460.0,0.4183264177040111,0.581673582295989,0.012487753864694659,13.86777316735823,9.004873178981725,9.305918847681994,-0.3010456687002681,0.25460489065404013,trend_x_period,0.1,0.05,train
below MA200,7476.0,0.4146602461209203,0.5825307651150348,0.010616813963519453,21.70064205457464,4.892396241926565,4.861980600971849,0.030415640954715734,0.1311764941205622,trend_x_period,0.1,0.05,test
below MA200,9662.0,0.3985717242806872,0.6014282757193128,0.008963701269898563,20.66207824466984,4.338237985431554,4.462313214414653,-0.12407522898309915,0.11549682708680575,trend_x_period,0.1,0.05,train
low vol,15081.0,0.4155559976128904,0.5783436111663682,0.01147572227543538,30.19978781247928,3.7999347368571037,3.755091253086928,0.04484348377017575,0.10047308673996969,vol_x_period,0.1,0.05,test
low vol,23386.0,0.4162319336355084,0.583725305738476,0.01144390109028957,33.849226032669115,3.3808457183761442,3.3237926928644574,0.05705302551168689,0.08891622585252246,vol_x_period,0.1,0.05,train
mid vol,16671.0,0.40027592825865277,0.5913262551736549,0.008340253574519965,20.598884290084577,4.048886074152379,4.153059072173677,-0.10417299802129823,0.10739596182112487,vol_x_period,0.1,0.05,test
mid vol,21795.0,0.3842165634319798,0.6157834365680201,0.006864224076180263,21.36178022482221,3.2133202401380823,3.3254967972907328,-0.1121765571526507,0.08433040994941421,vol_x_period,0.1,0.05,train
high vol,14687.0,0.40505208687955335,0.5900456185742493,0.009978717072307833,11.885681214679648,8.395578589120678,9.216483776430813,-0.8209051873101338,0.235505030526858,vol_x_period,0.1,0.05,test
high vol,23779.0,0.4076285798393541,0.5923714201606459,0.010722127505145564,11.521678792211615,9.306046192151678,9.905937780054005,-0.5998915879023269,0.26415423867468557,vol_x_period,0.1,0.05,train
6m losers,15219.0,0.40915960312766936,0.5853209803535054,0.0101131154325607,19.1043432551416,5.293621087884784,5.185167412397387,0.10845367548739594,0.1426658022949474,mom_x_period,0.1,0.05,test
6m losers,23118.0,0.4172073708798339,0.582792629120166,0.012125712429744466,17.131715546327538,7.0779323862541075,7.282350249613186,-0.20441786335907902,0.19518478296179786,mom_x_period,0.1,0.05,train
6m middle,15569.0,0.421478579227953,0.5694007322242919,0.012027033524879294,24.797032564711927,4.850190640147273,4.997937890537411,-0.14774725039013695,0.12997462083316558,mom_x_period,0.1,0.05,test
6m middle,22768.0,0.4084241040056219,0.5915319747013352,0.010413557387518915,27.437895291637385,3.7953193117887563,3.806997569638053,-0.011678257849296918,0.10034514815958406,mom_x_period,0.1,0.05,train
6m winners,15530.0,0.3892466194462331,0.6057308435286543,0.007419533483250392,19.031745009658724,3.898504041266281,4.35105962828129,-0.4525555870150093,0.10320894634624778,mom_x_period,0.1,0.05,test
6m winners,22807.0,0.38404875696058227,0.6159512430394177,0.006720867692818143,22.15416319551015,3.033681585490993,3.193555858334741,-0.15987427284374786,0.07943438055416863,mom_x_period,0.1,0.05,train
above MA200,74893.0,0.5915372598240156,0.39699304340859626,0.018328659594993614,42.16486186960063,4.346903744562704,4.490971836285898,-0.14406809172319437,0.11574034692098434,trend,0.1,0.1,
beaten-down,23413.0,0.5994532951778926,0.3940545850595823,0.020758500064951706,26.27343783368214,7.900945508676306,7.980878583393188,-0.07993307471688169,0.22021273049150736,trend,0.1,0.1,
below MA200,17138.0,0.5900338429221613,0.40278912358501573,0.01781429104033799,36.8706383475318,4.8315656681681824,4.969532746334463,-0.1379670781662801,0.12944464897641428,trend,0.1,0.1,
low vol,38467.0,0.6024124574310448,0.38703304130813426,0.0203343115860829,55.9389606675852,3.6350892729163573,3.6528940263129788,-0.017804753396621083,0.09591277908244566,vol,0.1,0.1,
mid vol,38466.0,0.5809286122809754,0.40768470857380545,0.01614230186836794,37.69838298757344,4.281961343988931,4.406088125083915,-0.1241267810949846,0.11391666323226057,vol,0.1,0.1,
high vol,38466.0,0.5955909114542713,0.39689596006863204,0.01979675015822317,20.848281599334477,9.495626804491707,9.958138998963213,-0.4625121944715053,0.27020239893446774,vol,0.1,0.1,
6m losers,38337.0,0.6000469520306754,0.3924146385997861,0.020464356782896244,31.341054333933275,6.529568713564074,6.590520003402201,-0.060951289838126865,0.1787934725740692,mom,0.1,0.1,
6m middle,38337.0,0.5921955291233012,0.39371886167410075,0.01844751667604762,45.55001695489997,4.04994726880407,4.107166869265731,-0.057219600461660275,0.10742556432899786,mom,0.1,0.1,
6m winners,38337.0,0.586822130057125,0.40522210918955576,0.017369431590362732,37.74831103111876,4.60137980108403,4.881151709365387,-0.2797719082813573,0.12291513339681837,mom,0.1,0.1,
NASDAQ-100,21367.0,0.6041559414049703,0.3893386998642767,0.021353723476282442,31.842420555061544,6.706061632267506,7.129505337787318,-0.42344370551981175,0.18404449342526252,index,0.1,0.1,
S&P-only,94077.0,0.5903674649489248,0.3990560923498836,0.018152613023376136,39.58996354050406,4.585155276741894,4.666560566373312,-0.08140528963141856,0.12245632508919146,index,0.1,0.1,
(NASDAQ-only),2411.0,0.5935296557445043,0.40398175031107425,0.02021582715277536,25.92077975943592,7.799081408967341,7.985641001173456,-0.18655959220611487,0.21708694191048905,sector,0.1,0.1,
Communication Services,5190.0,0.5585741811175338,0.4368015414258189,0.01251837793232682,32.369556840077074,3.867330650887284,3.771988959557245,0.09534169133003888,0.10234297554864824,sector,0.1,0.1,
Consumer Discretionary,10681.0,0.5847767063009082,0.4063289954124146,0.017685956806741315,30.44153169178916,5.809811735429745,6.114260682776062,-0.3044489473463168,0.15761834339806358,sector,0.1,0.1,
Consumer Staples,7706.0,0.5670905787697897,0.4205813651699974,0.012876129531785518,52.30028549182455,2.4619616146834002,2.3670054957540074,0.09495611892939275,0.0639983038178269,sector,0.1,0.1,
Energy,4759.0,0.5673460811094768,0.42845135532674933,0.013234708850683048,27.45702878756041,4.820153321425339,4.92303681629149,-0.10288349486615056,0.12912003403962147,sector,0.1,0.1,
Financials,17355.0,0.6146931719965428,0.37435897435897436,0.02289609620665189,41.93091328147508,5.460433464197237,5.471077553785536,-0.01064408958829856,0.14747671222331538,sector,0.1,0.1,
Health Care,13283.0,0.5903786795151698,0.40450199503124296,0.017387376431992698,37.69999247158022,4.612037109848233,4.922747785987271,-0.31071067613903763,0.12321660977948445,sector,0.1,0.1,
Industrials,18167.0,0.6032366378598558,0.38834149832113174,0.020820456374410354,37.886937854351295,5.495418092232844,5.711860565647447,-0.21644247341460165,0.14848823389698684,sector,0.1,0.1,
Information Technology,16249.0,0.5940057849713829,0.4031632715859437,0.019065879131938464,26.756969659671363,7.125574896724921,7.723710834254019,-0.5981359375290972,0.19661955354647853,sector,0.1,0.1,
Materials,5682.0,0.5596620908130939,0.4332981344596973,0.01205948356334332,36.042062653995075,3.3459471171544033,3.4470613965775745,-0.10111427942317093,0.08795932686824459,sector,0.1,0.1,
Real Estate,6916.0,0.5709947946790052,0.4064488143435512,0.014960856602961647,48.112492770387504,3.109557568418035,3.1418253898101414,-0.03226782139210656,0.08149967929137025,sector,0.1,0.1,
Utilities,7045.0,0.6462739531582683,0.31951738821859477,0.029926226300104893,60.53456352022711,4.943659383965873,4.750621320706338,0.1930380632595357,0.13263800821998006,sector,0.1,0.1,
test,46454.0,0.5927584276919102,0.384208033753821,0.019140940709735616,37.35187497309166,5.124492605397927,5.177874400088239,-0.053381794690311304,0.1378086057674035,period,0.1,0.1,
train,68990.0,0.5930279750688505,0.40604435425423974,0.018478549430175756,38.69746340049282,4.775131961218013,4.961918329589363,-0.18678636837135001,0.1278403441566942,period,0.1,0.1,
ALL,115444.0,0.5929195107584629,0.397257544783618,0.01874509186201001,38.156006375385466,4.912749955431005,5.0469864154063515,-0.13423645997534583,0.13175655427502364,all,0.1,0.1,
above MA200,30025.0,0.5924396336386345,0.3805828476269775,0.019135375756462097,39.47377185678601,4.847617761456078,4.996810894115112,-0.149193132659033,0.12990139506543552,trend_x_period,0.1,0.1,test
above MA200,44868.0,0.5909334046536507,0.4079745029865383,0.01778881710707146,43.96569938486226,4.046067128684479,4.187056017670469,-0.14098888898599027,0.10731732988169007,trend_x_period,0.1,0.1,train
beaten-down,8953.0,0.5898581481067798,0.3939461632972188,0.01899551163827507,29.465207193119625,6.446759906955851,6.165143902750134,0.2816160042057173,0.1763377441527083,trend_x_period,0.1,0.1,test
beaten-down,14460.0,0.6053941908713693,0.3941217150760719,0.021850065444207305,24.297233748271093,8.992820199444342,9.34422225877985,-0.3514020593355083,0.25422422350222673,trend_x_period,0.1,0.1,train
below MA200,7476.0,0.5975120385232745,0.38710540395933657,0.019337451437240104,38.27474585339754,5.052274288458423,5.017649050220479,0.03462523823794428,0.1357408403736866,trend_x_period,0.1,0.1,test
below MA200,9662.0,0.5842475677913476,0.41492444628441316,0.0166357413480134,35.78420616849514,4.648906075960325,4.929711445132855,-0.28080536917252996,0.1242601895168376,trend_x_period,0.1,0.1,train
low vol,15081.0,0.6130893176845037,0.3631722034347855,0.023283701597509095,54.789271268483525,4.249682658382536,4.17140238353473,0.07828027484780599,0.11301133239132333,vol_x_period,0.1,0.1,test
low vol,23386.0,0.5955272385187719,0.40242025143248095,0.018432329598469868,56.680364320533656,3.251977967931369,3.329678030048763,-0.0777000621173939,0.08538691023994671,vol_x_period,0.1,0.1,train
mid vol,16671.0,0.579089436746446,0.3953572071261472,0.01584296677681156,36.35984643992562,4.357269990946631,4.431564654499367,-0.07429466355273666,0.11603172235939518,vol_x_period,0.1,0.1,test
mid vol,21795.0,0.5823353980270705,0.41711401697637074,0.01637126334170295,38.72222986923607,4.2278720510126275,4.387789994401182,-0.1599179433885541,0.11240001810689604,vol_x_period,0.1,0.1,train
high vol,14687.0,0.5877306461496562,0.39286443793831277,0.018695695984732363,20.599645945393885,9.07573656085713,9.444477697167862,-0.3687411363107319,0.2568452848204543,vol_x_period,0.1,0.1,test
high vol,23779.0,0.6004457714790361,0.3993860128684974,0.020476811668213475,21.00185037217713,9.750003597464337,10.26932392551407,-0.5193203280497345,0.2783630465759954,vol_x_period,0.1,0.1,train
6m losers,15219.0,0.5899204941191931,0.39194428017609567,0.018598777858927724,33.85005585123859,5.4944600211781305,5.313146177846272,0.18131384333185943,0.14846052105959062,mom_x_period,0.1,0.1,test
6m losers,23118.0,0.6067133835106843,0.3927242841076218,0.021692501330170096,29.689332987282636,7.3064966934292634,7.549286433557739,-0.24278974012847562,0.20208372022235066,mom_x_period,0.1,0.1,train
6m middle,15569.0,0.6039565803840966,0.36360716809043614,0.021413877870925982,43.99113623225641,4.86777103411671,4.857595522631671,0.01017551148503864,0.13047509656169454,mom_x_period,0.1,0.1,test
6m middle,22768.0,0.5841531974701335,0.4143095572733661,0.016419087413790896,46.61599613492621,3.5222002692524645,3.6229103741759485,-0.1007101049234837,0.09280066572621015,mom_x_period,0.1,0.1,train
6m winners,15530.0,0.5844816484224082,0.39690920798454604,0.017410102159504,34.33638119768191,5.070453423519011,5.423579302528939,-0.3531258790099277,0.13626099525098723,mom_x_period,0.1,0.1,test
6m winners,22807.0,0.5884158372429518,0.41088262375586443,0.017341737727129346,40.07160082430833,4.327687781469779,4.564659593060111,-0.23697181159033237,0.11520042320106949,mom_x_period,0.1,0.1,train
above MA200,74893.0,0.7484411093159574,0.20712216094962146,0.02954084268682141,68.72889322099529,4.298169416439443,4.328001943258187,-0.029832526818743613,0.1143715329160806,trend,0.1,0.2,
beaten-down,23413.0,0.7760645795071114,0.20322043309272628,0.036816401078573875,45.156878657156284,8.152999537034955,8.199132528041437,-0.0461329910064832,0.2279816417063718,trend,0.1,0.2,
below MA200,17138.0,0.7630411950052515,0.20229898471233515,0.033365351563737856,62.355525732290815,5.350825154932437,5.437031352509828,-0.08620619757739142,0.1443133139517907,trend,0.1,0.2,
low vol,38467.0,0.7456521173993294,0.20063950918969506,0.02942639427318629,87.655028985884,3.3570685690977444,3.313657412035799,0.04341115706194562,0.08826417953547239,vol,0.1,0.2,
mid vol,38466.0,0.7485311703842354,0.2122393802318931,0.029225972508810722,64.73246503405605,4.514886385592578,4.547468172594486,-0.03258178700190836,0.12047136743974929,vol,0.1,0.2,
high vol,38466.0,0.7746061456871003,0.20379036031820308,0.03615375317926909,36.653096240836064,9.86376510778627,10.118486665715126,-0.2547215579288566,0.2820295023713295,vol,0.1,0.2,
6m losers,38337.0,0.7716044552260218,0.20051125544513135,0.035785435232155986,53.01043378459452,6.750639954686745,6.7878502037604544,-0.037210249073709116,0.18537446993410467,mom,0.1,0.2,
6m middle,38337.0,0.744424446357305,0.20335446174713723,0.029066677956626985,73.73083444192295,3.9422689539099847,3.957755152993537,-0.015486199083552588,0.1044258426430309,mom,0.1,0.2,
6m winners,38337.0,0.7528758118788638,0.2122753475754493,0.030017239886238493,62.540261366304094,4.7996665236853975,4.865498106690472,-0.06583158300507469,0.12853753683578684,mom,0.1,0.2,
NASDAQ-100,21367.0,0.7717508307202696,0.20058969438854307,0.035794764665140054,52.239528244489165,6.8520459253795245,7.078110324846618,-0.22606439946709372,0.18840542155343032,index,0.1,0.2,
S&P-only,94077.0,0.7526813142425886,0.20675616781997724,0.030627819640252747,65.44658099216599,4.679819659932873,4.6866610332963115,-0.0068413733634383085,0.1251359458815844,index,0.1,0.2,
(NASDAQ-only),2411.0,0.7515553712152634,0.22978017420157612,0.031419212202869126,39.65532973869764,7.923074252540815,8.025955730850535,-0.1028814783097208,0.22089282673629929,sector,0.1,0.2,
Communication Services,5190.0,0.7258188824662813,0.24104046242774566,0.022955963935049374,57.32813102119461,4.004310541113297,3.9805796332898207,0.023730907823475807,0.10615321865815042,sector,0.1,0.2,
Consumer Discretionary,10681.0,0.7471210560808913,0.22497893455668944,0.028689320265154895,50.32085010766782,5.70127893383567,5.849016066521646,-0.1477371326859755,0.1544583684503933,sector,0.1,0.2,
Consumer Staples,7706.0,0.7300804567869192,0.1953023617960031,0.02727159047317316,88.34479626265248,3.08694927453267,2.9978315447106665,0.08911772982200339,0.08088388377822997,sector,0.1,0.2,
Energy,4759.0,0.7386005463332633,0.2408068922042446,0.023371259915309892,49.62324017650767,4.709740805352362,4.7696550620337925,-0.059914256681430446,0.12598423437646544,sector,0.1,0.2,
Financials,17355.0,0.7789109766637856,0.18853356381446268,0.03726689462375926,66.21555747623164,5.628117627362177,5.598631755886349,0.029485871475827367,0.15233309769825465,sector,0.1,0.2,
Health Care,13283.0,0.7576601671309192,0.21343070089588195,0.030922476146983808,64.06474441014831,4.826754002016352,4.888531830163637,-0.06177782814728518,0.12930777370734936,sector,0.1,0.2,
Industrials,18167.0,0.7677106842076292,0.19518907909946606,0.03469928329822934,63.147079870094124,5.494994126349554,5.5509556753753,-0.05596154902574564,0.14847597032193272,sector,0.1,0.2,
Information Technology,16249.0,0.7649701520093545,0.2210597575235399,0.03194310017386974,45.0130469567358,7.0964092265453145,7.4582512984145,-0.3618420718691853,0.19574101584208092,sector,0.1,0.2,
Materials,5682.0,0.7259767687434002,0.24234424498416052,0.02144094900767706,62.86395635339669,3.410690362398509,3.4184380394055824,-0.007747677007073563,0.0897352132705358,sector,0.1,0.2,
Real Estate,6916.0,0.7257085020242915,0.19982648930017352,0.026043205753878074,79.86755349913244,3.2607992373474874,3.221142511085142,0.039656726262345295,0.08562813565530392,sector,0.1,0.2,
Utilities,7045.0,0.7802696948190205,0.12405961674946771,0.044658596885935944,90.46827537260468,4.9363820302757,4.827164563562719,0.10921746671298141,0.1324304161003731,sector,0.1,0.2,
test,46454.0,0.7532612907392259,0.18500021526671545,0.033637093142359936,61.41632582770052,5.476897663452972,5.514772616096875,-0.03787495264390259,0.14795263626728383,period,0.1,0.2,
train,68990.0,0.7581968401217568,0.21949557906943035,0.03020180605973209,64.06995216698073,4.7138799137885075,4.756049511655189,-0.04216959786668194,0.1261016315688679,period,0.1,0.2,
ALL,115444.0,0.756210803506462,0.20561484356051418,0.03158414577540718,63.00214822771214,5.0131855284125955,5.053670484698446,-0.04048495628585034,0.13462320692396634,all,0.1,0.2,
above MA200,30025.0,0.7516736053288926,0.17825145711906745,0.03380955893562504,64.45552039966694,5.24540934988708,5.31311555061507,-0.06770620072799007,0.14127910996830506,trend_x_period,0.1,0.2,test
above MA200,44868.0,0.7462779709369707,0.22644200766693412,0.02668428109793114,71.5885709191406,3.727449892535371,3.7344632323891895,-0.007013339853818639,0.09846553236378908,trend_x_period,0.1,0.2,train
beaten-down,8953.0,0.750139618005138,0.20898023009047248,0.03138124163618563,48.83625600357422,6.425808242525574,6.315908720830847,0.10989952169472703,0.1757172222762624,trend_x_period,0.1,0.2,test
beaten-down,14460.0,0.7921161825726141,0.1996542185338866,0.04018161425199724,42.87876901798064,9.370981297328667,9.5271453862726,-0.1561640889439337,0.2662226162752217,trend_x_period,0.1,0.2,train
below MA200,7476.0,0.7633761369716426,0.1833868378812199,0.03564596862282999,64.27581594435527,5.5457823598364495,5.597974649921244,-0.05219229008479381,0.14994599178239776,trend_x_period,0.1,0.2,test
below MA200,9662.0,0.762782032705444,0.21693231215069345,0.031600717623169385,60.869695715172845,5.191535336571816,5.305532603214327,-0.11399726664251168,0.13973153910564817,trend_x_period,0.1,0.2,train
low vol,15081.0,0.7696439228167893,0.15483058152642398,0.04000509173248676,88.12286983621776,4.539694611267074,4.468977778681542,0.07071683258553238,0.12117175130634927,vol_x_period,0.1,0.2,test
low vol,23386.0,0.7301804498417857,0.23018044984178568,0.022604477896563085,87.3533310527666,2.5877064588308185,2.562059118388836,0.025647340441982393,0.06737436355542226,vol_x_period,0.1,0.2,train
mid vol,16671.0,0.7400275928258653,0.19860836182592526,0.029157413769923233,61.00419890828385,4.779574896764017,4.858175139494438,-0.07860024273042177,0.12796656615516144,vol_x_period,0.1,0.2,test
mid vol,21795.0,0.7550355586143611,0.22266574902500574,0.02927841310234104,67.58421656343198,4.332137678160615,4.332946974300789,-0.0008092961401739594,0.11532543175455601,vol_x_period,0.1,0.2,train
high vol,14687.0,0.7517532511745081,0.20024511472730985,0.03226947276354534,34.50166814189419,9.353018129683306,9.594162658085592,-0.24114452840228526,0.26565009855520105,vol_x_period,0.1,0.2,test
high vol,23779.0,0.7887211405021237,0.2059800664451827,0.03855286274929873,37.98191681735985,10.150320462941437,10.412659433571175,-0.2623389706297367,0.2913114719952625,vol_x_period,0.1,0.2,train
6m losers,15219.0,0.7510348905972797,0.1989618240357448,0.03213828738196982,56.69064984558775,5.669063147010503,5.614272593301996,0.05479055370850774,0.15352204791190194,mom_x_period,0.1,0.2,test
6m losers,23118.0,0.7851457738558699,0.2015312743316896,0.038186419016738714,50.587680595207196,7.5485609475356314,7.653643742856516,-0.1050827953208845,0.2094333887991351,mom_x_period,0.1,0.2,train
6m middle,15569.0,0.7525210353908408,0.1673196737105787,0.035084565478486054,71.17727535487187,4.929180739718302,4.956689811456486,-0.0275090717381831,0.13222503104511985,mom_x_period,0.1,0.2,test
6m middle,22768.0,0.7388879128601546,0.22799543218552354,0.024951582611061982,75.47698524244554,3.305853106203573,3.313586285409979,-0.007733179206406335,0.0868610066465918,mom_x_period,0.1,0.2,train
6m winners,15530.0,0.7564069542820347,0.18828074694140373,0.03375654452542233,56.58203477141017,5.965947435753736,6.1023251648741725,-0.13637772912043658,0.16217941293047322,mom_x_period,0.1,0.2,test
6m winners,22807.0,0.7504713465164204,0.22861402201078615,0.02747103034326814,66.59740430569562,4.12494009784083,4.149958744157166,-0.02501864631633565,0.10951952060829906,mom_x_period,0.1,0.2,train
above MA200,74893.0,0.8142416514226963,0.024247927042580747,0.04453918088881422,93.62206080675097,4.7573382282995595,4.7595757333080755,-0.0022375050085166525,0.12733497239766112,trend,0.1,0.5,
beaten-down,23413.0,0.8648614017853329,0.025840345107418956,0.057374983485525624,69.13351556827403,8.299156062570539,8.279613988577648,0.019542073992892324,0.2325090836552819,trend,0.1,0.5,
below MA200,17138.0,0.8377873730890419,0.02719103746061384,0.04968820575296102,86.83889602053915,5.721883629336876,5.7819312775955085,-0.06004764825863224,0.155057620777878,trend,0.1,0.5,
low vol,38467.0,0.7987625757142486,0.02269477734161749,0.04187665433839259,112.01172433514441,3.738595632462156,3.710636742486095,0.027958889976060965,0.09877398945344784,vol,0.1,0.5,
mid vol,38466.0,0.8144595226953674,0.02339728591483388,0.0440262224956878,91.56772214423127,4.808050420468107,4.806142145476584,0.0019082749915232686,0.12877587838077797,vol,0.1,0.5,
high vol,38466.0,0.8708209847657672,0.028856652628295117,0.05786738073515783,59.39429626163365,9.74291882847644,9.83069503353404,-0.08777620505759907,0.27813505508694836,vol,0.1,0.5,
6m losers,38337.0,0.8529618906017685,0.02504108302684091,0.054599950546223665,77.17017502673657,7.075265868880928,7.071792031093734,0.0034738377871935,0.19510453052868115,mom,0.1,0.5,
6m middle,38337.0,0.8059316065419829,0.023580353183608526,0.04352250179714766,98.7647964107781,4.406681669866541,4.408059117916841,-0.001377448050300851,0.11742163249328552,mom,0.1,0.5,
6m winners,38337.0,0.8246863343506273,0.025954039178861153,0.045681474362012885,87.32018676474424,5.231490684403449,5.250363660420369,-0.018872976016919916,0.14087908560717577,mom,0.1,0.5,
NASDAQ-100,21367.0,0.8646042963448308,0.023634576683671082,0.05952173500107129,75.05508494407263,7.930406720000912,8.022061999698463,-0.09165527969755152,0.2211182632203652,index,0.1,0.5,
S&P-only,94077.0,0.8196902537283289,0.025319684938933003,0.045268757731208815,90.50887039340115,5.001582445394135,4.992942806801667,0.008639638592467924,0.1342916602091666,index,0.1,0.5,
(NASDAQ-only),2411.0,0.873496474491912,0.04479469099958523,0.059602526060563,60.30568228950643,9.883401330977764,9.908025011306876,-0.024623680329111716,0.28266342357313956,sector,0.1,0.5,
Communication Services,5190.0,0.7998073217726397,0.03468208092485549,0.03413813455862349,86.55799614643546,3.9439608214670216,3.9164024671153537,0.027558354351668028,0.10447291235106904,sector,0.1,0.5,
Consumer Discretionary,10681.0,0.8364385357176294,0.03688793184158787,0.046001637065886364,76.35343132665481,6.024829043907984,6.057595852730406,-0.032766808822421625,0.1639041191781574,sector,0.1,0.5,
Consumer Staples,7706.0,0.7710874643135219,0.010641058915131067,0.03946827516437223,112.41824552296912,3.5108424776392844,3.4366489766614987,0.07419350097778558,0.09248804298530033,sector,0.1,0.5,
Energy,4759.0,0.820130279470477,0.064089094347552,0.02664055321131285,76.07396511872243,3.501927784326361,3.3621219800828674,0.13980580424349343,0.09224272882243345,sector,0.1,0.5,
Financials,17355.0,0.8367041198501872,0.02316335350043215,0.05031859138272006,89.46441947565543,5.624424958842155,5.584919416076263,0.03950554276589213,0.15222593233786874,sector,0.1,0.5,
Health Care,13283.0,0.8292554392832945,0.01942332304449296,0.04908876066831711,91.33614394338629,5.37451643445165,5.41064678858212,-0.03613035413047028,0.14499632975350107,sector,0.1,0.5,
Industrials,18167.0,0.8422414267628117,0.016898772499587163,0.05478364311698718,85.57263169483129,6.402005177584855,6.420213555432314,-0.01820837784745799,0.175012646551574,sector,0.1,0.5,
Information Technology,16249.0,0.8708843621145916,0.02849406117299526,0.05731131190307782,70.7460151393932,8.100995058188854,8.291960119152026,-0.19096506096317112,0.2263747150922124,sector,0.1,0.5,
Materials,5682.0,0.8030623020063358,0.025519183386131645,0.03762566429823378,93.18268215417106,4.037838730160395,4.046913743486857,-0.009075013326462104,0.10708783793855203,sector,0.1,0.5,
Real Estate,6916.0,0.7716888374783112,0.02313475997686524,0.03596523410700611,104.98626373626374,3.4257085476776723,3.3950351044565283,0.0306734432211443,0.09014756964636095,sector,0.1,0.5,
Utilities,7045.0,0.8039744499645138,0.011781405251951739,0.0529520398658803,107.08843151171044,4.944702160484052,4.8884071650528735,0.05629499543117859,0.13266775732792735,sector,0.1,0.5,
test,46454.0,0.8216515262410126,0.013475696387824514,0.052172040442629075,82.79134197270417,6.301630001338775,6.333713081744667,-0.03208308040589226,0.17204614326093193,period,0.1,0.5,
train,68990.0,0.8322800405855921,0.03277286563270039,0.04503478570988448,90.9192056819829,4.953275314283663,4.945309094736083,0.007966219547580512,0.13291236817181407,period,0.1,0.5,
ALL,115444.0,0.8280031876927342,0.025007795987665015,0.04790677586402777,87.64860018710371,5.465777634983451,5.473033937644314,-0.007256302660863141,0.147631172491008,all,0.1,0.5,
above MA200,30025.0,0.8151540383014155,0.011090757701915071,0.05169343373617411,85.26900915903414,6.062394092062375,6.104868742083941,-0.04247465002156546,0.16500577201366573,trend_x_period,0.1,0.5,test
above MA200,44868.0,0.8136310956583757,0.03305250958366765,0.03975166101402639,99.2117990550058,4.006747321655458,3.9858428018704632,0.020904519784994427,0.10622111895181874,trend_x_period,0.1,0.5,train
beaten-down,8953.0,0.836591086786552,0.01787110465765665,0.0542862839605505,72.21490003350831,7.517324532106422,7.442607793544053,0.07471673856236974,0.20848246467064357,trend_x_period,0.1,0.5,test
beaten-down,14460.0,0.8823651452282157,0.030774550484094054,0.0592873712342879,67.22565698478562,8.81915832339217,8.836313349987137,-0.01715502659496715,0.24875224354579273,trend_x_period,0.1,0.5,train
below MA200,7476.0,0.8298555377207063,0.017790262172284643,0.05156226839144658,85.5065543071161,6.03021239825067,6.128695223422758,-0.09848282517208756,0.16406193061021312,trend_x_period,0.1,0.5,test
below MA200,9662.0,0.8439246532808943,0.03446491409646036,0.04823814445247271,87.86979921341337,5.489729677805971,5.5208378332314085,-0.03110815542543724,0.14832370251861238,trend_x_period,0.1,0.5,train
low vol,15081.0,0.8051190239374046,0.006564551422319475,0.05148590496442838,107.32000530468802,4.79741915948073,4.757997724054187,0.03942143542654268,0.12847365617956474,vol_x_period,0.1,0.5,test
low vol,23386.0,0.7946634738732575,0.03309672453604721,0.03567990805038928,115.03728726588557,3.101595047866727,3.0805321589395542,0.02106288892717294,0.08128275954305098,vol_x_period,0.1,0.5,train
mid vol,16671.0,0.8100893767620418,0.012776678063703436,0.048169051991382175,85.68622158238858,5.621563315762139,5.670866109658246,-0.049302793896107255,0.15214289109017987,vol_x_period,0.1,0.5,test
mid vol,21795.0,0.8178022482220693,0.03152099105299381,0.040857371359063754,96.06648313833448,4.253030820356948,4.216183766718278,0.036847053638669254,0.11310520530669121,vol_x_period,0.1,0.5,train
high vol,14687.0,0.8518417648260367,0.021311363791107783,0.05745445580444676,54.338530673384625,10.573428300774488,10.720356889570398,-0.14692858879591106,0.3051391033368007,vol_x_period,0.1,0.5,test
high vol,23779.0,0.8825434206652929,0.033516968753942555,0.05812242209338794,62.51696875394256,9.297063381647487,9.353083883293698,-0.05602050164621106,0.2638683743483232,vol_x_period,0.1,0.5,train
6m losers,15219.0,0.8289637952559301,0.016755371575004927,0.052617769344015575,79.56620014455615,6.6130805855274515,6.60276228542982,0.01031830009763147,0.1812752221291687,mom_x_period,0.1,0.5,test
6m losers,23118.0,0.8687602733800501,0.030495717622631716,0.055904856494679626,75.59282809931655,7.395523874464629,7.396792710076574,-0.001268835611945105,0.20478161896060842,mom_x_period,0.1,0.5,train
6m middle,15569.0,0.8039694264243047,0.010597983171687328,0.04971657267341298,91.00044961140729,5.4633326412906875,5.486766566062492,-0.023433924771804494,0.1475605033210563,mom_x_period,0.1,0.5,test
6m middle,22768.0,0.8072733661278988,0.03245783555867885,0.03928693040429037,104.07413914265636,3.774898426057509,3.7630880639538775,0.011810362103631594,0.09977926340164989,mom_x_period,0.1,0.5,train
6m winners,15530.0,0.8315518351577592,0.012942691564713458,0.05409138192432308,78.01255634256279,6.933676379838283,7.011190750633908,-0.07751437079562498,0.19085090422132933,mom_x_period,0.1,0.5,test
6m winners,22807.0,0.8200114000087693,0.03481387293374841,0.03995490513139611,93.65804358311046,4.266040972331528,4.251653583244665,0.014387389086862268,0.11347004773606884,mom_x_period,0.1,0.5,train
above MA200,74893.0,0.818420947218031,0.0,0.04963077573865606,96.45551653692601,5.145457462731636,5.140586510682308,0.004870952049327746,0.13840957658355713,trend,0.1,none,
beaten-down,23413.0,0.8688335540084569,0.0,0.06110844811361353,71.91389399051809,8.497446699475171,8.486260009122171,0.011186690353000728,0.238678057168211,trend,0.1,none,
below MA200,17138.0,0.8412300151709651,0.0,0.05406271758607104,90.10047846889952,6.000269754919467,6.053664174923991,-0.05339442000452444,0.16318444124131526,trend,0.1,none,
low vol,38467.0,0.8027400109184496,0.0,0.047558993237022486,114.898978345075,4.139200706745104,4.107711280123394,0.03148942662170996,0.10991815259780968,vol,0.1,none,
mid vol,38466.0,0.8179431185982426,0.0,0.048274215528211505,93.99604845837882,5.135770739297321,5.13110849535187,0.004662243945451191,0.13813186128372723,vol,0.1,none,
high vol,38466.0,0.8754224509956845,0.0,0.06206417322634545,62.73267300993085,9.893436744919258,9.969675575910307,-0.07623883099104915,0.2829875199438796,vol,0.1,none,
6m losers,38337.0,0.8566397996713357,0.0,0.05860739001932422,79.97201137282521,7.328487681283859,7.329274427690872,-0.0007867464070130357,0.2027495796778227,mom,0.1,none,
6m middle,38337.0,0.8089313196129065,0.0,0.048294475408772644,101.56347653702689,4.755102626992684,4.756936679778887,-0.001834052786202963,0.12727149353493972,mom,0.1,none,
6m winners,38337.0,0.8299553955708584,0.0,0.05097307110731769,90.31885645720844,5.643679858974729,5.646569147932447,-0.002889288957718056,0.15278484011346372,mom,0.1,none,
NASDAQ-100,21367.0,0.8671783591519633,0.0,0.062469227940952755,77.73005101324472,8.036689430489165,8.123389417660793,-0.08669998717162676,0.22439058168247872,index,0.1,none,
S&P-only,94077.0,0.8240483858966591,0.0,0.05037869663844457,93.44310511602198,5.391376557520509,5.3782299235334445,0.013146633987065007,0.145482651706359,index,0.1,none,
(NASDAQ-only),2411.0,0.8776441310659477,0.0,0.06338738192642131,65.94815429282455,9.611699160672059,9.661219317526093,-0.04952015685403513,0.273919653183863,sector,0.1,none,
Communication Services,5190.0,0.8028901734104046,0.0,0.036733334382766984,90.43680154142582,4.0617684124908795,4.027857653637215,0.03391075885366508,0.10775537380974587,sector,0.1,none,
Consumer Discretionary,10681.0,0.8449583372343413,0.0,0.0541735459846655,80.63655088474862,6.718237001740577,6.757158067738287,-0.03892106599771025,0.1844075931228657,sector,0.1,none,
Consumer Staples,7706.0,0.7714767713470023,0.0,0.040952963168654655,113.49480923955359,3.608355610538558,3.539486918729363,0.0688686918091946,0.09517499122792583,sector,0.1,none,
Energy,4759.0,0.827064509350704,0.0,0.03766405360524794,83.57007774742593,4.5068826810332885,4.52668182936416,-0.01979914833087203,0.1202455004752705,sector,0.1,none,
Financials,17355.0,0.8400460962258715,0.0,0.0552858945273951,92.71362719677326,5.963081825076005,5.919748197839222,0.0433336272367827,0.1620955410702165,sector,0.1,none,
Health Care,13283.0,0.8312128284273131,0.0,0.05152182000001313,93.28999473010614,5.522759450149934,5.543022331588866,-0.020262881438932102,0.14927938150894926,sector,0.1,none,
Industrials,18167.0,0.8464248362415369,0.0,0.05889224455613366,87.59448450487147,6.723282280730636,6.727201655924895,-0.003919375194258922,0.18455808834748177,sector,0.1,none,
Information Technology,16249.0,0.8753154040248631,0.0,0.06295936753803333,73.47861406855806,8.5683934483699,8.72137133725281,-0.15297788888291008,0.24089272713967147,sector,0.1,none,
Materials,5682.0,0.8120380147835269,0.0,0.044832823547579954,95.92414642731433,4.6737787321935285,4.678368739114198,-0.004590006920669179,0.1249647579765436,sector,0.1,none,
Real Estate,6916.0,0.7745806824754193,0.0,0.04004483460188722,107.90182186234817,3.711228773595034,3.669393993386936,0.04183478020809781,0.0980167688321616,sector,0.1,none,
Utilities,7045.0,0.8052519517388219,0.0,0.055197425093964976,108.58310858765081,5.0834264934870905,5.004669345942107,0.07875714754498388,0.13663233541351416,sector,0.1,none,
test,46454.0,0.8224480130882162,0.0,0.05357987516020687,84.05207301846988,6.374604841504985,6.406130477323934,-0.031525635818948836,0.1742021115271677,period,0.1,none,
train,68990.0,0.8384838382374257,0.0,0.051967779625699914,94.89998550514568,5.476057698963729,5.461598390773683,0.014459308190045402,0.14792835098995716,period,0.1,none,
ALL,115444.0,0.832031114652992,0.0,0.05261647757414233,90.53484806486262,5.81173754623699,5.81445732443094,-0.0027197781939504537,0.1576744918526376,all,0.1,none,
above MA200,30025.0,0.8158534554537885,0.0,0.05279415648214628,86.30621149042464,6.117074955607754,6.163292851609725,-0.04621789600197084,0.16661122895057057,trend_x_period,0.1,none,test
above MA200,44868.0,0.820139074618882,0.0,0.04751388827268268,103.24728091290007,4.601950564951501,4.568501348802247,0.033449216149253946,0.12293127725253772,trend_x_period,0.1,none,train
beaten-down,8953.0,0.8373729476153244,0.0,0.05584251180402405,73.76320786328606,7.570510207137884,7.489401744325968,0.08110846281191691,0.21010203165854313,trend_x_period,0.1,none,test
beaten-down,14460.0,0.8883125864453665,0.0,0.06436888571940569,70.76887966804979,9.095648542316331,9.129586122596127,-0.033937580279795515,0.257475532563199,trend_x_period,0.1,none,train
below MA200,7476.0,0.8310593900481541,0.0,0.05402581114692093,87.32062600321028,6.187061822591,6.274210287954737,-0.08714846536373713,0.16866929326990565,trend_x_period,0.1,none,test
below MA200,9662.0,0.8490995653073897,0.0,0.05409127404840663,92.25139722624715,5.863463933857546,5.892137015600273,-0.028673081742727063,0.15918362870041292,trend_x_period,0.1,none,train
low vol,15081.0,0.8051190239374046,0.0,0.05190043881669452,107.86519461574166,4.811602018759094,4.774977055177906,0.036624963581188656,0.1288768600829231,vol_x_period,0.1,none,test
low vol,23386.0,0.801205849653639,0.0,0.04475931219763851,119.4348755665783,3.7475914790640603,3.7190930098163104,0.028498469247750204,0.0990230114041013,vol_x_period,0.1,none,train
mid vol,16671.0,0.8103293143782616,0.0,0.04913386477782903,86.77793773618859,5.662022636122058,5.708656304816683,-0.04663366869462563,0.15331752303996438,vol_x_period,0.1,none,test
mid vol,21795.0,0.8237669190181234,0.0,0.04761666963968783,99.51718284010094,4.784768648063102,4.745892802766144,0.038875845296958034,0.12811413636251223,vol_x_period,0.1,none,train
high vol,14687.0,0.8540205624021243,0.0,0.06034569124949871,56.522570981139786,10.676388246676643,10.814763258613992,-0.13837501193734786,0.3085261984410177,vol_x_period,0.1,none,test
high vol,23779.0,0.8886412380672022,0.0,0.06312558643943046,66.56831658185794,9.482827519275778,9.526479799138773,-0.04365227986299534,0.2697931596666614,vol_x_period,0.1,none,train
6m losers,15219.0,0.8298836980090676,0.0,0.05436983344272082,81.03804454957618,6.709173912687304,6.690693004247112,0.018480908440191967,0.18413729879229224,mom_x_period,0.1,none,test
6m losers,23118.0,0.8742538281858292,0.0,0.061397050610176675,79.27022233757245,7.745285530891684,7.759039399159236,-0.013753868267551636,0.215439388059391,mom_x_period,0.1,none,train
6m middle,15569.0,0.8041621170274263,0.0,0.05058929876230889,91.90281970582568,5.504651426826902,5.531776692353649,-0.027125265526747096,0.1487553483367794,mom_x_period,0.1,none,test
6m middle,22768.0,0.8121925509486999,0.0,0.04672525084837184,108.16953619114547,4.31963124680539,4.306771660803602,0.0128595860017874,0.11497413081259977,mom_x_period,0.1,none,train
6m winners,15530.0,0.8326464906632325,0.0,0.0555813478065654,79.40212491951063,6.999982413935121,7.079900628253449,-0.07991821431832763,0.1928409870652017,mom_x_period,0.1,none,test
6m winners,22807.0,0.8281229447099575,0.0,0.04783515129588626,97.75240057876968,4.893501439623501,4.853785605365894,0.03971583425760739,0.1312079835276192,mom_x_period,0.1,none,train
