section,symbol,sector,last filing,cluster (2+ insiders/30d),insiders 30d,buys,total,avg price,last,6m,vs MA200,CEO/CFO,buyers,date,news_date,bars_ago,gap,volume_ratio,ret_6m,dist_ma200,last_close,since_news,bars_left,status,score,start,end,breakout,level,stop,rev yoy,3y CAGR,op margin,FCF margin,12-1 mom,fwd P/E,PEG,caution,in tables,read,why fell,from 52w high,vs MA50,consensus,analysts,target upside,up/down 90d,EPS est 30d,last surprise,next report,group,concerns,sentiment,vs peers 20d,AI,action,P(buy),P(watch),P(skip),kind of decline,evidence vs setup,P(corporate action),P(event in 4w),severity 0-3,rules,rules fired,signal_date,signal day,10d,volume,days listed,bars since breakout,flags,n_days,n_flags,market_wide,entry_date,ret_5,spy_5,bk_5,ret_10,spy_10,bk_10,ret_20,spy_20,bk_20,ret_latest,spy_latest,bk_latest,bars,xspy_5,xbk_5,xspy_10,xbk_10,xspy_20,xbk_20,xspy_latest,xbk_latest
briefs,AEP,,,,,,,,118.64,,,,,2026-09-30,,,,,,,,,,,-1,,,,,,,,,,,,,,falling wedge,undecided,"guidance, earnings, rating cut, demand/competition, deal/financing, market-wide, company disclosure (8-K)",-14%,-4%,buy,20,+21%,0/1,+0.1%,-8.2%,2026-10-28,,"earnings miss, guidance / outlook cut",positive,+3.1% (z +0.9),buy 0.43,,,,,,,,,,,,,,,,,,,3,0,True,2026-10-01,0.03450610541921262,0.012520288224948217,0.02404633244921342,,,,,,,0.03865020109429951,0.018590745519103002,0.02393691741187897,7,0.0219858171942644,0.010459772969999198,,,,,0.020059455575196505,0.014713283682420537
briefs,ALB,,,,,,,,106.35,,,,,2026-10-06,,,,,,,,,,,1.5,,,,,,,,,,,,,,falling wedge,undecided,"earnings, guidance, demand/competition, market-wide, deal/financing, impairment, company disclosure (8-K), management, rating cut, news, legal/regulatory",-50%,-13%,buy,20,+58%,0/0,+0.0%,+15.7%,2026-11-04,,"weak demand / consumer, guidance / outlook cut",negative,-13.2% (z -1.1),watch 0.71,,,,,,,,,,,,,,,,,,Z D S T,3,3,True,2026-10-07,,,,,,,,,,-0.03754043463040291,0.0036093013682851893,0.009124810892158702,3,,,,,,,-0.0411497359986881,-0.04666524552256161
briefs,ALGN,,,,,,,,147.61,,,,,2026-09-18,,,,,,,,,,,2.5,,,,,,,,,,,,,,falling wedge,undecided,"management, company disclosure (8-K)",-25%,-11%,buy,15,+39%,0/0,+0.0%,+1.7%,2026-10-28,,"guidance / outlook cut, legal / regulatory",mixed,+4.2% (z +0.3),watch 0.89,,,,,,,,,,,,,,,,,,S,15,1,False,2026-09-21,-0.020071644226543284,-0.0008352556586459503,-0.022112587354946596,-0.04946953614807825,0.011197412189029254,-0.017938325136109826,,,,-0.035547708748007945,0.016078312984298515,0.0023240524703256908,15,-0.019236388567897333,0.002040943128403312,-0.06066694833710751,-0.03153121101196843,,,-0.05162602173230646,-0.03787176121833363
briefs,AME,,,,,,,,237.64,,,,,2026-09-18,,,,,,,,,,,5.5,,,,,,,,,,,,,,insider buys (other),signs of a bottom,market-wide,-8%,-1%,buy,18,+19%,0/0,+0.2%,+4.8%,2026-10-29,,,,,,,,,,,,,,,,,,,,,,,,6,0,True,2026-09-21,0.049543372181659384,-0.0008352556586459503,-0.022112587354946596,0.05058595113407516,0.011197412189029254,-0.017938325136109826,,,,0.03665711160195517,0.016078312984298515,0.0023240524703256908,15,0.050378627840305334,0.07165595953660597,0.0393885389450459,0.06852427627018498,,,0.020578798617656657,0.034333059131629484
briefs,AMT,,,,,,,,173.98,,,,,2026-09-18,,,,,,,,,,,10.5,,,,,,,,,,,,,,insider buys (other),signs of a bottom,not found,-10%,+1%,buy,23,+23%,3/0,+5.8%,+20.6%,2026-10-27,,"guidance / outlook cut, technology disruption / AI",positive,+3.2% (z +0.8),buy 0.86,,,,,,,,,,,,,,,,,,,14,0,False,2026-09-21,-0.033538480974277474,-0.0008352556586459503,-0.022112587354946596,-0.05646712266073339,0.011197412189029254,-0.017938325136109826,,,,0.05971553414569297,0.016078312984298515,0.0023240524703256908,15,-0.03270322531563152,-0.011425893619330878,-0.06766453484976265,-0.03852879752462357,,,0.04363722116139446,0.057391481675367284
briefs,AON,,,,,,,,295.64,,,,,2026-09-18,,,,,,,,,,,1.5,,,,,,,,,,,,,,insider buys (other),undecided,"deal/financing, company disclosure (8-K), rating cut",-22%,-14%,buy,18,+29%,0/1,-1.7%,+0.3%,2026-10-30,,"management / turnaround, guidance / outlook cut",mixed,-4.5% (z -0.9),watch 0.78,,,,,,,,,,,,,,,,,,Z S,15,2,False,2026-09-21,-0.08386923956457304,-0.0008352556586459503,-0.022112587354946596,-0.08403764570881822,0.011197412189029254,-0.017938325136109826,,,,-0.07925661685105378,0.016078312984298515,0.0023240524703256908,15,-0.08303398390592709,-0.06175665220962644,-0.09523505789784747,-0.0660993205727084,,,-0.0953349298353523,-0.08158066932137947
briefs,AOS,,,,,,,,56.95,,,,,2026-09-18,,,,,,,,,,,0.5,,,,,,,,,,,,,,falling wedge,undecided,"earnings, rating cut, market-wide",-28%,-6%,hold,11,+23%,0/0,-0.1%,+11.5%,2026-10-27,,"legal / regulatory, earnings miss",mixed,-1.6% (z +0.4),,,,,,,,,,,,,,,,,,,,5,0,True,2026-09-21,0.01301405493839125,-0.0008352556586459503,-0.022112587354946596,-0.011452365698068068,0.011197412189029254,-0.017938325136109826,,,,-0.021690091563985492,0.016078312984298515,0.0023240524703256908,15,0.013849310597037201,0.03512664229333785,-0.022649777887097322,0.006485959438041759,,,-0.03776840454828401,-0.024014144034311184
briefs,APTV,,,,,,,,43.59,,,,,2026-09-18,,,,,,,,,,,0.5,,,,,,,,,,,,,,insider buys (beaten-down),undecided,"earnings, rating cut, market-wide",-51%,-14%,buy,18,+53%,0/2,+0.0%,+14.1%,2026-10-29,,"guidance / outlook cut, analyst downgrades",mixed,+4.0% (z +0.8),watch 0.76,,,,,,,,,,,,,,,,,,D,15,0,True,2026-09-21,-0.00930760169156064,-0.0008352556586459503,-0.022112587354946596,-0.0036322326942856975,0.011197412189029254,-0.017938325136109826,,,,-0.005675368997274943,0.016078312984298515,0.0023240524703256908,15,-0.00847234603291469,0.012804985663385955,-0.014829644883314952,0.014306092441824129,,,-0.02175368198157346,-0.007999421467600635
briefs,ARE,,,,,,,,53.3,,,,,2026-09-18,,,,,,,,,,,2,,,,,,,,,,,,,,insider buys (other),undecided,"earnings, rating cut",-35%,+5%,hold,14,-6%,0/0,-29.1%,+26.2%,2026-10-26,,"guidance / outlook cut, earnings miss",mixed,+5.7% (z +0.8),watch 0.76,,,,,,,,,,,,,,,,,,,14,0,False,2026-09-21,-0.08859336924537886,-0.0008352556586459503,-0.022112587354946596,-0.12770544910813952,0.011197412189029254,-0.017938325136109826,,,,-0.13474013463875578,0.016078312984298515,0.0023240524703256908,15,-0.08775811358673291,-0.06648078189043227,-0.13890286129716878,-0.1097671239720297,,,-0.1508184476230543,-0.13706418710908147
briefs,ATO,,,,,,,,160.3,,,,,2026-09-18,,,,,,,,,,,-1.5,,,,,,,,,,,,,,falling wedge,undecided,rating cut,-16%,-6%,hold,11,+15%,0/1,-0.1%,+5.6%,2026-11-04,,"legal / regulatory, competition / market share",mixed,-1.9% (z -0.7),watch 0.62,,,,,,,,,,,,,,,,,,S,7,1,False,2026-09-21,-0.02002989869652838,-0.0008352556586459503,-0.022112587354946596,-0.013790038255516501,0.011197412189029254,-0.017938325136109826,,,,0.00873586174504526,0.016078312984298515,0.0023240524703256908,15,-0.01919464303788243,0.002082688658418215,-0.024987450444545756,0.004148286880593325,,,-0.007342451239253256,0.006411809274719568
briefs,AXON,,,,,,,,447.76,,,,,2026-09-18,,,,,,,,,,,5.5,,,,,,,,,,,,,,news-day,signs of a bottom,"earnings, deal/financing, company disclosure (8-K), demand/competition",-42%,-18%,buy,19,+56%,0/0,-0.6%,+2.0%,2026-11-03,,,,,,,,,,,,,,,,,,,,,,,,2,0,False,2026-09-21,-0.0485417606198838,-0.0008352556586459503,-0.022112587354946596,-0.07752792175107814,0.011197412189029254,-0.017938325136109826,,,,-0.05270820767784834,0.016078312984298515,0.0023240524703256908,15,-0.04770650496123785,-0.026429173264937204,-0.0887253339401074,-0.05958959661496832,,,-0.06878652066214686,-0.05503226014817403
briefs,AZO,,,,,,,,2894.73,,,,,2026-09-22,,,,,,,,,,,1,,,,,,,,,,,,,,falling wedge,undecided,earnings,-33%,-3%,strong buy,23,+33%,0/0,-0.6%,+4.1%,2026-09-22,,,,,,,,,,,,,,,,,,,,,,,,1,0,False,2026-09-23,-0.020211842122390467,-0.013147133675912914,-0.03165897009664555,-0.014585889847979261,0.005732466519673851,-0.018549782260570555,,,,0.017812698051523856,0.007479430972473722,-0.003965628710180786,13,-0.007064708446477552,0.01144712797425508,-0.020318356367653112,0.003963892412591295,,,0.010333267079050135,0.021778326761704644
briefs,BG,,,,,,,,115.58,,,,,2026-09-18,,,,,,,,,,,6.5,,,,,,,,,,,,,,insider buys (other),signs of a bottom,"earnings, market-wide",-11%,+0%,buy,9,+19%,0/0,+0.0%,+2.9%,2026-11-04,,,,,,,,,,,,,,,,,,,,,,,,1,0,True,2026-09-21,-0.05575759689529214,-0.0008352556586459503,-0.022112587354946596,-0.07082251346472535,0.011197412189029254,-0.017938325136109826,,,,-0.11056274149841039,0.016078312984298515,0.0023240524703256908,15,-0.05492234123664619,-0.03364500954034554,-0.0820199256537546,-0.05288418832861552,,,-0.1266410544827089,-0.11288679396873608
briefs,BKNG,,,,,,,,155.9,,,,,2026-09-23,,,,,,,,,,,5,,,,,,,,,,,,,,falling wedge,signs of a bottom,"earnings, news",-29%,-19%,buy,37,+53%,0/0,-0.0%,+4.5%,2026-10-27,,,,,,,,,,,,,,,,,,,,,,,,1,0,False,2026-09-24,0.020566670899551553,-0.00010472481458079219,-0.01910170874040544,0.018592792818876935,0.012904557510498682,0.00299697894565304,,,,0.02094869928177312,0.018977318650131414,0.005166766765031093,12,0.020671395714132346,0.039668379639956994,0.005688235308378253,0.015595813873223896,,,0.001971380631641706,0.015781932516742026
briefs,BRO,,,,,,,,60.33,,,,,2026-09-24,,,,,,,,,,,1,,,,,,,,,,,,,,falling wedge,undecided,rating cut,-37%,-13%,hold,16,+27%,0/2,+0.0%,-0.4%,2026-10-26,,,,,,,,,,,,,,,,,,,,,,,,1,0,False,2026-09-25,-0.003824402137854288,0.0011186364353781286,-0.009885591367768254,0.04556038753366565,0.01273443332847446,0.015124500942061478,,,,0.04556038753366565,0.01273443332847446,0.015124500942061478,11,-0.004943038573232417,0.006061189229913966,0.03282595420519119,0.03043588659160417,,,0.03282595420519119,0.03043588659160417
briefs,BSX,,,,,,,,43.34,,,,,2026-09-18,,,,,,,,,,,2.5,,,,,,,,,,,,,,insider buys (beaten-down),undecided,rating cut,-59%,-7%,buy,29,+42%,0/2,-0.7%,+3.9%,2026-10-28,,"guidance / outlook cut, analyst downgrades",negative,-7.5% (z -0.3),watch 0.76,,,,,,,,,,,,,,,,,,D S,15,1,False,2026-09-21,0.026291323409735945,-0.0008352556586459503,-0.022112587354946596,-0.013494602664838595,0.011197412189029254,-0.017938325136109826,,,,-0.005816658973072486,0.016078312984298515,0.0023240524703256908,15,0.027126579068381895,0.04840391076468254,-0.02469201485386785,0.004443722471271231,,,-0.021894971957371,-0.008140711443398178
briefs,CASY,,,,,,,,633.25,,,,,2026-10-07,,,,,,,,,,,3.5,,,,,,,,,,,,,,early rally,signs of a bottom,"earnings, rating cut",-31%,-13%,buy,19,+25%,1/0,-0.3%,+8.1%,2026-12-08,,"guidance / outlook cut, macro / market",mixed,-2.5% (z -0.3),buy 0.53,,,,,,,,,,,,,,,,,,,2,0,False,2026-10-08,,,,,,,,,,0.006651120765186924,0.004787990143758636,0.014670715362202819,2,,,,,,,0.0018631306214282883,-0.008019594597015895
briefs,CBRE,,,,,,,,127.56,,,,,2026-10-07,,,,,,,,,,,4.5,,,,,,,,,,,,,,falling wedge,signs of a bottom,"earnings, rating cut, market-wide, news, demand/competition, management, guidance, deal/financing",-26%,-11%,strong buy,12,+43%,0/0,+0.1%,+5.8%,2026-10-22,,"guidance / outlook cut, weak demand / consumer",positive,-2.5% (z -0.1),buy 0.80,,,,,,,,,,,,,,,,,,,1,0,True,2026-10-08,,,,,,,,,,0.034237382693611096,0.004787990143758636,0.014670715362202819,2,,,,,,,0.02944939254985246,0.01956666733140828
briefs,CEG,,,,,,,,254.71,,,,,2026-09-18,,,,,,,,,,,4.5,,,,,,,,,,,,,,insider buys (beaten-down),signs of a bottom,"heavy volume, cause not found",-37%,-6%,buy,20,+33%,0/0,+1.8%,+11.7%,2026-11-09,,"guidance / outlook cut, debt / financing",mixed,-11.6% (z -0.9),,,,,,,,,,,,,,,,,,,,7,0,False,2026-09-21,0.01579681611606154,-0.0008352556586459503,-0.022112587354946596,0.04384113433304848,0.011197412189029254,-0.017938325136109826,,,,0.16261019442784597,0.016078312984298515,0.0023240524703256908,15,0.01663207177470749,0.037909403471008137,0.03264372214401923,0.061779459469158304,,,0.14653188144354745,0.16028614195752028
briefs,CHRW,,,,,,,,140.61,,,,,2026-10-05,,,,,,,,,,,4.5,,,,,,,,,,,,,,"news-day, early rally",signs of a bottom,"earnings, demand/competition, rating cut, news, legal/regulatory, market-wide, deal/financing, company disclosure (8-K), guidance, management",-33%,-6%,buy,25,+40%,1/0,+0.3%,+5.6%,2026-10-28,,"margins / costs, technology disruption / AI",positive,+1.9% (z +0.4),watch 0.64,,,,,,,,,,,,,,,,,,,4,0,True,2026-10-06,,,,,,,,,,0.010509094001962094,0.0005397197159666689,0.013721803956591349,4,,,,,,,0.009969374285995425,-0.003212709954629255
briefs,CIEN,,,,,,,,389.69,,,,,2026-10-05,,,,,,,,,,,7.5,,,,,,,,,,,,,,early rally,signs of a bottom,"earnings, guidance, demand/competition, market-wide, rating cut",-38%,+4%,buy,20,+32%,2/0,+9.3%,+22.1%,,,"guidance / outlook cut, technology disruption / AI",mixed,+11.4% (z +0.8),skip 0.43,,,,,,,,,,,,,,,,,,,1,0,True,2026-10-06,,,,,,,,,,0.1427664118055687,0.0005397197159666689,0.013721803956591349,4,,,,,,,0.14222669208960204,0.12904460784897737
briefs,CINF,,,,,,,,169,,,,,2026-09-18,,,,,,,,,,,-1.5,,,,,,,,,,,,,,insider buys (other),undecided,rating cut,-12%,-3%,hold,6,+13%,0/2,-1.6%,-21.3%,2026-10-26,,"analyst downgrades, management / turnaround",mixed,-1.1% (z -0.4),watch 0.66,,,,,,,,,,,,,,,,,,,14,0,False,2026-09-21,-0.03242384127339415,-0.0008352556586459503,-0.022112587354946596,-0.031109192444032208,0.011197412189029254,-0.017938325136109826,,,,-0.02363963826860338,0.016078312984298515,0.0023240524703256908,15,-0.0315885856147482,-0.010311253918447554,-0.04230660463306146,-0.013170867307922381,,,-0.039717951252901895,-0.025963690738929072
briefs,CMI,,,,,,,,517.32,,,,,2026-10-07,,,,,,,,,,,0.5,,,,,,,,,,,,,,falling wedge,undecided,"earnings, demand/competition, guidance, management, market-wide, news, rating cut",-29%,-10%,buy,19,+44%,0/0,+0.1%,-6.1%,2026-11-05,,"earnings miss, margins / costs",mixed,-9.8% (z -1.6),watch 0.77,,,,,,,,,,,,,,,,,,Z,2,1,True,2026-10-08,,,,,,,,,,0.018209024411211416,0.004787990143758636,0.014670715362202819,2,,,,,,,0.01342103426745278,0.0035383090490085974
briefs,CMS,,,,,,,,65.34,,,,,2026-09-18,,,,,,,,,,,-2.5,,,,,,,,,,,,,,falling wedge,still falling,rating cut,-17%,-7%,buy,12,+19%,0/1,-0.0%,+3.1%,2026-10-29,,"guidance / outlook cut, earnings miss",negative,-0.9% (z -0.1),watch 0.38,,,,,,,,,,,,,,,,,,,5,0,False,2026-09-21,-0.04252063163174191,-0.0008352556586459503,-0.022112587354946596,-0.02064849389467538,0.011197412189029254,-0.017938325136109826,,,,0.001682481110012679,0.016078312984298515,0.0023240524703256908,15,-0.04168537597309596,-0.020408044276795316,-0.031845906083704634,-0.002710168758565553,,,-0.014395831874285836,-0.0006415713603130117
briefs,CNP,,,,,,,,36.8,,,,,2026-09-30,,,,,,,,,,,-0.5,,,,,,,,,,,,,,falling wedge,undecided,"earnings, rating cut, company disclosure (8-K), management, demand/competition, guidance, market-wide",-18%,-8%,buy,17,+23%,0/0,-0.1%,+7.4%,2026-10-27,,"debt / financing, weak demand / consumer",mixed,-0.4% (z -0.2),watch 0.66,,,,,,,,,,,,,,,,,,,6,0,True,2026-10-01,0.04829458579467172,0.012520288224948217,0.02404633244921342,,,,,,,0.05320591724574064,0.018590745519103002,0.02393691741187897,7,0.0357742975697235,0.024248253345458298,,,,,0.03461517172663764,0.02926899983386167
briefs,COO,,,,,,,,55.29,,,,,2026-09-18,,,,,,,,,,,0,,,,,,,,,,,,,,insider buys (beaten-down),undecided,"earnings, company disclosure (8-K), guidance, demand/competition, rating cut",-34%,-21%,buy,14,+23%,0/4,-2.1%,+2.7%,,,"guidance / outlook cut, earnings miss",negative,-12.6% (z -1.6),watch 0.77,,,,,,,,,,,,,,,,,,S,15,1,False,2026-09-21,0.02612005439524312,-0.0008352556586459503,-0.022112587354946596,0.029747857026560798,0.011197412189029254,-0.017938325136109826,,,,-0.013785636160091097,0.016078312984298515,0.0023240524703256908,15,0.02695531005388907,0.048232641750189716,0.018550444837531543,0.04768618216267062,,,-0.029863949144389612,-0.01610968863041679
briefs,COST,,,,,,,,923.52,,,,,2026-10-05,,,,,,,,,,,2.5,,,,,,,,,,,,,,early rally,undecided,"company disclosure (8-K), news, guidance, rating cut, earnings, deal/financing, demand/competition, legal/regulatory, management",-15%,-1%,buy,35,+15%,1/0,+0.5%,+3.4%,2026-12-10,,"margins / costs, tariffs / trade",mixed,+3.8% (z +1.1),watch 0.64,,,,,,,,,,,,,,,,,,,3,0,False,2026-10-06,,,,,,,,,,0.02778619305173602,0.0005397197159666689,0.013721803956591349,4,,,,,,,0.02724647333576935,0.01406438909514467
briefs,CRH,,,,,,,,86.15,,,,,2026-09-18,,,,,,,,,,,-0.5,,,,,,,,,,,,,,falling wedge,undecided,"earnings, deal/financing, news, rating cut, management, company disclosure (8-K)",-34%,-10%,strong buy,24,+56%,0/0,-0.8%,-4.2%,2026-10-29,,"guidance / outlook cut, earnings miss",mixed,-4.6% (z -1.0),watch 0.66,,,,,,,,,,,,,,,,,,T,15,1,False,2026-09-21,-0.03536051261938944,-0.0008352556586459503,-0.022112587354946596,-0.04803038681874017,0.011197412189029254,-0.017938325136109826,,,,-0.06081546645768576,0.016078312984298515,0.0023240524703256908,15,-0.03452525696074349,-0.013247925264442843,-0.05922779900776942,-0.03009206168263034,,,-0.07689377944198428,-0.06313951892801145
briefs,CRM,,,,,,,,233.28,,,,,2026-09-22,,,,,,,,,,,9.5,,,,,,,,,,,,,,insider buys (other),signs of a bottom,management,-12%,+11%,buy,54,+21%,1/2,+18.5%,+80.4%,2026-12-02,,"technology disruption / AI, management / turnaround",mixed,+1.2% (z -0.2),buy 0.78,,,,,,,,,,,,,,,,,,,12,0,False,2026-09-23,-0.020689322082628747,-0.013147133675912914,-0.03165897009664555,-0.042061260504086984,0.005732466519673851,-0.018549782260570555,,,,-0.022566305466483083,0.007479430972473722,-0.003965628710180786,13,-0.007542188406715833,0.0109696480140168,-0.047793727023760835,-0.023511478243516428,,,-0.030045736438956805,-0.018600676756302295
briefs,CSGP,,,,,,,,29.09,,,,,2026-09-18,,,,,,,,,,,4,,,,,,,,,,,,,,insider buys (beaten-down),signs of a bottom,not found,-67%,-4%,buy,20,+27%,0/4,+0.2%,+11.9%,2026-10-27,,"management / turnaround, technology disruption / AI",positive,+2.7% (z +1.6),,,,,,,,,,,,,,,,,,,D,2,0,False,2026-09-21,-0.07592336972407565,-0.0008352556586459503,-0.022112587354946596,-0.05403556552920019,0.011197412189029254,-0.017938325136109826,,,,0.014705892904982587,0.016078312984298515,0.0023240524703256908,15,-0.0750881140654297,-0.053810782369129055,-0.06523297771822945,-0.03609724039309037,,,-0.001372420079315928,0.012381840434656895
briefs,CTVA,,,,,,,,12.57,,,,,2026-10-01,,,,,,,,,,,2.5,,,,,,,,,,,,,,news-day,undecided,"company disclosure (8-K), earnings, deal/financing, rating cut, guidance, news, demand/competition",-86%,-84%,buy,20,+637%,0/0,-0.1%,+2.9%,2026-11-03,,"legal / regulatory, guidance / outlook cut",mixed,-6.1% (z -1.1),watch 0.55 !,,,,,,,,,,,,,,,,,,,5,0,False,2026-10-02,0.06903508489587806,0.010368800198777395,0.018176365439155285,,,,,,,0.06903508489587806,0.010368800198777395,0.018176365439155285,6,0.05866628469710067,0.05085871945672278,,,,,0.05866628469710067,0.05085871945672278
briefs,CVNA,,,,,,,,65.11,,,,,2026-09-18,,,,,,,,,,,5,,,,,,,,,,,,,,insider buys (other),signs of a bottom,"earnings, rating cut",-32%,-6%,buy,20,+26%,0/0,+0.4%,+10.1%,2026-10-28,,,,,,,,,,,,,,,,,,,,,,,,1,0,False,2026-09-21,-0.08225828227578968,-0.0008352556586459503,-0.022112587354946596,-0.032933649856524805,0.011197412189029254,-0.017938325136109826,,,,-0.03278190723054486,0.016078312984298515,0.0023240524703256908,15,-0.08142302661714373,-0.06014569492084309,-0.04413106204555406,-0.014995324720414979,,,-0.048860220214843375,-0.03510595970087055
briefs,DECK,,,,,,,,79.83,,,,,2026-09-22,,,,,,,,,,,3.5,,,,,,,,,,,,,,falling wedge,signs of a bottom,"earnings, rating cut, guidance, news",-34%,-13%,buy,22,+51%,1/0,-0.2%,+7.6%,2026-10-22,,"guidance / outlook cut, tariffs / trade",positive,-3.1% (z +0.0),buy 0.69,,,,,,,,,,,,,,,,,,T,11,1,False,2026-09-23,-0.01413074333075326,-0.013147133675912914,-0.03165897009664555,0.014130647072939428,0.005732466519673851,-0.018549782260570555,,,,0.04579860150872572,0.007479430972473722,-0.003965628710180786,13,-0.000983609654840345,0.017528226765892288,0.008398180553265577,0.03268042933350998,,,0.038319170536252,0.04976423021890651
briefs,DOV,,,,,,,,186.09,,,,,2026-09-21,,,,,,,,,,,4.5,,,,,,,,,,,,,,falling wedge,signs of a bottom,"earnings, company disclosure (8-K), rating cut, market-wide",-20%,-8%,buy,18,+32%,1/0,-0.0%,+0.8%,2026-10-22,,,,,,,,,,,,,,,,,,,,,,,,2,0,True,2026-09-22,0.006472841937383844,-0.012699787757295744,-0.039160277629149615,0.018039098219146954,0.006537210918276859,-0.02800546228205519,,,,0.0018569933756875656,0.005865377124280036,-0.01932150982475168,14,0.019172629694679588,0.04563311956653346,0.011501887300870095,0.04604456050120215,,,-0.00400838374859247,0.021178503200439246
briefs,DOW,,,,,,,,28.73,,,,,2026-09-18,,,,,,,,,,,0.5,,,,,,,,,,,,,,falling wedge,undecided,rating cut,-30%,-4%,buy,16,+17%,0/1,-3.7%,+12.6%,2026-10-22,,"guidance / outlook cut, margins / costs",negative,-2.6% (z -0.1),watch 0.68,,,,,,,,,,,,,,,,,,,10,0,False,2026-09-21,-0.022089798667718208,-0.0008352556586459503,-0.022112587354946596,-0.00035063915572663973,0.011197412189029254,-0.017938325136109826,,,,-0.003506324679686479,0.016078312984298515,0.0023240524703256908,15,-0.021254543009072258,2.278868722838806e-05,-0.011548051344755894,0.017587685980383187,,,-0.019584637663984994,-0.00583037715001217
briefs,DPZ,,,,,,,,308.65,,,,,2026-10-08,,,,,,,,,,,0.5,,,,,,,,,,,,,,early rally,undecided,"management, earnings, guidance, demand/competition, rating cut, company disclosure (8-K), news",-28%,-5%,buy,27,+21%,0/2,+0.1%,-2.4%,2026-10-13,,"earnings miss, management / turnaround",negative,-1.7% (z +0.2),,,,,,,,,,,,,,,,,,,S,1,1,False,2026-10-09,,,,,,,,,,0.00035565190481001707,0.0030016710284923587,-0.0004146778114210529,1,,,,,,,-0.0026460191236823416,0.00077032971623107
briefs,DTE,,,,,,,,128.52,,,,,2026-09-18,,,,,,,,,,,-1,,,,,,,,,,,,,,falling wedge,undecided,company disclosure (8-K),-17%,-8%,buy,14,+20%,0/0,-0.0%,+16.3%,2026-10-29,,"earnings miss, legal / regulatory",negative,-1.2% (z -0.3),watch 0.43,,,,,,,,,,,,,,,,,,S,4,1,False,2026-09-21,-0.05052648276944516,-0.0008352556586459503,-0.022112587354946596,-0.01744461090238436,0.011197412189029254,-0.017938325136109826,,,,-0.002828859062615763,0.016078312984298515,0.0023240524703256908,15,-0.04969122711079921,-0.028413895414498562,-0.028642023091413615,0.0004937142337254653,,,-0.018907172046914278,-0.005152911532941454
briefs,DUK,,,,,,,,114.17,,,,,2026-09-23,,,,,,,,,,,1,,,,,,,,,,,,,,falling wedge,undecided,"company disclosure (8-K), rating cut",-13%,-7%,buy,18,+20%,1/0,-0.0%,+9.6%,2026-11-05,,"guidance / outlook cut, debt / financing",mixed,+0.7% (z +0.7),buy 0.54,,,,,,,,,,,,,,,,,,,12,0,False,2026-09-24,-0.008888151389629062,-0.00010472481458079219,-0.01910170874040544,0.018124731290881213,0.012904557510498682,0.00299697894565304,,,,0.016469147389913896,0.018977318650131414,0.005166766765031093,12,-0.00878342657504827,0.010213557350776378,0.005220173780382531,0.015127752345228174,,,-0.0025081712602175177,0.011302380624882803
briefs,DVN,,,,,,,,48.61,,,,,2026-09-18,,,,,,,,,,,7.5,,,,,,,,,,,,,,insider buys (other),signs of a bottom,earnings,-5%,+6%,strong buy,28,+24%,0/0,-1.9%,+11.3%,2026-11-04,,"earnings miss, margins / costs",mixed,+1.8% (z +0.6),buy 0.51,,,,,,,,,,,,,,,,,,,14,0,False,2026-09-21,-0.022384931211350767,-0.0008352556586459503,-0.022112587354946596,0.0037656968211041697,0.011197412189029254,-0.017938325136109826,,,,0.009623411962651485,0.016078312984298515,0.0023240524703256908,15,-0.021549675552704817,-0.0002723438564041711,-0.007431715367925085,0.021704021957213996,,,-0.00645490102164703,0.007299359492325794
briefs,ECHO,,,,,,,,98.21,,,,,2026-10-05,,,,,,,,,,,3.5,,,,,,,,,,,,,,early rally,signs of a bottom,"legal/regulatory, news, earnings, guidance",-31%,+9%,buy,9,+34%,2/0,-6.4%,+27515.3%,2026-11-05,,"debt / financing, guidance / outlook cut",mixed,+13.1% (z +0.9),buy 0.66,,,,,,,,,,,,,,,,,,,3,0,False,2026-10-06,,,,,,,,,,-0.04979462320681338,0.0005397197159666689,0.013721803956591349,4,,,,,,,-0.05033434292278005,-0.06351642716340473
briefs,ECL,,,,,,,,269.46,,,,,2026-09-18,,,,,,,,,,,7.5,,,,,,,,,,,,,,insider buys (other),signs of a bottom,market-wide,-12%,-3%,buy,21,+20%,1/0,-0.1%,+0.5%,2026-10-27,,"technology disruption / AI, management / turnaround",positive,+1.3% (z +0.5),buy 0.77,,,,,,,,,,,,,,,,,,,14,0,True,2026-09-21,0.029878738333139143,-0.0008352556586459503,-0.022112587354946596,0.018265347700184842,0.011197412189029254,-0.017938325136109826,,,,0.03575883958285697,0.016078312984298515,0.0023240524703256908,15,0.030713993991785093,0.05199132568808574,0.0070679355111555875,0.036203672836294665,,,0.019680526598558457,0.03343478711253128
briefs,ED,,,,,,,,102.21,,,,,2026-09-30,,,,,,,,,,,-0.5,,,,,,,,,,,,,,falling wedge,undecided,"earnings, demand/competition",-10%,-5%,hold,16,+8%,0/0,-0.0%,+7.4%,2026-11-05,,"margins / costs, earnings miss",mixed,+0.8% (z +0.1),watch 0.62,,,,,,,,,,,,,,,,,,,3,0,False,2026-10-01,0.03233661005195576,0.012520288224948217,0.02404633244921342,,,,,,,0.03340800980176928,0.018590745519103002,0.02393691741187897,7,0.019816321827007544,0.00829027760274234,,,,,0.014817264282666276,0.009471092389890308
briefs,EQT,,,,,,,,48.88,,,,,2026-09-29,,,,,,,,,,,-1.5,,,,,,,,,,,,,,falling wedge,undecided,market-wide,-28%,-8%,strong buy,26,+38%,0/0,-2.7%,-3.3%,2026-10-20,,"guidance / outlook cut, management / turnaround",mixed,-3.4% (z -0.4),watch 0.81,,,,,,,,,,,,,,,,,,,8,0,True,2026-09-30,0.0668978722344804,0.014051742872416506,0.002658720781433467,,,,,,,0.07750363341559718,0.01581315796745497,0.014289667978380003,8,0.0528461293620639,0.06423915145304694,,,,,0.06169047544814221,0.06321396543721718
briefs,ERIE,,,,,,,,222.11,,,,,2026-10-01,,,,,,,,,,,3,,,,,,,,,,,,,,falling wedge,signs of a bottom,"news, earnings, company disclosure (8-K), management, guidance",-32%,-9%,buy,1,,0/0,+0.3%,+2.9%,2026-10-29,,"competition / market share, management / turnaround",positive,-3.6% (z -0.4),buy 0.70,,,,,,,,,,,,,,,,,,,1,0,False,2026-10-02,-0.0025032910883254766,0.010368800198777395,0.018176365439155285,,,,,,,-0.0025032910883254766,0.010368800198777395,0.018176365439155285,6,-0.012872091287102871,-0.02067965652748076,,,,,-0.012872091287102871,-0.02067965652748076
briefs,ETR,,,,,,,,102.01,,,,,2026-09-18,,,,,,,,,,,2,,,,,,,,,,,,,,insider buys (other),undecided,"earnings, company disclosure (8-K), market-wide",-13%,-6%,buy,20,+19%,0/0,+0.1%,+2.4%,2026-10-29,,"earnings miss, guidance / outlook cut",positive,+0.0% (z -0.4),watch 0.59,,,,,,,,,,,,,,,,,,,4,0,True,2026-09-21,-0.0402113359472277,-0.0008352556586459503,-0.022112587354946596,-0.013599446258674375,0.011197412189029254,-0.017938325136109826,,,,0.005772468178945278,0.016078312984298515,0.0023240524703256908,15,-0.03937608028858175,-0.018098748592281104,-0.02479685844770363,0.0043388788774354516,,,-0.010305844805353237,0.0034484157086195873
briefs,EXC,,,,,,,,42.07,,,,,2026-09-18,,,,,,,,,,,-1.5,,,,,,,,,,,,,,falling wedge,undecided,"earnings, company disclosure (8-K), rating cut",-15%,-6%,hold,17,+15%,0/0,-0.0%,-3.9%,2026-11-03,,,,,,,,,,,,,,,,,,,,,,,,3,0,False,2026-09-21,-0.037938443292217516,-0.0008352556586459503,-0.022112587354946596,-0.026008116357824296,0.011197412189029254,-0.017938325136109826,,,,-0.0035791344887864396,0.016078312984298515,0.0023240524703256908,15,-0.037103187633571566,-0.01582585593727092,-0.03720552854685355,-0.00806979122171447,,,-0.019657447473084955,-0.00590318695911213
briefs,EXE,,,,,,,,86.43,,,,,2026-10-05,,,,,,,,,,,-0.5,,,,,,,,,,,,,,falling wedge,undecided,"management, company disclosure (8-K), deal/financing, demand/competition, rating cut, earnings",-28%,-7%,buy,27,+45%,0/1,-0.8%,+19.1%,2026-10-27,,"management / turnaround, debt / financing",mixed,-8.8% (z -1.0),watch 0.79,,,,,,,,,,,,,,,,,,,1,0,False,2026-10-06,,,,,,,,,,0.021301273741501037,0.0005397197159666689,0.013721803956591349,4,,,,,,,0.020761554025534368,0.007579469784909688
briefs,FE,,,,,,,,44.85,,,,,2026-10-08,,,,,,,,,,,-0.5,,,,,,,,,,,,,,early rally,undecided,"management, earnings, deal/financing, legal/regulatory, rating cut, guidance, news, company disclosure (8-K), demand/competition",-12%,-2%,buy,12,+17%,0/0,+0.1%,-0.5%,2026-10-27,,"management / turnaround, guidance / outlook cut",mixed,-0.8% (z -0.3),,,,,,,,,,,,,,,,,,,,1,0,False,2026-10-09,,,,,,,,,,0.003792062502829374,0.0030016710284923587,-0.0004146778114210529,1,,,,,,,0.0007903914743370155,0.004206740314250427
briefs,FICO,,,,,,,,924.52,,,,,2026-09-21,,,,,,,,,,,1.5,,,,,,,,,,,,,,falling wedge,undecided,"earnings, rating cut",-51%,-17%,buy,19,+56%,0/1,-0.2%,+3.4%,2026-11-04,,"margins / costs, competition / market share",negative,-38.4% (z -3.6),watch 0.62,,,,,,,,,,,,,,,,,,,13,0,False,2026-09-22,-0.3406925475955672,-0.012699787757295744,-0.039160277629149615,-0.25789894482745046,0.006537210918276859,-0.02800546228205519,,,,-0.2876487225113854,0.005865377124280036,-0.01932150982475168,14,-0.3279927598382715,-0.3015322699664176,-0.2644361557457273,-0.22989348254539527,,,-0.29351409963566544,-0.26832721268663373
briefs,FISV,,,,,,,,47.19,,,,,2026-09-18,,,,,,,,,,,0,,,,,,,,,,,,,,insider buys (beaten-down),undecided,"management, company disclosure (8-K)",-65%,-9%,hold,27,+23%,0/0,-0.7%,-3.9%,2026-10-28,,,,,,,,,,,,,,,,,,,,,,,,6,0,False,2026-09-21,-0.026237788992991673,-0.0008352556586459503,-0.022112587354946596,-0.023698666349178832,0.011197412189029254,-0.017938325136109826,,,,-0.03448999812332387,0.016078312984298515,0.0023240524703256908,15,-0.025402533334345723,-0.004125201638045077,-0.034896078538208086,-0.005760341213069006,,,-0.05056831110762239,-0.03681405059364956
briefs,FOX,,,,,,,,57.74,,,,,2026-09-18,,,,,,,,,,,5.5,,,,,,,,,,,,,,insider buys (other),signs of a bottom,"deal/financing, company disclosure (8-K)",-14%,+3%,,,,1/1,,,2026-10-29,,"legal / regulatory, competition / market share",positive,+2.4% (z +0.4),watch 0.78,,,,,,,,,,,,,,,,,,,14,0,False,2026-09-21,-0.025839793621260987,-0.0008352556586459503,-0.022112587354946596,-0.023255787973537445,0.011197412189029254,-0.017938325136109826,,,,-0.03720930018605606,0.016078312984298515,0.0023240524703256908,15,-0.025004537962615037,-0.003727206266314391,-0.0344532001625667,-0.005317462837427619,,,-0.053287613170354575,-0.03953335265638175
briefs,GIS,,,,,,,,32.18,,,,,2026-10-06,,,,,,,,,,,-0.5,,,,,,,,,,,,,,falling wedge,undecided,"guidance, demand/competition, rating cut, management, earnings",-33%,-13%,hold,18,+15%,0/0,+0.0%,+4.5%,2026-12-23,,"management / turnaround, guidance / outlook cut",positive,-9.7% (z -1.5),watch 0.70,,,,,,,,,,,,,,,,,,,1,0,False,2026-10-07,,,,,,,,,,-0.0027794981352398107,0.0036093013682851893,0.009124810892158702,3,,,,,,,-0.006388799503525,-0.011904309027398512
briefs,HON,,,,,,,,206.46,,,,,2026-09-18,,,,,,,,,,,5,,,,,,,,,,,,,,falling wedge,signs of a bottom,"deal/financing, earnings, management, company disclosure (8-K), rating cut",-20%,-8%,buy,22,+27%,2/0,-0.2%,+7.2%,2026-10-22,,"China / international markets, technology disruption / AI",mixed,+7.0% (z +1.1),watch 0.44 !,,,,,,,,,,,,,,,,,,,5,0,False,2026-09-21,0.022329678647975193,-0.0008352556586459503,-0.022112587354946596,0.03499277770296283,0.011197412189029254,-0.017938325136109826,,,,0.004011608774961539,0.016078312984298515,0.0023240524703256908,15,0.023164934306621143,0.04444226600292179,0.023795365513933575,0.05293110283907265,,,-0.012066704209336976,0.0016875563046358484
briefs,HRL,,,,,,,,19.94,,,,,2026-09-30,,,,,,,,,,,0.5,,,,,,,,,,,,,,falling wedge,undecided,"earnings, guidance, management, demand/competition, rating cut, news, deal/financing",-24%,-13%,hold,8,+31%,0/0,-0.4%,+4.6%,,,"guidance / outlook cut, weak demand / consumer",mixed,-2.0% (z -0.2),watch 0.76,,,,,,,,,,,,,,,,,,,3,0,False,2026-10-01,-0.024120580474251363,0.012520288224948217,0.02404633244921342,,,,,,,-0.03567834663733005,0.018590745519103002,0.02393691741187897,7,-0.03664086869919958,-0.04816691292346478,,,,,-0.05426909215643305,-0.05961526404920902
briefs,HSY,,,,,,,,164.41,,,,,2026-09-28,,,,,,,,,,,2.5,,,,,,,,,,,,,,falling wedge,undecided,not found,-29%,-7%,buy,21,+25%,0/0,+0.0%,+33.1%,2026-11-05,,"margins / costs, weak demand / consumer",positive,-4.0% (z -0.6),watch 0.56,,,,,,,,,,,,,,,,,,,9,0,False,2026-09-29,-0.011556366539616336,0.015987910609123412,0.013860019258733064,,,,,,,0.000368901033223068,0.015309768752830966,0.019545297612805084,9,-0.02754427714873975,-0.0254163857983494,,,,,-0.014940867719607898,-0.019176396579582016
briefs,IDXX,,,,,,,,511.65,,,,,2026-09-18,,,,,,,,,,,4.5,,,,,,,,,,,,,,falling wedge,signs of a bottom,market-wide,-33%,-7%,buy,13,+38%,0/0,+1.2%,+8.5%,2026-11-02,,"management / turnaround, guidance / outlook cut",positive,+5.6% (z +1.0),buy 0.74,,,,,,,,,,,,,,,,,,,10,0,True,2026-09-21,0.034027174572060614,-0.0008352556586459503,-0.022112587354946596,0.030137816108044557,0.011197412189029254,-0.017938325136109826,,,,0.012410839791391348,0.016078312984298515,0.0023240524703256908,15,0.034862430230706565,0.05613976192700721,0.018940403919015303,0.04807614124415438,,,-0.003667473192907167,0.010086787321065657
briefs,INTC,,,,,,,,108.6,,,,,2026-09-18,,,,,,,,,,,7.5,,,,,,,,,,,,,,insider buys (other),signs of a bottom,market-wide,-23%,+12%,buy,43,+7%,1/0,+0.5%,+94.6%,2026-10-22,,,,,,,,,,,,,,,,,,,,,,,,7,0,True,2026-09-21,-0.004290740626771816,-0.0008352556586459503,-0.022112587354946596,-0.0029176721998820376,0.011197412189029254,-0.017938325136109826,,,,-0.10151893894258268,0.016078312984298515,0.0023240524703256908,15,-0.003455484968125866,0.01782184672817478,-0.014115084388911292,0.015020652936227789,,,-0.1175972519268812,-0.10384299141290837
briefs,INTU,,,,,,,,303.19,,,,,2026-09-18,,,,,,,,,,,1.5,,,,,,,,,,,,,,falling wedge,undecided,"earnings, restructuring, company disclosure (8-K)",-56%,-7%,buy,31,+34%,0/4,-11.3%,+12.3%,2026-11-19,,"guidance / outlook cut, management / turnaround",mixed,-7.0% (z -0.2),,,,,,,,,,,,,,,,,,,D,3,0,False,2026-09-21,-0.10655658768392118,-0.0008352556586459503,-0.022112587354946596,-0.05588163834115467,0.011197412189029254,-0.017938325136109826,,,,0.008729326253546832,0.016078312984298515,0.0023240524703256908,15,-0.10572133202527523,-0.08444400032897459,-0.06707905053018393,-0.03794331320504485,,,-0.007348986730751683,0.006405273783221141
briefs,IP,,,,,,,,31.82,,,,,2026-10-07,,,,,,,,,,,2.5,,,,,,,,,,,,,,falling wedge,undecided,"earnings, rating cut, guidance, management, market-wide, deal/financing",-33%,-15%,buy,11,+47%,2/0,-3.0%,+205.4%,2026-10-28,,"China / international markets, guidance / outlook cut",mixed,-7.4% (z -0.8),watch 0.78,,,,,,,,,,,,,,,,,,,2,0,True,2026-10-08,,,,,,,,,,0.016777422498792216,0.004787990143758636,0.014670715362202819,2,,,,,,,0.01198943235503358,0.002106707136589397
briefs,IR,,,,,,,,71.83,,,,,2026-09-18,,,,,,,,,,,5.5,,,,,,,,,,,,,,insider buys (beaten-down),signs of a bottom,"market-wide, rating cut",-27%,-11%,buy,13,+32%,0/0,+1.5%,+4.1%,2026-10-29,,,,,,,,,,,,,,,,,,,,,,,,1,0,True,2026-09-21,0.0533718797844831,-0.0008352556586459503,-0.022112587354946596,0.08329886550243781,0.011197412189029254,-0.017938325136109826,,,,0.08605706357649723,0.016078312984298515,0.0023240524703256908,15,0.05420713544312905,0.07548446713942969,0.07210145331340856,0.10123719063854764,,,0.06997875059219871,0.08373301110617154
briefs,JBL,,,,,,,,299.57,,,,,2026-09-18,,,,,,,,,,,5.5,,,,,,,,,,,,,,insider buys (other),signs of a bottom,rating cut,-22%,-6%,strong buy,9,+45%,1/0,+0.0%,+1.4%,2026-09-30,,,,,,,,,,,,,,,,,,,,,,,,1,0,False,2026-09-21,0.049318912002261905,-0.0008352556586459503,-0.022112587354946596,-0.009870369072522256,0.011197412189029254,-0.017938325136109826,,,,0.007698875827776952,0.016078312984298515,0.0023240524703256908,15,0.050154167660907856,0.0714314993572085,-0.02106778126155151,0.00806795606358757,,,-0.008379437156521563,0.005374823357451261
briefs,KDP,,,,,,,,30.96,,,,,2026-09-18,,,,,,,,,,,7.5,,,,,,,,,,,,,,insider buys (other),signs of a bottom,not found,-8%,-1%,buy,17,+15%,2/0,+0.2%,+6.2%,2026-10-26,,"guidance / outlook cut, management / turnaround",positive,+4.7% (z +0.5),buy 0.77,,,,,,,,,,,,,,,,,,,14,0,False,2026-09-21,0.023848593756237824,-0.0008352556586459503,-0.022112587354946596,0.005298263083300947,0.011197412189029254,-0.017938325136109826,,,,0.03361196816079093,0.016078312984298515,0.0023240524703256908,15,0.024683849414883774,0.04596118111118442,-0.005899149105728307,0.023236588219410773,,,0.017533655176492413,0.03128791569046524
briefs,LDOS,,,,,,,,123.31,,,,,2026-09-22,,,,,,,,,,,4.5,,,,,,,,,,,,,,falling wedge,signs of a bottom,not found,-37%,-3%,buy,15,+28%,0/0,+0.0%,+12.1%,2026-11-03,,"guidance / outlook cut, analyst downgrades",mixed,-10.9% (z -0.9),buy 0.64,,,,,,,,,,,,,,,,,,,11,0,False,2026-09-23,-0.016786391490445474,-0.013147133675912914,-0.03165897009664555,-0.08360907355472524,0.005732466519673851,-0.018549782260570555,,,,-0.017996959817825453,0.007479430972473722,-0.003965628710180786,13,-0.0036392578145325594,0.014872578606200074,-0.0893415400743991,-0.06505929129415469,,,-0.025476390790299175,-0.014031331107644667
briefs,LHX,,,,,,,,247.29,,,,,2026-09-18,,,,,,,,,,,2.5,,,,,,,,,,,,,,falling wedge,undecided,"earnings, rating cut, management, company disclosure (8-K)",-34%,-10%,buy,14,+37%,0/0,+1.0%,+27.9%,2026-10-29,,"management / turnaround, guidance / outlook cut",mixed,-1.4% (z +0.0),watch 0.78,,,,,,,,,,,,,,,,,,,12,0,False,2026-09-21,-0.0361299364991583,-0.0008352556586459503,-0.022112587354946596,-0.03945499251229745,0.011197412189029254,-0.017938325136109826,,,,-0.03909005865856929,0.016078312984298515,0.0023240524703256908,15,-0.03529468084051235,-0.014017349144211703,-0.0506524047013267,-0.021516667376187622,,,-0.05516837164286781,-0.04141411112889498
briefs,LII,,,,,,,,359.23,,,,,2026-09-18,,,,,,,,,,,0,,,,,,,,,,,,,,falling wedge,undecided,"earnings, rating cut, market-wide",-37%,-18%,buy,13,+37%,0/1,-0.3%,+0.3%,2026-10-28,,"China / international markets, guidance / outlook cut",negative,-4.4% (z -0.0),watch 0.75,,,,,,,,,,,,,,,,,,S,9,1,True,2026-09-21,0.016668088420777716,-0.0008352556586459503,-0.022112587354946596,0.0004109163891174994,0.011197412189029254,-0.017938325136109826,,,,-0.012636091633566271,0.016078312984298515,0.0023240524703256908,15,0.017503344079423666,0.03878067577572431,-0.010786495799911755,0.018349241525227326,,,-0.028714404617864786,-0.014960144103891963
briefs,LMT,,,,,,,,533.38,,,,,2026-09-18,,,,,,,,,,,5,,,,,,,,,,,,,,falling wedge,signs of a bottom,"heavy volume, cause not found",-20%,-4%,buy,18,+19%,2/0,+0.1%,+10.3%,2026-10-20,,,,,,,,,,,,,,,,,,,,,,,,6,0,False,2026-09-21,-0.026676709623660866,-0.0008352556586459503,-0.022112587354946596,-0.04822465432807832,0.011197412189029254,-0.017938325136109826,,,,-0.04266389625376221,0.016078312984298515,0.0023240524703256908,15,-0.025841453965014916,-0.00456412226871427,-0.059422066517107575,-0.030286329191968494,,,-0.05874220923806073,-0.0449879487240879
briefs,LNT,,,,,,,,63.6,,,,,2026-09-25,,,,,,,,,,,2.5,,,,,,,,,,,,,,falling wedge,undecided,market-wide,-18%,-8%,buy,12,+23%,0/0,+0.1%,+12.2%,2026-11-05,,"earnings miss, guidance / outlook cut",mixed,-0.1% (z -0.1),watch 0.56,,,,,,,,,,,,,,,,,,,7,0,True,2026-09-28,0.013398523127654993,0.00843371082164035,-0.003663984955804575,,,,,,,0.03798864911068067,0.013301271637950585,0.018130225238521803,10,0.004964812306014643,0.01706250808345957,,,,,0.024687377472730088,0.01985842387215887
briefs,MCD,,,,,,,,248.24,,,,,2026-09-18,,,,,,,,,,,1.5,,,,,,,,,,,,,,falling wedge,undecided,not found,-26%,-6%,buy,31,+26%,0/0,-0.1%,+1.8%,2026-11-05,,,,,,,,,,,,,,,,,,,,,,,,3,0,False,2026-09-21,-0.0633895887352317,-0.0008352556586459503,-0.022112587354946596,-0.06563493899849326,0.011197412189029254,-0.017938325136109826,,,,-0.05685420683358322,0.016078312984298515,0.0023240524703256908,15,-0.06255433307658576,-0.04127700138028511,-0.07683235118752252,-0.04769661386238344,,,-0.07293251981788174,-0.05917825930390891
briefs,MGM,,,,,,,,33.69,,,,,2026-09-24,,,,,,,,,,,4.5,,,,,,,,,,,,,,news-day,signs of a bottom,"earnings, guidance, deal/financing, rating cut",-34%,-21%,buy,19,+46%,1/0,-0.7%,+1.9%,2026-10-28,,"China / international markets, management / turnaround",negative,-17.2% (z -2.3),,,,,,,,,,,,,,,,,,,,5,0,False,2026-09-25,-0.10326572412187052,0.0011186364353781286,-0.009885591367768254,-0.13886440093038654,0.01273443332847446,0.015124500942061478,,,,-0.13886440093038654,0.01273443332847446,0.015124500942061478,11,-0.10438436055724865,-0.09338013275410226,-0.151598834258861,-0.15398890187244801,,,-0.151598834258861,-0.15398890187244801
briefs,MO,,,,,,,,69.52,,,,,2026-09-18,,,,,,,,,,,2,,,,,,,,,,,,,,insider buys (other),undecided,"earnings, rating cut",-6%,+2%,hold,11,+0%,0/0,+0.0%,-1.2%,2026-10-29,,"weak demand / consumer, earnings miss",mixed,+3.8% (z +0.4),watch 0.81,,,,,,,,,,,,,,,,,,,14,0,False,2026-09-21,-0.005323780526360178,-0.0008352556586459503,-0.022112587354946596,-0.023309392037151544,0.011197412189029254,-0.017938325136109826,,,,0.03136691086583854,0.016078312984298515,0.0023240524703256908,15,-0.0044885248677142275,0.016788806828586418,-0.0345068042261808,-0.005371066901041718,,,0.015288597881540023,0.029042858395512846
briefs,MSCI,,,,,,,,552.87,,,,,2026-09-18,,,,,,,,,,,2.5,,,,,,,,,,,,,,insider buys (other),undecided,"earnings, rating cut",-14%,-3%,buy,17,+26%,0/0,+0.4%,-0.8%,2026-10-20,,"guidance / outlook cut, analyst downgrades",mixed,+2.3% (z +0.3),watch 0.79,,,,,,,,,,,,,,,,,,,14,0,False,2026-09-21,-0.02448153196764702,-0.0008352556586459503,-0.022112587354946596,-0.007171965123709878,0.011197412189029254,-0.017938325136109826,,,,0.015781658406540888,0.016078312984298515,0.0023240524703256908,15,-0.02364627630900107,-0.002368944612700423,-0.018369377312739132,0.010766360012399948,,,-0.0002966545777576268,0.013457605936215197
briefs,NCLH,,,,,,,,14.12,,,,,2026-09-18,,,,,,,,,,,-1,,,,,,,,,,,,,,falling wedge,undecided,"earnings, rating cut, market-wide",-45%,-21%,buy,25,+45%,0/2,+0.2%,+22.8%,2026-11-04,,"guidance / outlook cut, management / turnaround",negative,-11.2% (z -0.9),watch 0.51,,,,,,,,,,,,,,,,,,S,14,1,True,2026-09-21,-0.0027874537135679223,-0.0008352556586459503,-0.022112587354946596,0.036236898276381435,0.011197412189029254,-0.017938325136109826,,,,0.08501737149288768,0.016078312984298515,0.0023240524703256908,15,-0.001952198054921972,0.019325133641378674,0.02503948608735218,0.05417522341249126,,,0.06893905850858917,0.082693319022562
briefs,NEE,,,,,,,,80.47,,,,,2026-09-18,,,,,,,,,,,1.5,,,,,,,,,,,,,,falling wedge,undecided,"deal/financing, company disclosure (8-K), management",-17%,-5%,buy,18,+21%,0/0,+0.1%,+3.8%,2026-10-27,,,,,,,,,,,,,,,,,,,,,,,,3,0,False,2026-09-21,-0.06118648892262446,-0.0008352556586459503,-0.022112587354946596,-0.05136182930879074,0.011197412189029254,-0.017938325136109826,,,,-0.03768195834717014,0.016078312984298515,0.0023240524703256908,15,-0.06035123326397851,-0.039073901567677864,-0.06255924149782,-0.03342350417268092,,,-0.053760271331468656,-0.04000601081749583
briefs,NFLX,,,,,,,,71.79,,,,,2026-09-18,,,,,,,,,,,3,,,,,,,,,,,,,,news-day,signs of a bottom,"earnings, rating cut",-42%,-5%,buy,45,+31%,0/2,+0.1%,+1.5%,2026-10-20,,"guidance / outlook cut, earnings miss",negative,-5.0% (z -0.2),watch 0.77,,,,,,,,,,,,,,,,,,,6,0,False,2026-09-21,-0.03606232733077097,-0.0008352556586459503,-0.022112587354946596,-0.0601503719462636,0.011197412189029254,-0.017938325136109826,,,,-0.021163974513020545,0.016078312984298515,0.0023240524703256908,15,-0.03522707167212502,-0.013949739975824375,-0.07134778413529286,-0.04221204681015378,,,-0.03724228749731906,-0.023488026983346236
briefs,NI,,,,,,,,39.25,,,,,2026-09-23,,,,,,,,,,,-0.5,,,,,,,,,,,,,,falling wedge,undecided,"earnings, rating cut",-19%,-8%,buy,14,+27%,0/0,-0.1%,+1.5%,2026-10-28,,"earnings miss, weak demand / consumer",mixed,+1.4% (z +0.7),watch 0.65,,,,,,,,,,,,,,,,,,,12,0,False,2026-09-24,0.0038119830164049517,-0.00010472481458079219,-0.01910170874040544,0.029987302437936236,0.012904557510498682,0.00299697894565304,,,,0.03583227197173633,0.018977318650131414,0.005166766765031093,12,0.003916707830985744,0.022913691756810392,0.017082744927437554,0.026990323492283197,,,0.016854953321604915,0.030665505206705235
briefs,NKE,,,,,,,,35.75,,,,,2026-09-25,,,,,,,,,,,-2.5,,,,,,,,,,,,,,falling wedge,still falling,"heavy volume, cause not found",-50%,-9%,hold,36,+31%,0/4,-2.6%,+466.1%,2026-10-01,,"management / turnaround, China / international markets",negative,-4.1% (z +0.2),skip 0.71,,,,,,,,,,,,,,,,,,D S,10,1,False,2026-09-28,-0.04230118552532125,0.00843371082164035,-0.003663984955804575,,,,,,,-0.021150592762660625,0.013301271637950585,0.018130225238521803,10,-0.0507348963469616,-0.03863720056951667,,,,,-0.03445186440061121,-0.039280818001182424
briefs,NOC,,,,,,,,484.48,,,,,2026-10-08,,,,,,,,,,,0,,,,,,,,,,,,,,falling wedge (forming),undecided,"earnings, guidance, demand/competition, rating cut",-36%,-9%,buy,24,+30%,0/1,-0.0%,+12.7%,2026-10-20,,"analyst downgrades, guidance / outlook cut",negative,-1.1% (z +0.1),,,,,,,,,,,,,,,,,,,S,1,1,False,2026-10-09,,,,,,,,,,0.0014165333382156753,0.0030016710284923587,-0.0004146778114210529,1,,,,,,,-0.0015851376902766834,0.0018312111496367283
briefs,NRG,,,,,,,,103.66,,,,,2026-09-18,,,,,,,,,,,-0.5,,,,,,,,,,,,,,falling wedge,undecided,"earnings, rating cut, market-wide",-43%,-15%,buy,16,+78%,0/0,+0.3%,-14.4%,2026-11-05,,"earnings miss, margins / costs",mixed,-15.1% (z -1.2),watch 0.78,,,,,,,,,,,,,,,,,,D T,13,1,True,2026-09-21,-0.0746040804960082,-0.0008352556586459503,-0.022112587354946596,-0.07651208420545752,0.011197412189029254,-0.017938325136109826,,,,0.03005153153071838,0.016078312984298515,0.0023240524703256908,15,-0.07376882483736225,-0.0524914931410616,-0.08770949639448677,-0.0585737590693477,,,0.013973218546419863,0.027727479060392687
briefs,NVR,,,,,,,,6150.47,,,,,2026-09-18,,,,,,,,,,,-0.5,,,,,,,,,,,,,,insider buys (other),undecided,"rating cut, earnings",-25%,-3%,hold,5,+9%,1/0,+0.0%,-6.7%,2026-10-21,,,,,,,,,,,,,,,,,,,,,,,,6,0,False,2026-09-21,0.010950022051411379,-0.0008352556586459503,-0.022112587354946596,-0.03706290952620972,0.011197412189029254,-0.017938325136109826,,,,-0.04852255544354833,0.016078312984298515,0.0023240524703256908,15,0.01178527771005733,0.033062609406357975,-0.048260321715238974,-0.019124584390099893,,,-0.06460086842784685,-0.05084660791387402
briefs,ODFL,,,,,,,,173.84,,,,,2026-09-30,,,,,,,,,,,5,,,,,,,,,,,,,,falling wedge,signs of a bottom,"demand/competition, legal/regulatory, market-wide, earnings",-30%,-12%,buy,22,+33%,3/1,+0.1%,+9.7%,2026-10-28,,"margins / costs, competition / market share",positive,+1.1% (z +0.3),,,,,,,,,,,,,,,,,,,,1,0,True,2026-10-01,0.05012139197067311,0.012520288224948217,0.02404633244921342,,,,,,,0.051971359204588286,0.018590745519103002,0.02393691741187897,7,0.037601103745724895,0.026075059521459693,,,,,0.03338061368548528,0.028034441792709315
briefs,ORCL,,,,,,,,138.07,,,,,2026-10-01,,,,,,,,,,,4,,,,,,,,,,,,,,insider buys (other),signs of a bottom,"earnings, company disclosure (8-K), legal/regulatory, demand/competition, rating cut, news, market-wide, guidance, deal/financing",-55%,-4%,buy,41,+72%,0/0,+1.0%,+10.4%,2026-12-10,,"technology disruption / AI, weak demand / consumer",positive,-8.2% (z -0.1),buy 0.60,,,,,,,,,,,,,,,,,,,5,0,True,2026-10-02,-0.004856094441479386,0.010368800198777395,0.018176365439155285,,,,,,,-0.004856094441479386,0.010368800198777395,0.018176365439155285,6,-0.01522489464025678,-0.02303245988063467,,,,,-0.01522489464025678,-0.02303245988063467
briefs,ORLY,,,,,,,,83.9,,,,,2026-10-05,,,,,,,,,,,3,,,,,,,,,,,,,,falling wedge,signs of a bottom,"deal/financing, news, earnings, rating cut",-20%,-5%,buy,26,+28%,0/0,+0.0%,+0.2%,2026-10-28,,"earnings miss, margins / costs",positive,+1.7% (z +0.3),buy 0.74,,,,,,,,,,,,,,,,,,,3,0,False,2026-10-06,,,,,,,,,,0.03594967177602992,0.0005397197159666689,0.013721803956591349,4,,,,,,,0.035409952060063254,0.022227867819438574
briefs,PDD,,,,,,,,75.38,,,,,2026-10-02,,,,,,,,,,,3,,,,,,,,,,,,,,falling wedge,signs of a bottom,"earnings, guidance, demand/competition, rating cut, news, market-wide",-45%,-10%,buy,34,+52%,0/0,-0.8%,+5.3%,2026-11-18,,"earnings miss, China / international markets",mixed,-6.4% (z -0.3),buy 0.54,,,,,,,,,,,,,,,,,,D,5,0,True,2026-10-05,,,,,,,,,,0.07421094504247039,0.011537118651204548,0.024384839012742833,5,,,,,,,0.06267382639126584,0.049826106029727556
briefs,PEG,,,,,,,,69.77,,,,,2026-09-18,,,,,,,,,,,-0.5,,,,,,,,,,,,,,falling wedge,undecided,rating cut,-18%,-7%,buy,18,+20%,0/0,-0.1%,+7.7%,2026-11-02,,"management / turnaround, competition / market share",mixed,+2.1% (z +1.5),buy 0.49,,,,,,,,,,,,,,,,,,,7,0,False,2026-09-21,-0.04712259717101219,-0.0008352556586459503,-0.022112587354946596,-0.019277431067444173,0.011197412189029254,-0.017938325136109826,,,,0.03212908809396087,0.016078312984298515,0.0023240524703256908,15,-0.04628734151236624,-0.025010009816065597,-0.030474843256473427,-0.0013391059313343466,,,0.016050775109662352,0.029805035623635175
briefs,PFE,,,,,,,,27.66,,,,,2026-09-18,,,,,,,,,,,4.5,,,,,,,,,,,,,,insider buys (other),signs of a bottom,"company disclosure (8-K), management, rating cut",-5%,+4%,buy,26,+4%,0/1,+0.0%,+12.9%,2026-11-03,,,,,,,,,,,,,,,,,,,,,,,,6,0,False,2026-09-21,0.038698000346702566,-0.0008352556586459503,-0.022112587354946596,-0.008679919509196887,0.011197412189029254,-0.017938325136109826,,,,0.02278484907077627,0.016078312984298515,0.0023240524703256908,15,0.039533256005348516,0.06081058770164916,-0.01987733169822614,0.009258405626912939,,,0.0067065360864777546,0.020460796600450578
briefs,PODD,,,,,,,,140.6,,,,,2026-09-18,,,,,,,,,,,2.5,,,,,,,,,,,,,,insider buys (beaten-down),undecided,"earnings, rating cut, market-wide",-59%,-7%,buy,22,+21%,0/5,-0.1%,+14.3%,2026-11-05,,"legal / regulatory, guidance / outlook cut",mixed,-10.3% (z -0.6),watch 0.84,,,,,,,,,,,,,,,,,,,14,0,True,2026-09-21,-0.05327172950227044,-0.0008352556586459503,-0.022112587354946596,-0.035419706757776614,0.011197412189029254,-0.017938325136109826,,,,-0.0378378882878706,0.016078312984298515,0.0023240524703256908,15,-0.05243647384362449,-0.03115914214732384,-0.04661711894680587,-0.017481381621666788,,,-0.05391620127216912,-0.04016194075819629
briefs,PPL,,,,,,,,33.34,,,,,2026-09-18,,,,,,,,,,,0.5,,,,,,,,,,,,,,falling wedge,undecided,"deal/financing, company disclosure (8-K)",-15%,-4%,buy,14,+22%,0/0,-0.1%,-4.0%,2026-11-04,,"guidance / outlook cut, earnings miss",mixed,+2.3% (z +1.1),watch 0.55,,,,,,,,,,,,,,,,,,,14,0,False,2026-09-21,-0.03775841659764889,-0.0008352556586459503,-0.022112587354946596,-0.01258610076082467,0.011197412189029254,-0.017938325136109826,,,,0.026371024761238537,0.016078312984298515,0.0023240524703256908,15,-0.03692316093900294,-0.015645829242702296,-0.023783512949853924,0.005352224375285156,,,0.010292711776940022,0.024046972290912846
briefs,ROL,,,,,,,,30.87,,,,,2026-10-07,,,,,,,,,,,-2.5,,,,,,,,,,,,,,falling wedge,still falling,"earnings, rating cut, market-wide, demand/competition, guidance, management, legal/regulatory",-52%,-11%,hold,17,+37%,0/6,-0.3%,-5.8%,2026-10-21,,"earnings miss, analyst downgrades",negative,-8.9% (z -0.7),skip 0.54,,,,,,,,,,,,,,,,,,,1,0,True,2026-10-08,,,,,,,,,,0.027634919017055948,0.004787990143758636,0.014670715362202819,2,,,,,,,0.022846928873297312,0.012964203654853129
briefs,SO,,,,,,,,85.52,,,,,2026-09-18,,,,,,,,,,,-0.5,,,,,,,,,,,,,,falling wedge,undecided,rating cut,-12%,-6%,hold,19,+15%,0/1,+0.1%,+11.8%,2026-10-29,,"guidance / outlook cut, legal / regulatory",positive,+0.1% (z +0.4),watch 0.49,,,,,,,,,,,,,,,,,,,13,0,False,2026-09-21,-0.03706733271021856,-0.0008352556586459503,-0.022112587354946596,-0.020229136990726482,0.011197412189029254,-0.017938325136109826,,,,0.007600579412927244,0.016078312984298515,0.0023240524703256908,15,-0.03623207705157261,-0.014954745355271963,-0.031426549179755736,-0.0022908118546166555,,,-0.008477733571371271,0.005276526942601553
briefs,SRE,,,,,,,,81.2,,,,,2026-09-21,,,,,,,,,,,0,,,,,,,,,,,,,,falling wedge,undecided,"company disclosure (8-K), rating cut",-18%,-6%,buy,17,+25%,1/1,+0.1%,+9.6%,2026-11-04,,"earnings miss, guidance / outlook cut",positive,-0.4% (z -0.1),watch 0.53,,,,,,,,,,,,,,,,,,,14,0,False,2026-09-22,-0.025986687851594192,-0.012699787757295744,-0.039160277629149615,-0.003685783353311045,0.006537210918276859,-0.02800546228205519,,,,0.013382437118806267,0.005865377124280036,-0.01932150982475168,14,-0.013286900094298448,0.013173589777555422,-0.010222994271587904,0.024319678928744145,,,0.007517059994526232,0.03270394694355795
briefs,STZ,,,,,,,,118.97,,,,,2026-09-18,,,,,,,,,,,0,,,,,,,,,,,,,,falling wedge,undecided,"company disclosure (8-K), earnings, rating cut",-28%,-9%,buy,23,+38%,0/0,-0.1%,+7.1%,2026-10-06,,"guidance / outlook cut, weak demand / consumer",mixed,+2.2% (z +0.4),,,,,,,,,,,,,,,,,,,,2,0,False,2026-09-21,-0.044912501372071256,-0.0008352556586459503,-0.022112587354946596,-0.04161385146447516,0.011197412189029254,-0.017938325136109826,,,,0.0373001430051656,0.016078312984298515,0.0023240524703256908,15,-0.044077245713425306,-0.02279991401712466,-0.052811263653504414,-0.023675526328365334,,,0.021221830020867083,0.03497609053483991
briefs,TAP,,,,,,,,37.53,,,,,2026-09-18,,,,,,,,,,,1,,,,,,,,,,,,,,falling wedge,undecided,not found,-29%,-8%,hold,21,+21%,0/0,-0.1%,+4.4%,2026-11-03,,"guidance / outlook cut, margins / costs",negative,+0.5% (z +0.4),,,,,,,,,,,,,,,,,,,S,7,1,False,2026-09-21,-0.03279998779296878,-0.0008352556586459503,-0.022112587354946596,-0.026133321126302067,0.011197412189029254,-0.017938325136109826,,,,-0.00799997965494792,0.016078312984298515,0.0023240524703256908,15,-0.031964732134322826,-0.01068740043802218,-0.03733073331533132,-0.00819499599019224,,,-0.024078292639246435,-0.010324032125273611
briefs,TDG,,,,,,,,1086.05,,,,,2026-09-18,,,,,,,,,,,1.5,,,,,,,,,,,,,,falling wedge,undecided,"company disclosure (8-K), rating cut, market-wide",-25%,-10%,buy,19,+39%,0/2,+0.0%,+5.5%,2026-11-05,,,,,,,,,,,,,,,,,,,,,,,,6,0,True,2026-09-21,0.016420710229274826,-0.0008352556586459503,-0.022112587354946596,0.0012462066257790116,0.011197412189029254,-0.017938325136109826,,,,0.015293632053047457,0.016078312984298515,0.0023240524703256908,15,0.017255965887920777,0.03853329758422142,-0.009951205563250243,0.019184531761888838,,,-0.0007846809312510583,0.012969579582721765
briefs,TFC,,,,,,,,49,,,,,2026-09-21,,,,,,,,,,,1,,,,,,,,,,,,,,insider buys (other),undecided,"management, company disclosure (8-K), deal/financing, guidance, rating cut",-9%,-4%,hold,18,+13%,0/6,+0.5%,+13.8%,2026-10-16,,"management / turnaround, analyst downgrades",mixed,-0.5% (z -0.1),watch 0.63,,,,,,,,,,,,,,,,,,,13,0,False,2026-09-22,-0.05398251207255722,-0.012699787757295744,-0.039160277629149615,-0.057852926130784965,0.006537210918276859,-0.02800546228205519,,,,-0.06070481835350394,0.005865377124280036,-0.01932150982475168,14,-0.041282724315261476,-0.014822234443407606,-0.06439013704906182,-0.029847463848729775,,,-0.06657019547778398,-0.04138330852875226
briefs,TJX,,,,,,,,134.41,,,,,2026-10-05,,,,,,,,,,,1.5,,,,,,,,,,,,,,early rally,undecided,"earnings, guidance, management, demand/competition, rating cut, news",-20%,-4%,buy,20,+26%,0/3,+0.5%,+2.8%,2026-11-18,,"weak demand / consumer, guidance / outlook cut",mixed,+4.7% (z +1.0),watch 0.56,,,,,,,,,,,,,,,,,,,4,0,False,2026-10-06,,,,,,,,,,0.02830881870695401,0.0005397197159666689,0.013721803956591349,4,,,,,,,0.02776909899098734,0.01458701475036266
briefs,TMUS,,,,,,,,168.18,,,,,2026-09-18,,,,,,,,,,,1,,,,,,,,,,,,,,falling wedge,undecided,"earnings, rating cut, demand/competition, news",-28%,-7%,buy,24,+46%,1/1,+0.0%,+14.9%,2026-10-28,,"competition / market share, guidance / outlook cut",mixed,-2.2% (z -0.1),watch 0.69,,,,,,,,,,,,,,,,,,T,15,1,False,2026-09-21,-0.00042041389876623647,-0.0008352556586459503,-0.022112587354946596,-0.011289964175934197,0.011197412189029254,-0.017938325136109826,,,,-0.10773481852698441,0.016078312984298515,0.0023240524703256908,15,0.00041484175987971383,0.02169217345618036,-0.02248737636496345,0.006648360960175629,,,-0.12381313151128293,-0.1100588709973101
briefs,TPR,,,,,,,,113.07,,,,,2026-09-21,,,,,,,,,,,4,,,,,,,,,,,,,,falling wedge,signs of a bottom,"earnings, rating cut",-31%,-16%,buy,20,+47%,0/0,+1.6%,+3.4%,2026-11-05,,"guidance / outlook cut, management / turnaround",positive,-1.6% (z -0.3),buy 0.86,,,,,,,,,,,,,,,,,,,9,0,False,2026-09-22,-0.005230112166463297,-0.012699787757295744,-0.039160277629149615,0.01769524719051807,0.006537210918276859,-0.02800546228205519,,,,0.013249621922006183,0.005865377124280036,-0.01932150982475168,14,0.0074696755908324475,0.03393016546268632,0.011158036272241212,0.045700709472573264,,,0.007384244797726147,0.03257113174675787
briefs,TSCO,,,,,,,,32.21,,,,,2026-09-18,,,,,,,,,,,0.5,,,,,,,,,,,,,,insider buys (beaten-down),undecided,not found,-45%,-3%,buy,27,+8%,0/1,+0.0%,-15.9%,2026-10-22,,,,,,,,,,,,,,,,,,,,,,,,1,0,False,2026-09-21,-0.004037300156367052,-0.0008352556586459503,-0.022112587354946596,-0.02422362323491767,0.011197412189029254,-0.017938325136109826,,,,0.046583849827929846,0.016078312984298515,0.0023240524703256908,15,-0.0032020444977211016,0.018075287198579544,-0.03542103542394692,-0.006285298098807842,,,0.03050553684363133,0.04425979735760416
briefs,TSN,,,,,,,,52.77,,,,,2026-09-18,,,,,,,,,,,0,,,,,,,,,,,,,,"insider buys (beaten-down), falling wedge",undecided,"company disclosure (8-K), guidance, demand/competition, management, rating cut",-22%,-6%,hold,12,+23%,0/0,-5.0%,+0.3%,2026-11-09,,"management / turnaround, guidance / outlook cut",negative,-3.3% (z -0.5),watch 0.76,,,,,,,,,,,,,,,,,,S,15,1,False,2026-09-21,-0.03613317868630661,-0.0008352556586459503,-0.022112587354946596,-0.021755609394633724,0.011197412189029254,-0.017938325136109826,,,,0.010783195010266367,0.016078312984298515,0.0023240524703256908,15,-0.03529792302766066,-0.014020591331360015,-0.03295302158366298,-0.0038172842585238974,,,-0.005295117974032149,0.008459142539940675
briefs,TXT,,,,,,,,79.69,,,,,2026-09-18,,,,,,,,,,,2.5,,,,,,,,,,,,,,falling wedge,undecided,"earnings, market-wide",-21%,-7%,buy,15,+26%,0/0,+0.1%,+4.8%,2026-10-22,,,,,,,,,,,,,,,,,,,,,,,,1,0,True,2026-09-21,-0.035407011224369955,-0.0008352556586459503,-0.022112587354946596,-0.05560402861712588,0.011197412189029254,-0.017938325136109826,,,,-0.07542694790448468,0.016078312984298515,0.0023240524703256908,15,-0.034571755565724005,-0.01329442386942336,-0.06680144080615513,-0.037665703481016055,,,-0.09150526088878319,-0.07775100037481036
briefs,UBER,,,,,,,,70.5,,,,,2026-09-18,,,,,,,,,,,4,,,,,,,,,,,,,,insider buys (other),signs of a bottom,earnings,-30%,-4%,buy,46,+43%,0/0,-1.3%,+40.2%,2026-11-03,,"guidance / outlook cut, weak demand / consumer",mixed,-7.1% (z -1.1),watch 0.77,,,,,,,,,,,,,,,,,,,14,0,False,2026-09-21,-0.03755995543881996,-0.0008352556586459503,-0.022112587354946596,-0.018921157069541117,0.011197412189029254,-0.017938325136109826,,,,0.00974304496441114,0.016078312984298515,0.0023240524703256908,15,-0.03672469978017401,-0.015447368083873363,-0.03011856925857037,-0.0009828319334312906,,,-0.0063352680198873745,0.00741899249408545
briefs,VMC,,,,,,,,241.7,,,,,2026-09-24,,,,,,,,,,,-0.5,,,,,,,,,,,,,,falling wedge,undecided,"earnings, rating cut",-26%,-11%,buy,23,+33%,0/1,-0.4%,+4.9%,2026-10-29,,"earnings miss, weak demand / consumer",negative,+0.3% (z +0.0),watch 0.64,,,,,,,,,,,,,,,,,,S,9,1,False,2026-09-25,0.0029710375158180646,0.0011186364353781286,-0.009885591367768254,0.009243234823032909,0.01273443332847446,0.015124500942061478,,,,0.009243234823032909,0.01273443332847446,0.015124500942061478,11,0.001852401080439936,0.012856628883586319,-0.0034911985054415506,-0.0058812661190285696,,,-0.0034911985054415506,-0.0058812661190285696
briefs,VRSK,,,,,,,,175.41,,,,,2026-09-18,,,,,,,,,,,6.5,,,,,,,,,,,,,,falling wedge,signs of a bottom,"earnings, management, rating cut",-30%,-7%,buy,17,+33%,1/0,-0.0%,+2.4%,2026-10-28,,"technology disruption / AI, margins / costs",positive,-2.0% (z -0.1),buy 0.80,,,,,,,,,,,,,,,,,,,11,0,False,2026-09-21,-0.03652443824734153,-0.0008352556586459503,-0.022112587354946596,-0.062309801867963865,0.011197412189029254,-0.017938325136109826,,,,0.020099924779508616,0.016078312984298515,0.0023240524703256908,15,-0.03568918258869558,-0.014411850892394933,-0.07350721405699312,-0.04437147673185404,,,0.0040216117952101005,0.017775872309182924
briefs,VST,,,,,,,,140.67,,,,,2026-09-18,,,,,,,,,,,0,,,,,,,,,,,,,,insider buys (beaten-down),undecided,"rating cut, market-wide",-35%,-5%,buy,19,+52%,0/0,-3.1%,-54.2%,2026-11-05,,"technology disruption / AI, weak demand / consumer",mixed,-2.1% (z +0.2),watch 0.81,,,,,,,,,,,,,,,,,,,14,0,True,2026-09-21,-0.02802813892633138,-0.0008352556586459503,-0.022112587354946596,0.02035210837780599,0.011197412189029254,-0.017938325136109826,,,,0.13718306850379625,0.016078312984298515,0.0023240524703256908,15,-0.02719288326768543,-0.005915551571384785,0.009154696188776734,0.03829043351391581,,,0.12110475551949773,0.13485901603347056
briefs,WEC,,,,,,,,103.17,,,,,2026-09-18,,,,,,,,,,,1,,,,,,,,,,,,,,falling wedge,undecided,company disclosure (8-K),-12%,-5%,buy,17,+16%,0/0,+0.1%,+12.3%,2026-10-29,,"guidance / outlook cut, management / turnaround",positive,+1.1% (z +1.0),watch 0.56,,,,,,,,,,,,,,,,,,,13,0,False,2026-09-21,-0.016957364842536515,-0.0008352556586459503,-0.022112587354946596,-0.018410794115016338,0.011197412189029254,-0.017938325136109826,,,,0.0052325671656574535,0.016078312984298515,0.0023240524703256908,15,-0.016122109183890565,0.005155222512410081,-0.029608206304045592,-0.0004724689789065116,,,-0.010845745818641062,0.0029085146953317627
briefs,WELL,,,,,,,,228.87,,,,,2026-09-18,,,,,,,,,,,3.5,,,,,,,,,,,,,,insider buys (other),signs of a bottom,company disclosure (8-K),-9%,-3%,buy,22,+13%,0/0,,-16.9%,2026-10-26,,"competition / market share, guidance / outlook cut",positive,+2.2% (z -0.1),watch 0.75,,,,,,,,,,,,,,,,,,,14,0,False,2026-09-21,0.01613893525117782,-0.0008352556586459503,-0.022112587354946596,-0.02224544607399681,0.011197412189029254,-0.017938325136109826,,,,-0.0165314201210095,0.016078312984298515,0.0023240524703256908,15,0.016974190909823772,0.03825152260612442,-0.033442858263026065,-0.0043071209378869844,,,-0.032609733105308014,-0.01885547259133519
briefs,WMT,,,,,,,,110.56,,,,,2026-10-08,,,,,,,,,,,2.5,,,,,,,,,,,,,,early rally,undecided,"earnings, guidance, rating cut, legal/regulatory, news, management, deal/financing, company disclosure (8-K)",-17%,+2%,buy,40,+14%,0/1,-0.0%,+9.3%,2026-11-19,,"guidance / outlook cut, margins / costs",negative,+0.5% (z +0.1),,,,,,,,,,,,,,,,,,,S,1,1,False,2026-10-09,,,,,,,,,,0.01176682718054023,0.0030016710284923587,-0.0004146778114210529,1,,,,,,,0.00876515615204787,0.012181504991961281
briefs,XEL,,,,,,,,73.36,,,,,2026-10-08,,,,,,,,,,,1,,,,,,,,,,,,,,early rally,undecided,"management, company disclosure (8-K), earnings, guidance, news, rating cut",-11%,-2%,strong buy,18,+23%,0/0,+0.1%,+18.4%,2026-10-29,,"guidance / outlook cut, legal / regulatory",positive,+1.0% (z +0.6),,,,,,,,,,,,,,,,,,,,1,0,False,2026-10-09,,,,,,,,,,0.008268462102960283,0.0030016710284923587,-0.0004146778114210529,1,,,,,,,0.005266791074467925,0.008683139914381336
briefs,XYL,,,,,,,,107.56,,,,,2026-09-18,,,,,,,,,,,5.5,,,,,,,,,,,,,,falling wedge,signs of a bottom,"market-wide, management, company disclosure (8-K), earnings, guidance",-29%,-7%,buy,16,+43%,1/0,-0.0%,+9.2%,2026-11-03,,"debt / financing, guidance / outlook cut",positive,-1.5% (z +0.1),buy 0.78,,,,,,,,,,,,,,,,,,,15,0,True,2026-09-21,-0.06875227857400446,-0.0008352556586459503,-0.022112587354946596,-0.0548172979692545,0.011197412189029254,-0.017938325136109826,,,,-0.05214102523121589,0.016078312984298515,0.0023240524703256908,15,-0.0679170229153585,-0.04663969121905786,-0.06601471015828375,-0.036878972833144674,,,-0.0682193382155144,-0.054465077701541575
briefs,YUM,,,,,,,,137.99,,,,,2026-09-18,,,,,,,,,,,2,,,,,,,,,,,,,,falling wedge,undecided,rating cut,-17%,-7%,buy,23,+27%,1/0,-3.7%,+3.7%,2026-11-03,,"legal / regulatory, weak demand / consumer",mixed,-4.2% (z -0.9),watch 0.83,,,,,,,,,,,,,,,,,,,15,0,False,2026-09-21,-0.0030281051058858033,-0.0008352556586459503,-0.022112587354946596,-0.01247293270081784,0.011197412189029254,-0.017938325136109826,,,,0.04412408443138127,0.016078312984298515,0.0023240524703256908,15,-0.002192849447239853,0.019084482249060793,-0.023670344889847095,0.005465392435291986,,,0.028045771447082757,0.041800031961055584
briefs,ZTS,,,,,,,,71.33,,,,,2026-09-21,,,,,,,,,,,-3,,,,,,,,,,,,,,falling wedge,still falling,"management, earnings, rating cut",-51%,-5%,buy,15,+35%,0/1,-9.8%,+0.9%,2026-11-03,,"guidance / outlook cut, earnings miss",negative,+0.7% (z +0.6),,,,,,,,,,,,,,,,,,,D S,4,1,False,2026-09-22,-0.02333981976695687,-0.012699787757295744,-0.039160277629149615,-0.009030306968112911,0.006537210918276859,-0.02800546228205519,,,,0.039316394410636724,0.005865377124280036,-0.01932150982475168,14,-0.010640032009661127,0.015820457862192744,-0.01556751788638977,0.01897515531394228,,,0.03345101728635669,0.05863790423538841
early_rally,CASY,Consumer Staples,,,,,,,633.25,-16.4%,-13.6%,,,2026-10-07,,0,,,,,,,,,,,,,,,,,,,,,,,,,,-30.8%,-13.4%,,,,,,,,beaten (80%) + wedge forming,,,,,,,,,,,,,,higher_high,1,2026-10-07,+2.0%,+6.0%,0.6x,2,,,2,0,False,2026-10-08,,,,,,,,,,0.006651120765186924,0.004787990143758636,0.014670715362202819,2,,,,,,,0.0018631306214282883,-0.008019594597015895
early_rally,CHRW,Industrials,,,,,,,140.61,-8.4%,-10.5%,,,2026-10-05,,2,,,,,,,,,,,,,,,,,,,,,,,,,,-26.6%,+0.8%,,,,,,,,not beaten (20%) + wedge forming,,,,,,,,,,,,,,ma50_cross,1,2026-10-01,+3.5%,-0.4%,1.1x,,,,1,0,False,2026-10-06,,,,,,,,,,0.010509094001962094,0.0005397197159666689,0.013721803956591349,4,,,,,,,0.009969374285995425,-0.003212709954629255
early_rally,CIEN,Information Technology,,,,,,,389.69,-8.7%,-2.9%,,,2026-10-05,,2,,,,,,,,,,,,,,,,,,,,,,,,,,-39.5%,+1.3%,,,,,,,,not beaten (0%),,,,,,,,,,,,,,"higher_high, ma50_cross, rsi_turn",3,2026-10-01,+7.8%,+10.1%,0.9x,,,,1,0,False,2026-10-06,,,,,,,,,,0.1427664118055687,0.0005397197159666689,0.013721803956591349,4,,,,,,,0.14222669208960204,0.12904460784897737
early_rally,CNP,Utilities,,,,,,,38.56,-10.5%,-6.0%,,,2026-10-06,,0,,,,,,,,,,,,,,,,,,,,,,,,,,-13.9%,-2.0%,,,,,,,,beaten (67%),,,,,,,,,,,,,,rsi_turn,1,2026-10-06,+2.1%,+1.9%,0.9x,3,,,3,0,False,2026-10-07,,,,,,,,,,0.011265400204436338,0.0036093013682851893,0.009124810892158702,3,,,,,,,0.007656098836151148,0.002140589312277636
early_rally,COO,Health Care,,,,,,,56.77,-19.6%,-19.7%,,,2026-10-05,,2,,,,,,,,,,,,,,,,,,,,,,,,,,-31.9%,-14.6%,,,,,,,,not beaten (24%),,,,,,,,,,,,,,higher_high,1,2026-10-01,+1.6%,+6.7%,0.9x,,,,1,0,False,2026-10-06,,,,,,,,,,-0.04075514045260298,0.0005397197159666689,0.013721803956591349,4,,,,,,,-0.04129486016856965,-0.05447694440919433
early_rally,COST,Consumer Staples,,,,,,,923.52,-9.0%,-4.0%,,,2026-10-05,,1,,,,,,,,,,,,,,,,,,,,,,,,,,-15.7%,-1.3%,,,,,,,,beaten (80%),,,,,,,,,,,,,,rsi_turn,1,2026-10-02,+0.6%,+2.8%,0.8x,,,,2,0,False,2026-10-06,,,,,,,,,,0.02778619305173602,0.0005397197159666689,0.013721803956591349,4,,,,,,,0.02724647333576935,0.01406438909514467
early_rally,CSGP,Real Estate,,,,,,,29.81,-20.1%,-24.2%,,,2026-10-08,,0,,,,,,,,,,,,,,,,,,,,,,,,,,-62.3%,-1.3%,,,,,,,,not beaten (16%),,,,,,,,,,,,,,rsi_turn,1,2026-10-08,+8.0%,+7.0%,1.5x,1,,,1,0,False,2026-10-09,,,,,,,,,,-0.011658906600023444,0.0030016710284923587,-0.0004146778114210529,1,,,,,,,-0.014660577628515803,-0.011244228788602392
early_rally,DECK,Consumer Discretionary,,,,,,,82.56,-24.8%,-18.2%,,,2026-10-08,,0,,,,,,,,,,,,,,,,,,,,,,,,,,-31.7%,-4.3%,,,,,,,,not beaten (30%),,,,,,,,,,,,,,rsi_turn,1,2026-10-08,+2.7%,+4.9%,0.9x,1,,,1,0,False,2026-10-09,,,,,,,,,,-0.00018092262070190657,0.0030016710284923587,-0.0004146778114210529,1,,,,,,,-0.0031825936491942652,0.00023375519071914635
early_rally,DPZ,Consumer Discretionary,,,,,,,308.65,-16.3%,-11.1%,,,2026-10-08,,0,,,,,,,,,,,,,,,,,,,,,,,,,,-28.4%,-5.4%,,,,,,,,not beaten (33%),,,,,,,,,,,,,,rsi_turn,1,2026-10-08,+1.8%,+5.3%,1.2x,1,,,1,0,False,2026-10-09,,,,,,,,,,0.00035565190481001707,0.0030016710284923587,-0.0004146778114210529,1,,,,,,,-0.0026460191236823416,0.00077032971623107
early_rally,DTE,Utilities,,,,,,,128.22,-12.0%,-7.6%,,,2026-10-06,,0,,,,,,,,,,,,,,,,,,,,,,,,,,-16.2%,-3.6%,,,,,,,,beaten (67%),,,,,,,,,,,,,,rsi_turn,1,2026-10-06,+2.5%,+2.2%,0.8x,3,,,3,0,False,2026-10-07,,,,,,,,,,-0.009445001004666942,0.0036093013682851893,0.009124810892158702,3,,,,,,,-0.013054302372952131,-0.018569811896825644
early_rally,DUK,Utilities,,,,,,,116.84,-10.6%,-4.5%,,,2026-10-08,,0,,,,,,,,,,,,,,,,,,,,,,,,,,-10.9%,-2.2%,,,,,,,,beaten (75%),,,,,,,,,,,,,,rsi_turn,1,2026-10-08,+1.2%,+3.2%,1.0x,1,,,1,0,False,2026-10-09,,,,,,,,,,0.00335454483470099,0.0030016710284923587,-0.0004146778114210529,1,,,,,,,0.0003528738062086312,0.0037692226461220426
early_rally,ECHO,Communication Services,,,,,,,98.21,-22.6%,-9.7%,,,2026-10-05,,0,,,,,,,,,,,,,,,,,,,,,,,,,,-30.7%,+9.5%,,,,,,,,not beaten (42%),,,,,,,,,,,,,,higher_high,1,2026-10-05,+4.2%,+3.0%,2.0x,,,,3,0,False,2026-10-06,,,,,,,,,,-0.04979462320681338,0.0005397197159666689,0.013721803956591349,4,,,,,,,-0.05033434292278005,-0.06351642716340473
early_rally,EQT,Energy,,,,,,,52.47,-13.0%,-5.0%,,,2026-10-06,,0,,,,,,,,,,,,,,,,,,,,,,,,,,-22.3%,-0.6%,,,,,,,,not beaten (33%),,,,,,,,,,,,,,rsi_turn,1,2026-10-06,+2.6%,+3.3%,0.8x,3,,,3,0,False,2026-10-07,,,,,,,,,,0.004563637150987621,0.0036093013682851893,0.009124810892158702,3,,,,,,,0.0009543357827024312,-0.004561173741171081
early_rally,ETR,Utilities,,,,,,,103.25,-8.3%,-2.1%,,,2026-10-06,,0,,,,,,,,,,,,,,,,,,,,,,,,,,-11.5%,-1.6%,,,,,,,,beaten (67%),,,,,,,,,,,,,,rsi_turn,1,2026-10-06,+2.4%,+2.1%,0.9x,3,,,3,0,False,2026-10-07,,,,,,,,,,-0.0018447889693428143,0.0036093013682851893,0.009124810892158702,3,,,,,,,-0.005454090337628004,-0.010969599861501516
early_rally,FE,Utilities,,,,,,,44.85,-11.8%,-4.1%,,,2026-10-08,,0,,,,,,,,,,,,,,,,,,,,,,,,,,-11.8%,-2.2%,,,,,,,,beaten (75%),,,,,,,,,,,,,,rsi_turn,1,2026-10-08,+0.6%,+3.8%,1.3x,1,,,1,0,False,2026-10-09,,,,,,,,,,0.003792062502829374,0.0030016710284923587,-0.0004146778114210529,1,,,,,,,0.0007903914743370155,0.004206740314250427
early_rally,HON,Industrials,,,,,,,214.14,-9.9%,-6.6%,,,2026-10-05,,2,,,,,,,,,,,,,,,,,,,,,,,,,,-17.1%,-3.7%,,,,,,,,not beaten (17%) + wedge forming,,,,,,,,,,,,,,"higher_high, rsi_turn",2,2026-10-01,+1.4%,+3.5%,0.8x,,,,1,0,False,2026-10-06,,,,,,,,,,-0.02811831950578514,0.0005397197159666689,0.013721803956591349,4,,,,,,,-0.028658039221751808,-0.04184012346237649
early_rally,IDXX,Health Care,,,,,,,527.07,-8.7%,-10.2%,,,2026-10-05,,0,,,,,,,,,,,,,,,,,,,,,,,,,,-31.3%,-3.0%,,,,,,,,not beaten (24%),,,,,,,,,,,,,,rsi_turn,1,2026-10-05,+1.7%,+2.3%,1.2x,,,,3,0,False,2026-10-06,,,,,,,,,,-0.021053056544663273,0.0005397197159666689,0.013721803956591349,4,,,,,,,-0.021592776260629942,-0.034774860501254626
early_rally,INTU,Information Technology,,,,,,,303.88,-15.6%,-20.9%,,,2026-10-08,,0,,,,,,,,,,,,,,,,,,,,,,,,,,-55.1%,-5.6%,,,,,,,,not beaten (0%) + wedge confirmed,,,,,,,,,,,,,,rsi_turn,1,2026-10-08,+2.2%,+9.7%,1.4x,1,,,1,0,False,2026-10-09,,,,,,,,,,-0.0075397078675830675,0.0030016710284923587,-0.0004146778114210529,1,,,,,,,-0.010541378896075426,-0.007125030056162014
early_rally,NCLH,Consumer Discretionary,,,,,,,15.51,-17.2%,-20.0%,,,2026-10-06,,0,,,,,,,,,,,,,,,,,,,,,,,,,,-38.0%,-6.6%,,,,,,,,not beaten (0%),,,,,,,,,,,,,,"rsi_turn, thrust",2,2026-10-06,+4.3%,+9.1%,1.2x,3,,,3,0,False,2026-10-07,,,,,,,,,,0.027722778011178173,0.0036093013682851893,0.009124810892158702,3,,,,,,,0.024113476642892984,0.01859796711901947
early_rally,NI,Utilities,,,,,,,40.67,-13.5%,-8.5%,,,2026-10-06,,0,,,,,,,,,,,,,,,,,,,,,,,,,,-16.6%,-1.8%,,,,,,,,beaten (67%),,,,,,,,,,,,,,rsi_turn,1,2026-10-06,+2.8%,+2.0%,1.1x,3,,,3,0,False,2026-10-07,,,,,,,,,,0.00369361509301247,0.0036093013682851893,0.009124810892158702,3,,,,,,,8.431372472728071e-05,-0.005431195799146232
early_rally,NRG,Utilities,,,,,,,108.61,-31.8%,-22.1%,,,2026-10-07,,0,,,,,,,,,,,,,,,,,,,,,,,,,,-40.6%,-3.3%,,,,,,,,not beaten (7%),,,,,,,,,,,,,,rsi_turn,1,2026-10-07,+4.8%,+7.8%,1.8x,2,,,2,0,False,2026-10-08,,,,,,,,,,0.004372104378633779,0.004787990143758636,0.014670715362202819,2,,,,,,,-0.0004158857651248571,-0.01029861098356904
early_rally,PEG,Utilities,,,,,,,71.73,-10.5%,-7.5%,,,2026-10-06,,0,,,,,,,,,,,,,,,,,,,,,,,,,,-15.4%,-0.9%,,,,,,,,beaten (67%),,,,,,,,,,,,,,rsi_turn,1,2026-10-06,+4.4%,+3.8%,2.4x,3,,,3,0,False,2026-10-07,,,,,,,,,,0.008370514391275341,0.0036093013682851893,0.009124810892158702,3,,,,,,,0.004761213022990152,-0.0007542965008833606
early_rally,PPL,Utilities,,,,,,,33.7,-11.9%,-5.3%,,,2026-10-06,,0,,,,,,,,,,,,,,,,,,,,,,,,,,-14.0%,-1.3%,,,,,,,,beaten (67%),,,,,,,,,,,,,,rsi_turn,1,2026-10-06,+2.3%,+2.5%,1.0x,3,,,3,0,False,2026-10-07,,,,,,,,,,0.016320451768814026,0.0036093013682851893,0.009124810892158702,3,,,,,,,0.012711150400528837,0.007195640876655324
early_rally,SO,Utilities,,,,,,,86.15,-10.3%,-5.4%,,,2026-10-08,,0,,,,,,,,,,,,,,,,,,,,,,,,,,-11.6%,-2.4%,,,,,,,,beaten (75%),,,,,,,,,,,,,,rsi_turn,1,2026-10-08,+0.8%,+3.9%,0.9x,1,,,1,0,False,2026-10-09,,,,,,,,,,0.0026762359902872124,0.0030016710284923587,-0.0004146778114210529,1,,,,,,,-0.0003254350382051463,0.003090913801708265
early_rally,STZ,Consumer Staples,,,,,,,123.63,-23.1%,-12.6%,,,2026-10-08,,0,,,,,,,,,,,,,,,,,,,,,,,,,,-24.7%,-1.9%,,,,,,,,not beaten (37%),,,,,,,,,,,,,,"rsi_turn, thrust",2,2026-10-08,+4.4%,+8.2%,2.0x,1,,,1,0,False,2026-10-09,,,,,,,,,,-0.004949295012994459,0.0030016710284923587,-0.0004146778114210529,1,,,,,,,-0.007950966041486818,-0.004534617201573406
early_rally,TAP,Consumer Staples,,,,,,,37.92,-13.1%,-10.1%,,,2026-10-08,,0,,,,,,,,,,,,,,,,,,,,,,,,,,-27.9%,-4.2%,,,,,,,,not beaten (37%),,,,,,,,,,,,,,rsi_turn,1,2026-10-08,+2.6%,+4.3%,0.7x,1,,,1,0,False,2026-10-09,,,,,,,,,,-0.010901351788312974,0.0030016710284923587,-0.0004146778114210529,1,,,,,,,-0.013903022816805333,-0.010486673976891922
early_rally,TJX,Consumer Discretionary,,,,,,,134.41,-16.4%,-11.4%,,,2026-10-05,,0,,,,,,,,,,,,,,,,,,,,,,,,,,-19.9%,-4.3%,,,,,,,,beaten (80%),,,,,,,,,,,,,,"higher_high, rsi_turn",2,2026-10-05,+1.3%,+2.6%,1.0x,4,,,4,0,False,2026-10-06,,,,,,,,,,0.02830881870695401,0.0005397197159666689,0.013721803956591349,4,,,,,,,0.02776909899098734,0.01458701475036266
early_rally,TMUS,Communication Services,,,,,,,171.31,-12.3%,-9.3%,,,2026-10-08,,0,,,,,,,,,,,,,,,,,,,,,,,,,,-24.0%,-2.1%,,,,,,,,beaten (50%) + wedge forming,,,,,,,,,,,,,,rsi_turn,1,2026-10-08,+2.2%,+3.6%,0.8x,1,,,1,0,False,2026-10-09,,,,,,,,,,-0.04456300508374478,0.0030016710284923587,-0.0004146778114210529,1,,,,,,,-0.047564676112237136,-0.04414832727232373
early_rally,WMT,Consumer Staples,,,,,,,110.56,-14.0%,-6.1%,,,2026-10-08,,0,,,,,,,,,,,,,,,,,,,,,,,,,,-17.4%,+2.0%,,,,,,,,beaten (60%),,,,,,,,,,,,,,ma50_cross,1,2026-10-08,+2.2%,+2.8%,1.1x,1,,,1,0,False,2026-10-09,,,,,,,,,,0.01176682718054023,0.0030016710284923587,-0.0004146778114210529,1,,,,,,,0.00876515615204787,0.012181504991961281
early_rally,XEL,Utilities,,,,,,,73.36,-10.0%,-4.7%,,,2026-10-08,,0,,,,,,,,,,,,,,,,,,,,,,,,,,-10.5%,-1.9%,,,,,,,,beaten (75%),,,,,,,,,,,,,,rsi_turn,1,2026-10-08,+1.3%,+5.5%,1.1x,1,,,1,0,False,2026-10-09,,,,,,,,,,0.008268462102960283,0.0030016710284923587,-0.0004146778114210529,1,,,,,,,0.005266791074467925,0.008683139914381336
early_rally,YUM,Consumer Discretionary,,,,,,,143,-10.2%,-6.2%,,,2026-10-08,,0,,,,,,,,,,,,,,,,,,,,,,,,,,-14.2%,-1.7%,,,,,,,,not beaten (33%),,,,,,,,,,,,,,rsi_turn,1,2026-10-08,+1.9%,+4.1%,1.1x,1,,,1,0,False,2026-10-09,,,,,,,,,,0.005694495307074554,0.0030016710284923587,-0.0004146778114210529,1,,,,,,,0.0026928242785821954,0.006109173118495607
early_rally,ZTS,Health Care,,,,,,,73.08,-38.4%,-24.3%,,,2026-10-08,,0,,,,,,,,,,,,,,,,,,,,,,,,,,-49.5%,-1.2%,,,,,,,,not beaten (29%) + wedge forming,,,,,,,,,,,,,,rsi_turn,1,2026-10-08,+2.1%,+4.0%,1.4x,1,,,1,0,False,2026-10-09,,,,,,,,,,0.02423325055969605,0.0030016710284923587,-0.0004146778114210529,1,,,,,,,0.021231579531203693,0.024647928371117105
growth,ALAB,(NASDAQ-only),,,,,,,,,,,,2026-09-05,,,,,,,,,,,0.73,,,,,,+104%,+120%,+23%,+23%,+76%,79,,,,,,,,,,,,,,,,,,,,,,,,,,,,,,,,,,,,,,8,0,False,2026-09-08,-0.169248983851654,-0.015187149199187733,-0.02991606247895808,0.19563144554480894,0.008101308547223462,-0.040742354084523195,0.2822790233732191,0.015544325674800241,-0.05845806783064725,0.125727828048666,0.014866479898321128,-0.050796213906807684,24,-0.15406183465246626,-0.1393329213726959,0.18753013699758547,0.23637379962933214,0.26673469769841884,0.3407370912038663,0.11086134815034487,0.1765240419554737
growth,ALL,Financials,,,,,,,,,,,,2026-09-09,,,,,,,,,,,0.74,,,,,,+11%,+10%,,+18%,+37%,9,1.9,,,,,,,,,,,,,,,,,,,,,,,,,,,,,,,,,,,,,6,0,False,2026-09-10,-0.017644245901748512,0.006028761305592045,-0.0069354411702836315,-0.11517485857359255,0.014583907970643573,-0.029416225161514865,-0.1016981629068654,0.023510680623975988,-0.018349281750406937,-0.10637219988075397,0.029647029642454914,-0.015462822043806267,22,-0.023673007207340557,-0.01070880473146488,-0.12975876654423613,-0.08575863341207769,-0.12520884353084138,-0.08334888115645846,-0.13601922952320888,-0.0909093778369477
growth,APO,Financials,,,,,,,,,,,,2026-09-08,,,,,,,,,,,0.76,,,,,,+64%,+43%,+25%,+26%,-2%,13,0.5,,,,,,,,,,,,,,,,,,,,,,,,,,,,,,,,,,,,,6,0,False,2026-09-09,-0.05249938584038161,-0.013126925764616937,-0.022751360636133186,-0.05379283618215158,0.0073769664478993136,-0.037219491531335046,-0.12082470143019097,0.0197229768291598,-0.04735997023390788,-0.09723801158103029,0.02149424289794699,-0.0326741479212198,23,-0.03937246007576467,-0.02974802520424842,-0.061169802630050896,-0.016573344650816536,-0.14054767825935077,-0.07346473119628309,-0.11873225447897728,-0.06456386365981048
growth,ASML,(NASDAQ-only),,,,,,,,,,,,2026-09-05,,,,,,,,,,,0.75,,,,,,+21%,+16%,+35%,+25%,+128%,27,1.5,,,,,,,,,,,,,,,,,,,,,,,,,,,,,,,,,,,,,9,0,False,2026-09-08,-0.10306309219340959,-0.015187149199187733,-0.02991606247895808,-0.014906839989749177,0.008101308547223462,-0.040742354084523195,0.03367430372932412,0.015544325674800241,-0.05845806783064725,0.0033758786692557052,0.014866479898321128,-0.050796213906807684,24,-0.08787594299422186,-0.07314702971445151,-0.02300814853697264,0.02583551409477402,0.018129978054523876,0.09213237155997137,-0.011490601229065422,0.05417209257606339
growth,BKNG,Consumer Discretionary,,,,,,,,,,,,2026-09-05,,,,,,,,,,,0.72,,,,,,+8%,+16%,+34%,+34%,-6%,16,0.7,,,,,,,,,,,,,,,,,,,,,,,,,,,,,,,,,,,,,1,0,False,2026-09-08,-0.10359246953076873,-0.015187149199187733,-0.02991606247895808,-0.14074223993396662,0.008101308547223462,-0.040742354084523195,-0.1752234568993054,0.015544325674800241,-0.05845806783064725,-0.1610438127014039,0.014866479898321128,-0.050796213906807684,24,-0.088405320331581,-0.07367640705181065,-0.14884354848119008,-0.09999988584944342,-0.19076778257410565,-0.11676538906865816,-0.17591029259972502,-0.1102475987945962
growth,CF,Materials,,,,,,,,,,,,2026-09-05,,,,,,,,,,,0.72,,,,,,+18%,-14%,+39%,+25%,+41%,13,0.6,,,,,,,,,,,,,,,,,,,,,,,,,,,,,,,,,,,,,3,0,False,2026-09-08,0.011039801241919278,-0.015187149199187733,-0.02991606247895808,-0.10047740911539083,0.008101308547223462,-0.040742354084523195,-0.13456662124466012,0.015544325674800241,-0.05845806783064725,-0.16798446257783617,0.014866479898321128,-0.050796213906807684,24,0.02622695044110701,0.04095586372087735,-0.10857871766261429,-0.05973505503086763,-0.15011094691946036,-0.07610855341401287,-0.1828509424761573,-0.11718824867102848
growth,COF,Financials,,,,,,,,,,,,2026-09-05,,,,,,,,,,,0.75,,,,,,+27%,+16%,,+48%,-2%,9,0.2,,,,,,,,,,,,,,,,,,,,,,,,,,,,,,,,,,,,,7,0,False,2026-09-08,-0.048659278520244875,-0.015187149199187733,-0.02991606247895808,-0.07763413600990121,0.008101308547223462,-0.040742354084523195,-0.09938824485813247,0.015544325674800241,-0.05845806783064725,-0.08356711944538076,0.014866479898321128,-0.050796213906807684,24,-0.03347212932105714,-0.018743216041286797,-0.08573544455712467,-0.036891781925378016,-0.11493257053293271,-0.04093017702748522,-0.09843359934370188,-0.03277090553857307
growth,DXCM,Health Care,,,,,,,,,,,,2026-09-11,,,,,,,,,,,0.71,,,,,,+13%,+17%,+23%,+28%,+19%,27,1.3,,,,,,,,,,,,,,,,,,,,,,,,,,,,,,,,,,,,,2,0,False,2026-09-14,0.06255958191789812,0.021634762047866296,-0.023412841904113815,0.03288849137811134,0.011213671888964383,-0.045153987913850016,,,,0.0022640901519532797,0.0283312012544068,-0.030508095985033092,20,0.040924819870031826,0.08597242382201194,0.021674819489146957,0.07804247929196136,,,-0.026067111102453522,0.032772186136986375
growth,EOG,Energy,,,,,,,,,,,,2026-09-09,,,,,,,,,,,0.73,,,,,,+59%,-9%,+35%,+25%,+25%,10,1.4,cyclical peak,,,,,,,,,,,,,,,,,,,,,,,,,,,,,,,,,,,,5,0,False,2026-09-10,-0.021063289059571888,0.006028761305592045,-0.0069354411702836315,-0.038627222458965105,0.014583907970643573,-0.029416225161514865,-0.0006057307737725726,0.023510680623975988,-0.018349281750406937,-0.0029609853521792573,0.029647029642454914,-0.015462822043806267,22,-0.027092050365163933,-0.014127847889288257,-0.05321113042960868,-0.00921099729745024,-0.02411641139774856,0.017743550976634364,-0.03260801499463417,0.01250183669162701
growth,EXPE,Consumer Discretionary,,,,,,,,,,,,2026-09-05,,,,,,,,,,,0.77,,,,,,+14%,+8%,+17%,+28%,+42%,13,0.8,,,,,,,,,,,,,,,,,,,,,,,,,,,,,,,,,,,,,9,0,False,2026-09-08,-0.011534615270604953,-0.015187149199187733,-0.02991606247895808,-0.053288323079152655,0.008101308547223462,-0.040742354084523195,-0.12286675438712058,0.015544325674800241,-0.05845806783064725,-0.07514333483742619,0.014866479898321128,-0.050796213906807684,24,0.0036525339285827796,0.018381447208353125,-0.06138963162637612,-0.01254596899462946,-0.13841108006192082,-0.06440868655647333,-0.09000981473574732,-0.024347120930618506
growth,FANG,Energy,,,,,,,,,,,,2026-09-05,,,,,,,,,,,0.75,,,,,,+51%,+16%,+36%,+22%,+35%,11,24.4,cyclical peak,,,,,,,,,,,,,,,,,,,,,,,,,,,,,,,,,,,,9,0,False,2026-09-08,0.04806023316772179,-0.015187149199187733,-0.02991606247895808,-0.08586434957059097,0.008101308547223462,-0.040742354084523195,-0.0834861316486547,0.015544325674800241,-0.05845806783064725,-0.04806023316772168,0.014866479898321128,-0.050796213906807684,24,0.06324738236690952,0.07797629564667986,-0.09396565811781443,-0.045121995486067774,-0.09903045732345495,-0.025028063818007457,-0.0629267130660428,0.0027359807390860066
growth,FIX,Industrials,,,,,,,,,,,,2026-09-05,,,,,,,,,,,0.81,,,,,,+50%,+30%,+16%,+19%,+137%,25,0.5,,,,,,,,,,,,,,,,,,,,,,,,,,,,,,,,,,,,,9,0,False,2026-09-08,-0.03796215418128435,-0.015187149199187733,-0.02991606247895808,-0.008462474141053944,0.008101308547223462,-0.040742354084523195,0.10918850575808414,0.015544325674800241,-0.05845806783064725,0.04679069030277616,0.014866479898321128,-0.050796213906807684,24,-0.022775004982096614,-0.008046091702326268,-0.016563782688277406,0.03227987994346925,0.0936441800832839,0.1676465735887314,0.03192421040445503,0.09758690420958385
growth,GOOG,Communication Services,,,,,,,,,,,,2026-09-08,,,,,,,,,,,0.73,,,,,,+24%,+13%,+33%,+12%,+51%,23,1.3,,,,,,,,,,,,,,,,,,,,,,,,,,,,,,,,,,,,,1,0,False,2026-09-09,0.031113242544649866,-0.013126925764616937,-0.022751360636133186,0.017805104387699444,0.0073769664478993136,-0.037219491531335046,0.05545090019067933,0.0197229768291598,-0.04735997023390788,0.05693968920880166,0.02149424289794699,-0.0326741479212198,23,0.0442401683092668,0.05386460318078305,0.01042813793980013,0.05502459591903449,0.03572792336151953,0.10281087042458721,0.03544544631085467,0.08961383713002147
growth,GOOGL,Communication Services,,,,,,,,,,,,2026-09-05,,,,,,,,,,,0.74,,,,,,+24%,+13%,+33%,+12%,+54%,22,1.2,,,,,,,,,,,,,,,,,,,,,,,,,,,,,,,,,,,,,3,0,False,2026-09-08,0.02850157168887435,-0.015187149199187733,-0.02991606247895808,0.0469262107335946,0.008101308547223462,-0.040742354084523195,0.03655112622159695,0.015544325674800241,-0.05845806783064725,0.04841687908963688,0.014866479898321128,-0.050796213906807684,24,0.04368872088806208,0.058417634167832425,0.038824902186371135,0.0876685648181178,0.02100680054679671,0.0950091940522442,0.03355039919131575,0.09921309299644457
growth,IBKR,Financials,,,,,,,,,,,,2026-09-11,,,,,,,,,,,0.72,,,,,,+21%,+35%,+86%,+143%,+47%,28,1.4,,,,,,,,,,,,,,,,,,,,,,,,,,,,,,,,,,,,,3,0,False,2026-09-14,0.03566665649414058,0.021634762047866296,-0.023412841904113815,-0.03244442409939241,0.011213671888964383,-0.045153987913850016,,,,-0.023666636149088593,0.0283312012544068,-0.030508095985033092,20,0.014031894446274285,0.059079498398254396,-0.04365809598835679,0.012709563814457606,,,-0.051997837403495395,0.006841459835944499
growth,INCY,Health Care,,,,,,,,,,,,2026-09-05,,,,,,,,,,,0.75,,,,,,+38%,+15%,+32%,+32%,+39%,15,11.1,,,,,,,,,,,,,,,,,,,,,,,,,,,,,,,,,,,,,9,0,False,2026-09-08,-0.01909598529471257,-0.015187149199187733,-0.02991606247895808,0.02272177649630125,0.008101308547223462,-0.040742354084523195,-0.09169283053301991,0.015544325674800241,-0.05845806783064725,-0.09120940809889944,0.014866479898321128,-0.050796213906807684,24,-0.003908836095524837,0.010820077184245509,0.014620467949077787,0.06346413058082445,-0.10723715620782015,-0.03323476270237266,-0.10607588799722056,-0.04041319419209175
growth,LLY,Health Care,,,,,,,,,,,,2026-09-05,,,,,,,,,,,0.76,,,,,,+48%,+32%,+50%,+17%,+61%,25,1.1,,,,,,,,,,,,,,,,,,,,,,,,,,,,,,,,,,,,,9,0,False,2026-09-08,0.002744912049040149,-0.015187149199187733,-0.02991606247895808,0.03278024240815314,0.008101308547223462,-0.040742354084523195,0.021615172316306275,0.015544325674800241,-0.05845806783064725,0.040838499144969065,0.014866479898321128,-0.050796213906807684,24,0.017932061248227882,0.032660974527998224,0.024678933860929675,0.07352259649267634,0.006070846641506034,0.08007324014695352,0.025972019246647937,0.09163471305177676
growth,MU,Information Technology,,,,,,,,,,,,2026-09-05,,,,,,,,,,,0.9,,,,,,+346%,+7%,+66%,+29%,+611%,6,0.1,cyclical peak,,,,,,,,,,,,,,,,,,,,,,,,,,,,,,,,,,,,9,0,False,2026-09-08,-0.104978817314903,-0.015187149199187733,-0.02991606247895808,0.05766114276136847,0.008101308547223462,-0.040742354084523195,0.008838319146958984,0.015544325674800241,-0.05845806783064725,-0.007140123735761339,0.014866479898321128,-0.050796213906807684,24,-0.08979166811571526,-0.07506275483594492,0.049559834214145004,0.09840349684589167,-0.006706006527841257,0.06729638697760623,-0.022006603634082467,0.043656090171046345
growth,NEM,Materials,,,,,,,,,,,,2026-09-10,,,,,,,,,,,0.71,,,,,,+15%,+24%,+55%,+38%,+56%,12,2.8,,,,,,,,,,,,,,,,,,,,,,,,,,,,,,,,,,,,,5,0,False,2026-09-11,-0.03185061206333728,-0.0014888258799888865,-0.021910428375786575,-0.047383704853580455,0.011174581931059135,-0.032293272050429415,-0.07554722515565837,0.020639432913830857,-0.021037246372903957,-0.07554722515565837,0.020639432913830857,-0.021037246372903957,21,-0.030361786183348394,-0.009940183687550706,-0.05855828678463959,-0.01509043280315104,-0.09618665806948923,-0.05450997878275442,-0.09618665806948923,-0.05450997878275442
growth,SNDK,Information Technology,,,,,,,,,,,,2026-09-05,,,,,,,,,,,0.94,,,,,,+251%,+49%,+42%,+34%,+1914%,7,,cyclical peak,,,,,,,,,,,,,,,,,,,,,,,,,,,,,,,,,,,,9,0,False,2026-09-08,-0.13480896499944706,-0.015187149199187733,-0.02991606247895808,0.06646772225039643,0.008101308547223462,-0.040742354084523195,-0.0615848547078196,0.015544325674800241,-0.05845806783064725,-0.10602855254346433,0.014866479898321128,-0.050796213906807684,24,-0.11962181580025932,-0.10489290252048898,0.05836641370317297,0.10721007633491964,-0.07712918038261984,-0.003126786877172355,-0.12089503244178545,-0.05523233863665664
growth,STT,Financials,,,,,,,,,,,,2026-09-05,,,,,,,,,,,0.73,,,,,,+17%,+5%,,+13%,+66%,13,0.7,,,,,,,,,,,,,,,,,,,,,,,,,,,,,,,,,,,,,4,0,False,2026-09-08,-0.041224260097311505,-0.015187149199187733,-0.02991606247895808,-0.06649749557991647,0.008101308547223462,-0.040742354084523195,-0.08498098841879353,0.015544325674800241,-0.05845806783064725,-0.08909398344487052,0.014866479898321128,-0.050796213906807684,24,-0.026037110898123772,-0.011308197618353426,-0.07459880412713993,-0.02575514149539327,-0.10052531409359378,-0.026522920588146287,-0.10396046334319164,-0.03829776953806283
growth,WDC,Information Technology,,,,,,,,,,,,2026-09-05,,,,,,,,,,,0.86,,,,,,+45%,+27%,+31%,+25%,+400%,22,0.9,,,,,,,,,,,,,,,,,,,,,,,,,,,,,,,,,,,,,9,0,False,2026-09-08,-0.14176791509779918,-0.015187149199187733,-0.02991606247895808,-0.032103504819896655,0.008101308547223462,-0.040742354084523195,-0.14368450619265039,0.015544325674800241,-0.05845806783064725,-0.17235059541096398,0.014866479898321128,-0.050796213906807684,24,-0.12658076589861145,-0.1118518526188411,-0.04020481336712012,0.00863884926462654,-0.15922883186745063,-0.08522643836200314,-0.1872170753092851,-0.12155438150415629
insider_beaten,AON,Financials,2026-09-03,no,1,6,$6.55M,327.48,290.82,-10%,-13%,,KNIGHT LESTER B,2026-09-21,,,,,,,,,,,,,,,,,,,,,,,,,,,,,,,,,,,,,,,,,,,,,,,,,,,,,,,,,14,,,14,0,False,2026-09-22,-0.05208549367577531,-0.012699787757295744,-0.039160277629149615,-0.05864772716072841,0.006537210918276859,-0.02800546228205519,,,,-0.06043426264493634,0.005865377124280036,-0.01932150982475168,14,-0.03938570591847956,-0.012925216046625693,-0.06518493807900527,-0.030642264878673223,,,-0.06629963976921638,-0.04111275282018466
insider_beaten,APTV,Consumer Discretionary,2026-08-17,yes,4,5,$8.20M,48,47.95,-34%,-28%,yes,Agnevall Hakan; CLARK KEVIN P; MEISTER PAUL M; Mahoney Sean O,2026-09-05,,,,,,,,,,,,,,,,,,,,,,,,,,,,,,,,,,,,,,,,,,,,,,,,,,,,,,,,,,,,18,0,False,2026-09-08,-0.08300144960097999,-0.015187149199187733,-0.02991606247895808,-0.064975865303045,0.008101308547223462,-0.040742354084523195,-0.06267025615480748,0.015544325674800241,-0.05845806783064725,-0.08195346724885244,0.014866479898321128,-0.050796213906807684,24,-0.06781430040179226,-0.05308538712202192,-0.07307717385026846,-0.024233511218521804,-0.07821458182960772,-0.004212188324160232,-0.09681994714717357,-0.031157253342044756
insider_beaten,BSX,Health Care,2026-08-26,yes,3,3,$9.33M,48.27,47.8,-33%,-28%,yes,LUDWIG EDWARD J; Mahoney Michael F; Morano Susan E,2026-09-05,,,,,,,,,,,,,,,,,,,,,,,,,,,,,,,,,,,,,,,,,,,,,,,,,,,,,,,,,24,,,24,0,False,2026-09-08,-0.07505800865243795,-0.015187149199187733,-0.02991606247895808,-0.052920137467436734,0.008101308547223462,-0.040742354084523195,-0.11047863471961628,0.015544325674800241,-0.05845806783064725,-0.09909341624917867,0.014866479898321128,-0.050796213906807684,24,-0.059870859453250214,-0.04514194617347987,-0.0610214460146602,-0.012177783382913539,-0.12602296039441652,-0.05202056688896903,-0.1139598961474998,-0.04829720234237098
insider_beaten,CEG,Utilities,2026-08-13,no,1,1,$0.42M,278.62,264.57,-12%,-10%,,CRANDALL ROGER W,2026-09-14,,,,,,,,,,,,,,,,,,,,,,,,,,,,,,,,,,,,,,,,,,,,,,,,,,,,,,,,,,,,9,0,False,2026-09-15,-0.00880359836477207,0.019971154187474305,-0.017792800842273845,-0.0045899220343583735,0.007864133491525482,-0.044938790147600986,,,,0.12140715204390862,0.026815981758622875,-0.02371898636676416,19,-0.028774752552246374,0.008989202477501776,-0.012454055525883856,0.04034886811324261,,,0.09459117028528574,0.1451261384106728
insider_beaten,COO,Health Care,2026-09-15,yes,3,4,$1.33M,53.88,54.61,-24%,-25%,,Keel Paul A; Kurzius Lawrence Erik; Rosebrough Walter M Jr,2026-09-16,,,,,,,,,,,,,,,,,,,,,,,,,,,,,,,,,,,,,,,,,,,,,,,,,,,,,,,,,17,,,17,0,False,2026-09-17,0.010215275016571823,0.007776988474803126,-0.03185618841044408,0.04724553387460939,0.0035865623892439302,-0.039506800949028247,,,,-0.008208696925292802,0.02273905053412628,-0.013416853095022833,17,0.002438286541768697,0.042071463427015905,0.04365897148536546,0.08675233482363764,,,-0.030947747459419084,0.005208156169730031
insider_beaten,CSGP,Real Estate,2026-08-05,no,1,1,$2.49M,29.89,30.91,-36%,-29%,yes,FLORANCE ANDREW C,2026-09-05,,,,,,,,,,,,,,,,,,,,,,,,,,,,,,,,,,,,,,,,,,,,,,,,,,,,,,,,,,,,10,0,False,2026-09-08,0.03306056478248931,-0.015187149199187733,-0.02991606247895808,-0.058265100613735465,0.008101308547223462,-0.040742354084523195,-0.09558101961428722,0.015544325674800241,-0.05845806783064725,-0.028805210564426642,0.014866479898321128,-0.050796213906807684,24,0.04824771398167704,0.06297662726144738,-0.06636640916095893,-0.01752274652921227,-0.11112534528908746,-0.037122951783639974,-0.04367169046274777,0.021991003342381042
insider_beaten,FISV,Financials,2026-08-11,no,1,1,$0.52M,51.95,53,-16%,-9%,,FRITZ LANCE M,2026-09-05,,,,,,,,,,,,,,,,,,,,,,,,,,,,,,,,,,,,,,,,,,,,,,,,,,,,,,,,,,,,15,0,False,2026-09-08,-0.048325739139308266,-0.015187149199187733,-0.02991606247895808,-0.12290720567698954,0.008101308547223462,-0.040742354084523195,-0.13470322766491538,0.015544325674800241,-0.05845806783064725,-0.13184931742976214,0.014866479898321128,-0.050796213906807684,24,-0.03313858994012053,-0.018409676660350188,-0.131008514224213,-0.08216485159246634,-0.15024755333971562,-0.07624515983426813,-0.14671579732808326,-0.08105310352295444
insider_beaten,IR,Industrials,2026-08-05,no,1,1,$1.00M,86.68,76.36,-12%,-7%,,Satpathy Aurobind,2026-09-05,,,,,,,,,,,,,,,,,,,,,,,,,,,,,,,,,,,,,,,,,,,,,,,,,,,,,,,,,,,,10,0,False,2026-09-08,-0.04754962036941224,-0.015187149199187733,-0.02991606247895808,-0.021854324846078188,0.008101308547223462,-0.040742354084523195,0.0491390607214921,0.015544325674800241,-0.05845806783064725,0.04304635761589415,0.014866479898321128,-0.050796213906807684,24,-0.032362471170224505,-0.01763355789045416,-0.02995563339330165,0.018888029238445007,0.03359473504669186,0.10759712855213935,0.02817987771757302,0.09384257152270184
insider_beaten,NVR,Consumer Discretionary,2026-08-11,no,1,1,$0.41M,6431.51,6298.85,-9%,-7%,,Oliver George,2026-09-05,,,,,,,,,,,,,,,,,,,,,,,,,,,,,,,,,,,,,,,,,,,,,,,,,,,,,,,,,,,,3,0,False,2026-09-08,0.005820376576590736,-0.015187149199187733,-0.02991606247895808,0.018915792200045578,0.008101308547223462,-0.040742354084523195,-0.028071595074208644,0.015544325674800241,-0.05845806783064725,-0.0517710401770648,0.014866479898321128,-0.050796213906807684,24,0.02100752577577847,0.03573643905554881,0.010814483652822116,0.059658146284568773,-0.043615920749008885,0.030386472756438604,-0.06663752007538593,-0.0009748262702571134
insider_beaten,PODD,Health Care,2026-08-24,no,1,1,$0.16M,147.47,147.48,-38%,-30%,yes,McEvoy Ashley,2026-09-05,,,,,,,,,,,,,,,,,,,,,,,,,,,,,,,,,,,,,,,,,,,,,,,,,,,,,,,,,,,,23,0,False,2026-09-08,-0.05529543340955312,-0.015187149199187733,-0.02991606247895808,-0.05434557663346118,0.008101308547223462,-0.040742354084523195,-0.08589459064071692,0.015544325674800241,-0.05845806783064725,-0.08216297347513302,0.014866479898321128,-0.050796213906807684,24,-0.040108284210365386,-0.02537937093059504,-0.06244688518068464,-0.013603222548937983,-0.10143891631551716,-0.02743652281006967,-0.09702945337345414,-0.03136675956832533
insider_beaten,TSCO,Consumer Discretionary,2026-08-05,yes,2,2,$0.52M,32.13,34.99,-29%,-15%,yes,Hawaux Andre J; Lawton III Harry A,2026-09-05,,,,,,,,,,,,,,,,,,,,,,,,,,,,,,,,,,,,,,,,,,,,,,,,,,,,,,,,,,,,10,0,False,2026-09-08,-0.056016084742748884,-0.015187149199187733,-0.02991606247895808,-0.06144616812642334,0.008101308547223462,-0.040742354084523195,-0.07716492236126593,0.015544325674800241,-0.05845806783064725,-0.036867700875854004,0.014866479898321128,-0.050796213906807684,24,-0.04082893554356115,-0.026100022263790806,-0.0695474766736468,-0.020703814041900144,-0.09270924803606617,-0.018706854530618683,-0.05173418077417513,0.01392851303095368
insider_beaten,TSN,Consumer Staples,2026-09-08,no,1,1,$1.00M,51.5,51.74,-13%,-13%,yes,Schomburger Jeffrey K,2026-09-09,,,,,,,,,,,,,,,,,,,,,,,,,,,,,,,,,,,,,,,,,,,,,,,,,,,,,,,,,22,,,22,0,False,2026-09-10,-0.0005737730630873683,0.006028761305592045,-0.0069354411702836315,-0.021992761632127156,0.014583907970643573,-0.029416225161514865,0.0009561911681990054,0.023510680623975988,-0.018349281750406937,0.02180147962686152,0.029647029642454914,-0.015462822043806267,22,-0.006602534368679414,0.006361668107196263,-0.03657666960277073,0.007423463529387709,-0.022554489455776983,0.019305472918605942,-0.007845550015593394,0.037264301670667785
insider_beaten,UBER,Industrials,2026-09-10,yes,2,3,$15.31M,72.58,70.97,-9%,-6%,yes,KHOSROWSHAHI DARA; Macdonald Andrew,2026-09-16,,,,,,,,,,,,,,,,,,,,,,,,,,,,,,,,,,,,,,,,,,,,,,,,,,,,,,,,,,,,1,0,False,2026-09-17,-0.03324018581198973,0.007776988474803126,-0.03185618841044408,-0.051955325418724274,0.0035865623892439302,-0.039506800949028247,,,,-0.0012569321202311468,0.02273905053412628,-0.013416853095022833,17,-0.04101717428679286,-0.0013839974015456488,-0.055541887807968204,-0.012448524469696028,,,-0.02399598265435743,0.012159920974791686
insider_beaten,VST,Utilities,2026-09-02,no,1,3,$1.17M,135.38,140.73,-11%,-10%,yes,BURKE JAMES A,2026-09-14,,,,,,,,,,,,,,,,,,,,,,,,,,,,,,,,,,,,,,,,,,,,,,,,,,,,,,,,,,,,10,0,False,2026-09-15,-0.008460578053018808,0.019971154187474305,-0.017792800842273845,-0.0054946587396271784,0.007864133491525482,-0.044938790147600986,,,,0.14033030014721737,0.026815981758622875,-0.02371898636676416,19,-0.028431732240493113,0.009332222789255037,-0.01335879223115266,0.03944413140797381,,,0.11351431838859449,0.16404928651398154
insider_other,AME,Industrials,2026-08-12,no,1,1,$1.02M,255.85,237.72,+7%,+5%,,Stanage Nick L,2026-09-05,,,,,,,,,,,,,,,,,,,,,,,,,,,,,,,,,,,,,,,,,,,,,,,,,,,,,,,,,,,,15,0,False,2026-09-08,-0.01211060615450077,-0.015187149199187733,-0.02991606247895808,0.0340709870638396,0.008101308547223462,-0.040742354084523195,0.06908637865213252,0.015544325674800241,-0.05845806783064725,0.047428238547626345,0.014866479898321128,-0.050796213906807684,24,0.0030765430446869635,0.01780545632445731,0.025969678516616135,0.0748133411483628,0.05354205297733228,0.12754444648277977,0.03256175864930522,0.09822445245443404
insider_other,AMT,Real Estate,2026-08-25,no,1,1,$0.50M,177,175.85,-5%,+0%,,Kalathur Rajesh,2026-09-05,,,,,,,,,,,,,,,,,,,,,,,,,,,,,,,,,,,,,,,,,,,,,,,,,,,,,,,,,,,,23,0,False,2026-09-08,-0.0035325238340402354,-0.015187149199187733,-0.02991606247895808,-0.017326475516814432,0.008101308547223462,-0.040742354084523195,-0.06604478078174592,0.015544325674800241,-0.05845806783064725,0.03291664972441111,0.014866479898321128,-0.050796213906807684,24,0.011654625365147497,0.026383538644917843,-0.025427784064037895,0.023415878567708763,-0.08158910645654616,-0.0075867129510986675,0.01805016982608998,0.0837128636312188
insider_other,AON,Financials,2026-09-03,no,1,6,$6.55M,327.48,323.09,-5%,-4%,,KNIGHT LESTER B,2026-09-05,,,,,,,,,,,,,,,,,,,,,,,,,,,,,,,,,,,,,,,,,,,,,,,,,,,,,,,,,,,,10,0,False,2026-09-08,-0.03822837741722329,-0.015187149199187733,-0.02991606247895808,-0.09684952583498252,0.008101308547223462,-0.040742354084523195,-0.1350779995890271,0.015544325674800241,-0.05845806783064725,-0.13671948268668366,0.014866479898321128,-0.050796213906807684,24,-0.02304122821803556,-0.008312314938265213,-0.10495083438220598,-0.056107171750459324,-0.15062232526382735,-0.07661993175837986,-0.15158596258500479,-0.08592326877987597
insider_other,ARE,Real Estate,2026-08-19,no,1,1,$0.23M,46.28,52.65,+7%,+7%,,MARCUS JOEL S,2026-09-05,,,,,,,,,,,,,,,,,,,,,,,,,,,,,,,,,,,,,,,,,,,,,,,,,,,,,,,,,,,,23,0,False,2026-09-08,0.012433090287557347,-0.015187149199187733,-0.02991606247895808,0.03003057044844848,0.008101308547223462,-0.040742354084523195,-0.10840846060333909,0.015544325674800241,-0.05845806783064725,-0.11636909670270579,0.014866479898321128,-0.050796213906807684,24,0.02762023948674508,0.04234915276651542,0.021929261901225017,0.07077292453297168,-0.12395278627813933,-0.04995039277269184,-0.13123557660102692,-0.0655728827958981
insider_other,BG,Consumer Staples,2026-08-04,no,1,2,$0.69M,106.01,118.71,+3%,+5%,,Mahoney Christopher,2026-09-05,,,,,,,,,,,,,,,,,,,,,,,,,,,,,,,,,,,,,,,,,,,,,,,,,,,,,,,,,,,,10,0,False,2026-09-08,0.0014805091500651457,-0.015187149199187733,-0.02991606247895808,-0.09524594223272043,0.008101308547223462,-0.040742354084523195,-0.11720677566530668,0.015544325674800241,-0.05845806783064725,-0.1550419328033461,0.014866479898321128,-0.050796213906807684,24,0.01666765834925288,0.03139657162902322,-0.10334725077994389,-0.05450358814819723,-0.13275110134010693,-0.058748707834659436,-0.16990841270166723,-0.10424571889653841
insider_other,CEG,Utilities,2026-08-13,no,1,1,$0.42M,278.62,298.96,-6%,+1%,,CRANDALL ROGER W,2026-09-05,,,,,,,,,,,,,,,,,,,,,,,,,,,,,,,,,,,,,,,,,,,,,,,,,,,,,,,,,,,,6,0,False,2026-09-08,-0.14509297181542424,-0.015187149199187733,-0.02991606247895808,-0.1333495492503768,0.008101308547223462,-0.040742354084523195,-0.01183557823062309,0.015544325674800241,-0.05845806783064725,-0.019500058525874553,0.014866479898321128,-0.050796213906807684,24,-0.1299058226162365,-0.11517690933646617,-0.14145085779760025,-0.09260719516585358,-0.02737990390542333,0.04662248960002416,-0.03436653842419568,0.03129615538093313
insider_other,CINF,Financials,2026-08-27,no,1,1,$0.17M,171.64,171.1,+5%,+3%,,Debbink Dirk J,2026-09-05,,,,,,,,,,,,,,,,,,,,,,,,,,,,,,,,,,,,,,,,,,,,,,,,,,,,,,,,,,,,23,0,False,2026-09-08,0.022941270752316,-0.015187149199187733,-0.02991606247895808,-0.011857941831485586,0.008101308547223462,-0.040742354084523195,-0.022704777415506472,0.015544325674800241,-0.05845806783064725,-0.02084704421937622,0.014866479898321128,-0.050796213906807684,24,0.038128419951503734,0.052857333231274076,-0.019959250378709048,0.02888441225303761,-0.03824910309030671,0.035753290415140776,-0.03571352411769735,0.029949169687431464
insider_other,CRM,Information Technology,2026-09-21,no,1,1,$1.00M,239.33,233.28,+20%,+16%,,Kirk David Blair,2026-09-22,,,,,,,,,,,,,,,,,,,,,,,,,,,,,,,,,,,,,,,,,,,,,,,,,,,,,,,,,,,,12,0,False,2026-09-23,-0.020689322082628747,-0.013147133675912914,-0.03165897009664555,-0.042061260504086984,0.005732466519673851,-0.018549782260570555,,,,-0.022566305466483083,0.007479430972473722,-0.003965628710180786,13,-0.007542188406715833,0.0109696480140168,-0.047793727023760835,-0.023511478243516428,,,-0.030045736438956805,-0.018600676756302295
insider_other,CVNA,Consumer Discretionary,2026-08-04,no,1,2,$1.54M,61.8,74.59,+17%,+2%,,MAROONE MICHAEL E,2026-09-05,,,,,,,,,,,,,,,,,,,,,,,,,,,,,,,,,,,,,,,,,,,,,,,,,,,,,,,,,,,,10,0,False,2026-09-08,-0.1079999796549479,-0.015187149199187733,-0.02991606247895808,-0.12799997965494792,0.008101308547223462,-0.040742354084523195,-0.14826665242513026,0.015544325674800241,-0.05845806783064725,-0.15026667277018224,0.014866479898321128,-0.050796213906807684,24,-0.09281283045576016,-0.07808391717598982,-0.13610128820217138,-0.08725762557042471,-0.1638109780999305,-0.08980858459448302,-0.16513315266850337,-0.09947045886337455
insider_other,DVN,Energy,2026-09-14,no,1,1,$0.20M,51.08,51.33,+11%,+18%,yes,Gaspar Clay M,2026-09-15,,,,,,,,,,,,,,,,,,,,,,,,,,,,,,,,,,,,,,,,,,,,,,,,,,,,,,,,,,,,17,0,False,2026-09-16,-0.0481474191876774,0.01345174713166708,-0.016940734193655594,-0.08777491971524987,0.006614544380866505,-0.03917283071364642,,,,-0.04378844552639649,0.027654154928909103,-0.006012538766828454,18,-0.06159916631934448,-0.031206684994021804,-0.09438946409611637,-0.04860208900160345,,,-0.0714426004553056,-0.03777590675956804
insider_other,ECL,Materials,2026-09-14,no,1,1,$0.93M,276.58,274.6,+1%,+1%,,Green Eric Mark,2026-09-15,,,,,,,,,,,,,,,,,,,,,,,,,,,,,,,,,,,,,,,,,,,,,,,,,,,,,,,,,,,,17,0,False,2026-09-16,0.004100311687028846,0.01345174713166708,-0.016940734193655594,-0.0036648999566248897,0.006614544380866505,-0.03917283071364642,,,,0.02264229586448563,0.027654154928909103,-0.006012538766828454,18,-0.009351435444638234,0.02104104588068444,-0.010279444337491395,0.03550793075702153,,,-0.005011859064423474,0.02865483463131408
insider_other,ETR,Utilities,2026-08-06,no,1,1,$0.11M,106.08,107.27,+4%,+3%,,Ropp Ralph Lewis,2026-09-05,,,,,,,,,,,,,,,,,,,,,,,,,,,,,,,,,,,,,,,,,,,,,,,,,,,,,,,,,,,,10,0,False,2026-09-08,-0.04073075504978929,-0.015187149199187733,-0.02991606247895808,-0.05713484202730412,0.008101308547223462,-0.040742354084523195,-0.037654962075246545,0.015544325674800241,-0.05845806783064725,-0.04184917350596962,0.014866479898321128,-0.050796213906807684,24,-0.02554360585060156,-0.010814692570831213,-0.06523615057452758,-0.016392487942780927,-0.053199287750046786,0.020803105755400703,-0.056715653404290745,0.008947040400838067
insider_other,FOX,Communication Services,2026-09-16,no,1,1,$10.27M,68.53,58.43,+13%,+3%,yes,MURDOCH LACHLAN K,2026-09-17,,,,,,,,,,,,,,,,,,,,,,,,,,,,,,,,,,,,,,,,,,,,,,,,,,,,,,,,,,,,15,0,False,2026-09-18,-0.02500432352078852,0.013187765902904713,-0.018523563271976642,-0.0362131786176193,0.010941688821316964,-0.03399129487451383,,,,-0.0362131786176193,0.022671460799116305,-0.004478265984934639,16,-0.03819208942369323,-0.006480760248811876,-0.047154867438936265,-0.002221883743105474,,,-0.05888463941673561,-0.03173491263268466
insider_other,HRL,Consumer Staples,2026-10-06,no,1,1,$0.20M,20.1,19.88,-5%,-13%,,Newlands William A,2026-10-06,,,,,,,,,,,,,,,,,,,,,,,,,,,,,,,,,,,,,,,,,,,,,,,,,,,,,,,,,,,,2,0,False,2026-10-07,,,,,,,,,,-0.04716975592755501,0.0036093013682851893,0.009124810892158702,3,,,,,,,-0.0507790572958402,-0.05629456681971372
insider_other,INTC,Information Technology,2026-08-14,no,1,1,$10.00M,95,95.8,+121%,+29%,yes,TAN LIP BU,2026-09-05,,,,,,,,,,,,,,,,,,,,,,,,,,,,,,,,,,,,,,,,,,,,,,,,,,,,,,,,,,,,16,0,False,2026-09-08,-0.03630955904068833,-0.015187149199187733,-0.02991606247895808,0.22876981012344944,0.008101308547223462,-0.040742354084523195,0.1160713947819485,0.015544325674800241,-0.05845806783064725,0.038690414468359524,0.014866479898321128,-0.050796213906807684,24,-0.0211224098415006,-0.006393496561730255,0.22066850157622597,0.26951216420797264,0.10052706910714826,0.17452946261259575,0.023823934570038396,0.08948662837516722
insider_other,JBL,Information Technology,2026-08-05,no,1,1,$0.15M,299.63,310.57,+29%,+6%,,Tyagarajan N. V.,2026-09-05,,,,,,,,,,,,,,,,,,,,,,,,,,,,,,,,,,,,,,,,,,,,,,,,,,,,,,,,,,,,10,0,False,2026-09-08,-0.053064310638944234,-0.015187149199187733,-0.02991606247895808,-0.011706766538586044,0.008101308547223462,-0.040742354084523195,-0.011035094822749336,0.015544325674800241,-0.05845806783064725,-0.020342936192260686,0.014866479898321128,-0.050796213906807684,24,-0.0378771614397565,-0.023148248159986156,-0.019808075085809507,0.02903558754593715,-0.026579420497549577,0.04742297300789791,-0.03520941609058181,0.030453277714547
insider_other,KDP,Consumer Staples,2026-08-27,no,1,1,$0.25M,31.83,32.59,+17%,+13%,,Alt Aaron E,2026-09-05,,,,,,,,,,,,,,,,,,,,,,,,,,,,,,,,,,,,,,,,,,,,,,,,,,,,,,,,,,,,23,0,False,2026-09-08,-0.031374956593500425,-0.015187149199187733,-0.02991606247895808,-0.03075977755496584,0.008101308547223462,-0.040742354084523195,-0.03550534311793285,0.015544325674800241,-0.05845806783064725,-0.01598614361879036,0.014866479898321128,-0.050796213906807684,24,-0.016187807394312692,-0.0014588941145423466,-0.0388610861021893,0.009982576529557356,-0.051049668792733094,0.022952724712714395,-0.030852623517111488,0.034810070288017324
insider_other,MO,Consumer Staples,2026-09-11,no,1,1,$0.10M,67.62,70.61,+7%,+8%,,McQUADE KATHRYN B.,2026-09-14,,,,,,,,,,,,,,,,,,,,,,,,,,,,,,,,,,,,,,,,,,,,,,,,,,,,,,,,,,,,18,0,False,2026-09-15,-0.004351654208495148,0.019971154187474305,-0.017792800842273845,-0.0031911983306079916,0.007864133491525482,-0.044938790147600986,,,,0.03974467314674546,0.026815981758622875,-0.02371898636676416,19,-0.024322808395969453,0.013441146633778697,-0.011055331822133474,0.041747591816992995,,,0.012928691388122582,0.06346365951350962
insider_other,MSCI,Financials,2026-09-04,no,1,1,$1.00M,560,573.01,+1%,+1%,,Taneja Rajat,2026-09-05,,,,,,,,,,,,,,,,,,,,,,,,,,,,,,,,,,,,,,,,,,,,,,,,,,,,,,,,,,,,23,0,False,2026-09-08,-0.04345391172683477,-0.015187149199187733,-0.02991606247895808,-0.03593638424766887,0.008101308547223462,-0.040742354084523195,-0.025327648268392622,0.015544325674800241,-0.05845806783064725,-0.007412146589427349,0.014866479898321128,-0.050796213906807684,24,-0.028266762527647038,-0.013537849247876692,-0.044037692794892336,0.004805969836854322,-0.04087197394319286,0.033130419562254626,-0.022278626487748476,0.043384067317380336
insider_other,NVR,Consumer Discretionary,2026-08-11,no,1,1,$0.41M,6431.51,6088.28,-8%,-10%,,Oliver George,2026-09-10,,,,,,,,,,,,,,,,,,,,,,,,,,,,,,,,,,,,,,,,,,,,,,,,,,,,,,,,,,,,12,0,False,2026-09-11,2.7707617784811234e-05,-0.0014888258799888865,-0.021910428375786575,0.023950099612458642,0.011174581931059135,-0.032293272050429415,-0.0408337246008873,0.020639432913830857,-0.021037246372903957,-0.0408337246008873,0.020639432913830857,-0.021037246372903957,21,0.0015165334977736977,0.021938135993571386,0.012775517681399506,0.05624337166288806,-0.06147315751471816,-0.019796478227983343,-0.06147315751471816,-0.019796478227983343
insider_other,ORCL,Information Technology,2026-10-01,no,1,1,$3.48M,139.35,138.07,-4%,-15%,,RUSCKOWSKI STEPHEN H,2026-10-01,,,,,,,,,,,,,,,,,,,,,,,,,,,,,,,,,,,,,,,,,,,,,,,,,,,,,,,,,,,,5,0,False,2026-10-02,-0.004856094441479386,0.010368800198777395,0.018176365439155285,,,,,,,-0.004856094441479386,0.010368800198777395,0.018176365439155285,6,-0.01522489464025678,-0.02303245988063467,,,,,-0.01522489464025678,-0.02303245988063467
insider_other,PFE,Health Care,2026-08-12,yes,3,3,$2.96M,25.77,28.45,+9%,+12%,yes,BLAYLOCK RONALD E; BOURLA ALBERT; Buckley Mortimer J,2026-09-05,,,,,,,,,,,,,,,,,,,,,,,,,,,,,,,,,,,,,,,,,,,,,,,,,,,,,,,,,,,,15,0,False,2026-09-08,-0.016773776339211288,-0.015187149199187733,-0.02991606247895808,-0.003211996827892749,0.008101308547223462,-0.040742354084523195,-0.018558188767609063,0.015544325674800241,-0.05845806783064725,0.009279094383804587,0.014866479898321128,-0.050796213906807684,24,-0.0015866271400235554,0.01314228613974679,-0.011313305375116212,0.037530357256630446,-0.034102514442409304,0.039899879063038185,-0.005587385514516541,0.06007530829061227
insider_other,TFC,Financials,2026-09-18,no,1,1,$1.02M,48.36,49,+13%,-0%,yes,Lyons Michael P.,2026-09-21,,,,,,,,,,,,,,,,,,,,,,,,,,,,,,,,,,,,,,,,,,,,,,,,,,,,,,,,,,,,13,0,False,2026-09-22,-0.05398251207255722,-0.012699787757295744,-0.039160277629149615,-0.057852926130784965,0.006537210918276859,-0.02800546228205519,,,,-0.06070481835350394,0.005865377124280036,-0.01932150982475168,14,-0.041282724315261476,-0.014822234443407606,-0.06439013704906182,-0.029847463848729775,,,-0.06657019547778398,-0.04138330852875226
insider_other,UBER,Industrials,2026-09-08,no,1,2,$5.31M,75.83,71.08,-2%,-7%,,Macdonald Andrew,2026-09-09,,,,,,,,,,,,,,,,,,,,,,,,,,,,,,,,,,,,,,,,,,,,,,,,,,,,,,,,,,,,20,0,False,2026-09-10,0.006962283493699095,0.006028761305592045,-0.0069354411702836315,-0.016481899374591213,0.014583907970643573,-0.029416225161514865,-0.001989192883090629,0.023510680623975988,-0.018349281750406937,0.016055767645793972,0.029647029642454914,-0.015462822043806267,22,0.0009335221881070499,0.013897724663982727,-0.031065807345234786,0.012934325786923651,-0.025499873507066617,0.016360088867316307,-0.013591261996660942,0.03151858968960024
insider_other,VST,Utilities,2026-09-02,no,1,3,$1.17M,135.38,149.3,-6%,-5%,yes,BURKE JAMES A,2026-09-05,,,,,,,,,,,,,,,,,,,,,,,,,,,,,,,,,,,,,,,,,,,,,,,,,,,,,,,,,,,,13,0,False,2026-09-08,-0.06271522694878795,-0.015187149199187733,-0.02991606247895808,-0.0686096031986888,0.008101308547223462,-0.040742354084523195,0.06465461710511211,0.015544325674800241,-0.05845806783064725,0.07115528362266832,0.014866479898321128,-0.050796213906807684,24,-0.04752807774960022,-0.032799164469829875,-0.07671091174591227,-0.02786724911416561,0.04911029143031187,0.12311268493575936,0.05628880372434719,0.12195149752947601
insider_other,WELL,Real Estate,2026-08-27,no,1,2,$1.20M,240.76,236.17,+16%,+13%,,Gundlach Andrew,2026-09-05,,,,,,,,,,,,,,,,,,,,,,,,,,,,,,,,,,,,,,,,,,,,,,,,,,,,,,,,,,,,23,0,False,2026-09-08,-0.006487981391415487,-0.015187149199187733,-0.02991606247895808,-0.016604060995036085,0.008101308547223462,-0.040742354084523195,-0.03628137290544986,0.015544325674800241,-0.05845806783064725,-0.03760456549640501,0.014866479898321128,-0.050796213906807684,24,0.008699167807772246,0.02342808108754259,-0.024705369542259548,0.02413829308948711,-0.0518256985802501,0.022176694925197388,-0.052471045394726135,0.013191648410402677
jev,AEP,,,,,,,,,,,,,2026-10-02,,,,,,,,,,,,,,,,,,,,,,,,,,,,,,,,,,,,,,,,,,buy,0.43,0.36,0.21,sector_wide,neutral,0.04,0.87,1,,,,,,,,,,2,0,False,2026-10-05,,,,,,,,,,0.02804284697635273,0.011537118651204548,0.024384839012742833,5,,,,,,,0.016505728325148183,0.003658007963609898
jev,ALB,,,,,,,,,,,,,2026-10-06,,,,,,,,,,,,,,,,,,,,,,,,,,,,,,,,,,,,,,,,,,watch,0.03,0.71,0.26,structural,contradicts,0.05,0.91,1.5,,,,,,,,,,2,0,False,2026-10-07,,,,,,,,,,-0.03754043463040291,0.0036093013682851893,0.009124810892158702,3,,,,,,,-0.0411497359986881,-0.04666524552256161
jev,ALGN,,,,,,,,,,,,,2026-10-01,,,,,,,,,,,,,,,,,,,,,,,,,,,,,,,,,,,,,,,,,,watch,0.06,0.89,0.05,transitory,neutral,0.03,0.95,1,,,,,,,,,,5,0,False,2026-10-02,-0.029777617330017825,0.010368800198777395,0.018176365439155285,,,,,,,-0.029777617330017825,0.010368800198777395,0.018176365439155285,6,-0.04014641752879522,-0.047953982769173106,,,,,-0.04014641752879522,-0.047953982769173106
jev,AMT,,,,,,,,,,,,,2026-10-01,,,,,,,,,,,,,,,,,,,,,,,,,,,,,,,,,,,,,,,,,,buy,0.86,0.12,0.02,transitory,supports,0.03,0.85,1,,,,,,,,,,5,0,False,2026-10-02,0.1234126748971196,0.010368800198777395,0.018176365439155285,,,,,,,0.1234126748971196,0.010368800198777395,0.018176365439155285,6,0.1130438746983422,0.10523630945796432,,,,,0.1130438746983422,0.10523630945796432
jev,AON,,,,,,,,,,,,,2026-10-01,,,,,,,,,,,,,,,,,,,,,,,,,,,,,,,,,,,,,,,,,,watch,0.12,0.78,0.1,transitory,neutral,0.03,0.76,1,,,,,,,,,,5,0,False,2026-10-02,-0.005418934683878995,0.010368800198777395,0.018176365439155285,,,,,,,-0.005418934683878995,0.010368800198777395,0.018176365439155285,6,-0.01578773488265639,-0.02359530012303428,,,,,-0.01578773488265639,-0.02359530012303428
jev,APTV,,,,,,,,,,,,,2026-10-01,,,,,,,,,,,,,,,,,,,,,,,,,,,,,,,,,,,,,,,,,,watch,0.03,0.76,0.21,transitory,contradicts,0.18,0.85,1.8,,,,,,,,,,5,0,False,2026-10-02,-0.008825512599421326,0.010368800198777395,0.018176365439155285,,,,,,,-0.008825512599421326,0.010368800198777395,0.018176365439155285,6,-0.01919431279819872,-0.02700187803857661,,,,,-0.01919431279819872,-0.02700187803857661
jev,ARE,,,,,,,,,,,,,2026-10-01,,,,,,,,,,,,,,,,,,,,,,,,,,,,,,,,,,,,,,,,,,watch,0.04,0.76,0.2,structural,contradicts,0.03,0.93,1.7,,,,,,,,,,5,0,False,2026-10-02,-0.03804698794141248,0.010368800198777395,0.018176365439155285,,,,,,,-0.03804698794141248,0.010368800198777395,0.018176365439155285,6,-0.048415788140189875,-0.05622335338056776,,,,,-0.048415788140189875,-0.05622335338056776
jev,ATO,,,,,,,,,,,,,2026-10-02,,,,,,,,,,,,,,,,,,,,,,,,,,,,,,,,,,,,,,,,,,watch,0.32,0.62,0.06,sector_wide,neutral,0.03,0.8,1.2,,,,,,,,,,3,0,False,2026-10-05,,,,,,,,,,0.02765244530561617,0.011537118651204548,0.024384839012742833,5,,,,,,,0.01611532665441162,0.003267606292873336
jev,BSX,,,,,,,,,,,,,2026-10-01,,,,,,,,,,,,,,,,,,,,,,,,,,,,,,,,,,,,,,,,,,watch,0.02,0.76,0.22,transitory,contradicts,0.03,0.95,1.9,,,,,,,,,,5,0,False,2026-10-02,-0.013619578872212768,0.010368800198777395,0.018176365439155285,,,,,,,-0.013619578872212768,0.010368800198777395,0.018176365439155285,6,-0.023988379070990162,-0.03179594431136805,,,,,-0.023988379070990162,-0.03179594431136805
jev,CASY,,,,,,,,,,,,,2026-10-07,,,,,,,,,,,,,,,,,,,,,,,,,,,,,,,,,,,,,,,,,,buy,0.53,0.41,0.06,transitory,neutral,0.03,0.38,0.5,,,,,,,,,,1,0,False,2026-10-08,,,,,,,,,,0.006651120765186924,0.004787990143758636,0.014670715362202819,2,,,,,,,0.0018631306214282883,-0.008019594597015895
jev,CBRE,,,,,,,,,,,,,2026-10-07,,,,,,,,,,,,,,,,,,,,,,,,,,,,,,,,,,,,,,,,,,buy,0.8,0.17,0.02,transitory,supports,0.03,0.96,0.6,,,,,,,,,,1,0,False,2026-10-08,,,,,,,,,,0.034237382693611096,0.004787990143758636,0.014670715362202819,2,,,,,,,0.02944939254985246,0.01956666733140828
jev,CHRW,,,,,,,,,,,,,2026-10-05,,,,,,,,,,,,,,,,,,,,,,,,,,,,,,,,,,,,,,,,,,watch,0.31,0.64,0.05,transitory,supports,0.03,0.95,1.4,,,,,,,,,,3,0,False,2026-10-06,,,,,,,,,,0.010509094001962094,0.0005397197159666689,0.013721803956591349,4,,,,,,,0.009969374285995425,-0.003212709954629255
jev,CIEN,,,,,,,,,,,,,2026-10-05,,,,,,,,,,,,,,,,,,,,,,,,,,,,,,,,,,,,,,,,,,skip,0.33,0.24,0.43,transitory,supports,0.04,0.31,0.5,,,,,,,,,,1,0,False,2026-10-06,,,,,,,,,,0.1427664118055687,0.0005397197159666689,0.013721803956591349,4,,,,,,,0.14222669208960204,0.12904460784897737
jev,CINF,,,,,,,,,,,,,2026-10-01,,,,,,,,,,,,,,,,,,,,,,,,,,,,,,,,,,,,,,,,,,watch,0.03,0.66,0.31,transitory,contradicts,0.03,0.89,1.1,,,,,,,,,,5,0,False,2026-10-02,0.009265550717494797,0.010368800198777395,0.018176365439155285,,,,,,,0.009265550717494797,0.010368800198777395,0.018176365439155285,6,-0.0011032494812825977,-0.008910814721660488,,,,,-0.0011032494812825977,-0.008910814721660488
jev,CMI,,,,,,,,,,,,,2026-10-07,,,,,,,,,,,,,,,,,,,,,,,,,,,,,,,,,,,,,,,,,,watch,0.07,0.77,0.16,transitory,neutral,0.04,0.87,0.9,,,,,,,,,,1,0,False,2026-10-08,,,,,,,,,,0.018209024411211416,0.004787990143758636,0.014670715362202819,2,,,,,,,0.01342103426745278,0.0035383090490085974
jev,CMS,,,,,,,,,,,,,2026-10-01,,,,,,,,,,,,,,,,,,,,,,,,,,,,,,,,,,,,,,,,,,watch,0.23,0.38,0.39,sector_wide,contradicts,0.03,0.69,1.2,,,,,,,,,,1,0,False,2026-10-02,0.02248235352694805,0.010368800198777395,0.018176365439155285,,,,,,,0.02248235352694805,0.010368800198777395,0.018176365439155285,6,0.012113553328170656,0.004305988087792766,,,,,0.012113553328170656,0.004305988087792766
jev,CNP,,,,,,,,,,,,,2026-10-01,,,,,,,,,,,,,,,,,,,,,,,,,,,,,,,,,,,,,,,,,,watch,0.31,0.66,0.03,sector_wide,neutral,0.06,0.95,0.6,,,,,,,,,,4,0,False,2026-10-02,0.03125829974368233,0.010368800198777395,0.018176365439155285,,,,,,,0.03125829974368233,0.010368800198777395,0.018176365439155285,6,0.020889499544904933,0.013081934304527042,,,,,0.020889499544904933,0.013081934304527042
jev,COO,,,,,,,,,,,,,2026-10-01,,,,,,,,,,,,,,,,,,,,,,,,,,,,,,,,,,,,,,,,,,watch,0.01,0.77,0.22,transitory,contradicts,0.02,0.21,1.6,,,,,,,,,,5,0,False,2026-10-02,-0.05476358659266556,0.010368800198777395,0.018176365439155285,,,,,,,-0.05476358659266556,0.010368800198777395,0.018176365439155285,6,-0.06513238679144295,-0.07293995203182084,,,,,-0.06513238679144295,-0.07293995203182084
jev,COST,,,,,,,,,,,,,2026-10-05,,,,,,,,,,,,,,,,,,,,,,,,,,,,,,,,,,,,,,,,,,watch,0.26,0.64,0.1,transitory,neutral,0.03,0.39,0.9,,,,,,,,,,3,0,False,2026-10-06,,,,,,,,,,0.02778619305173602,0.0005397197159666689,0.013721803956591349,4,,,,,,,0.02724647333576935,0.01406438909514467
jev,CRH,,,,,,,,,,,,,2026-10-01,,,,,,,,,,,,,,,,,,,,,,,,,,,,,,,,,,,,,,,,,,watch,0.3,0.66,0.04,sector_wide,contradicts,0.03,0.81,0.9,,,,,,,,,,5,0,False,2026-10-02,-0.010316767573952501,0.010368800198777395,0.018176365439155285,,,,,,,-0.010316767573952501,0.010368800198777395,0.018176365439155285,6,-0.020685567772729896,-0.028493133013107786,,,,,-0.020685567772729896,-0.028493133013107786
jev,CRM,,,,,,,,,,,,,2026-10-01,,,,,,,,,,,,,,,,,,,,,,,,,,,,,,,,,,,,,,,,,,buy,0.78,0.15,0.07,sector_wide,supports,0.03,0.65,0.9,,,,,,,,,,5,0,False,2026-10-02,-0.03771364371307595,0.010368800198777395,0.018176365439155285,,,,,,,-0.03771364371307595,0.010368800198777395,0.018176365439155285,6,-0.048082443911853345,-0.05589000915223123,,,,,-0.048082443911853345,-0.05589000915223123
jev,CTVA,,,,,,,,,,,,,2026-10-01,,,,,,,,,,,,,,,,,,,,,,,,,,,,,,,,,,,,,,,,,,watch,0.07,0.55,0.38,corporate_action,neutral,0.89,0.85,1.2,,,,,,,,,,5,0,False,2026-10-02,0.06903508489587806,0.010368800198777395,0.018176365439155285,,,,,,,0.06903508489587806,0.010368800198777395,0.018176365439155285,6,0.05866628469710067,0.05085871945672278,,,,,0.05866628469710067,0.05085871945672278
jev,DECK,,,,,,,,,,,,,2026-10-01,,,,,,,,,,,,,,,,,,,,,,,,,,,,,,,,,,,,,,,,,,buy,0.69,0.28,0.03,transitory,supports,0.02,0.94,1.1,,,,,,,,,,5,0,False,2026-10-02,0.04264150175658421,0.010368800198777395,0.018176365439155285,,,,,,,0.04264150175658421,0.010368800198777395,0.018176365439155285,6,0.032272701557806815,0.024465136317428925,,,,,0.032272701557806815,0.024465136317428925
jev,DOW,,,,,,,,,,,,,2026-10-02,,,,,,,,,,,,,,,,,,,,,,,,,,,,,,,,,,,,,,,,,,watch,0.01,0.68,0.31,structural,contradicts,0.05,0.96,1.5,,,,,,,,,,1,0,False,2026-10-05,,,,,,,,,,0.015725537571701143,0.011537118651204548,0.024384839012742833,5,,,,,,,0.004188418920496595,-0.00865930144104169
jev,DTE,,,,,,,,,,,,,2026-10-06,,,,,,,,,,,,,,,,,,,,,,,,,,,,,,,,,,,,,,,,,,watch,0.28,0.43,0.29,structural,contradicts,0.12,0.93,1.1,,,,,,,,,,2,0,False,2026-10-07,,,,,,,,,,-0.009445001004666942,0.0036093013682851893,0.009124810892158702,3,,,,,,,-0.013054302372952131,-0.018569811896825644
jev,DUK,,,,,,,,,,,,,2026-10-01,,,,,,,,,,,,,,,,,,,,,,,,,,,,,,,,,,,,,,,,,,buy,0.54,0.43,0.03,sector_wide,neutral,0.04,0.85,1,,,,,,,,,,5,0,False,2026-10-02,0.02136417529958612,0.010368800198777395,0.018176365439155285,,,,,,,0.02136417529958612,0.010368800198777395,0.018176365439155285,6,0.010995375100808724,0.003187809860430834,,,,,0.010995375100808724,0.003187809860430834
jev,DVN,,,,,,,,,,,,,2026-10-01,,,,,,,,,,,,,,,,,,,,,,,,,,,,,,,,,,,,,,,,,,buy,0.51,0.21,0.28,transitory,neutral,0.03,0.9,0.7,,,,,,,,,,5,0,False,2026-10-02,0.03673467481200832,0.010368800198777395,0.018176365439155285,,,,,,,0.03673467481200832,0.010368800198777395,0.018176365439155285,6,0.026365874613230922,0.01855830937285303,,,,,0.026365874613230922,0.01855830937285303
jev,ECHO,,,,,,,,,,,,,2026-10-05,,,,,,,,,,,,,,,,,,,,,,,,,,,,,,,,,,,,,,,,,,buy,0.66,0.24,0.1,structural,neutral,0.06,0.77,1.6,,,,,,,,,,3,0,False,2026-10-06,,,,,,,,,,-0.04979462320681338,0.0005397197159666689,0.013721803956591349,4,,,,,,,-0.05033434292278005,-0.06351642716340473
jev,ECL,,,,,,,,,,,,,2026-10-01,,,,,,,,,,,,,,,,,,,,,,,,,,,,,,,,,,,,,,,,,,buy,0.77,0.18,0.05,transitory,supports,0.03,0.77,0.5,,,,,,,,,,5,0,False,2026-10-02,0.031173352931757936,0.010368800198777395,0.018176365439155285,,,,,,,0.031173352931757936,0.010368800198777395,0.018176365439155285,6,0.02080455273298054,0.012996987492602651,,,,,0.02080455273298054,0.012996987492602651
jev,ED,,,,,,,,,,,,,2026-10-02,,,,,,,,,,,,,,,,,,,,,,,,,,,,,,,,,,,,,,,,,,watch,0.35,0.62,0.03,sector_wide,neutral,0.04,0.93,0.9,,,,,,,,,,2,0,False,2026-10-05,,,,,,,,,,0.027204933039857604,0.011537118651204548,0.024384839012742833,5,,,,,,,0.015667814388653056,0.002820094027114771
jev,EQT,,,,,,,,,,,,,2026-10-01,,,,,,,,,,,,,,,,,,,,,,,,,,,,,,,,,,,,,,,,,,watch,0.03,0.81,0.16,transitory,contradicts,0.04,0.97,1.2,,,,,,,,,,5,0,False,2026-10-02,0.05914195468662853,0.010368800198777395,0.018176365439155285,,,,,,,0.05914195468662853,0.010368800198777395,0.018176365439155285,6,0.048773154487851134,0.04096558924747325,,,,,0.048773154487851134,0.04096558924747325
jev,ERIE,,,,,,,,,,,,,2026-10-01,,,,,,,,,,,,,,,,,,,,,,,,,,,,,,,,,,,,,,,,,,buy,0.7,0.24,0.06,transitory,supports,0.04,0.52,0.9,,,,,,,,,,1,0,False,2026-10-02,-0.0025032910883254766,0.010368800198777395,0.018176365439155285,,,,,,,-0.0025032910883254766,0.010368800198777395,0.018176365439155285,6,-0.012872091287102871,-0.02067965652748076,,,,,-0.012872091287102871,-0.02067965652748076
jev,ETR,,,,,,,,,,,,,2026-10-06,,,,,,,,,,,,,,,,,,,,,,,,,,,,,,,,,,,,,,,,,,watch,0.36,0.59,0.05,transitory,supports,0.06,0.85,0.8,,,,,,,,,,2,0,False,2026-10-07,,,,,,,,,,-0.0018447889693428143,0.0036093013682851893,0.009124810892158702,3,,,,,,,-0.005454090337628004,-0.010969599861501516
jev,EXE,,,,,,,,,,,,,2026-10-05,,,,,,,,,,,,,,,,,,,,,,,,,,,,,,,,,,,,,,,,,,watch,0.06,0.79,0.15,transitory,neutral,0.04,0.94,1.1,,,,,,,,,,1,0,False,2026-10-06,,,,,,,,,,0.021301273741501037,0.0005397197159666689,0.013721803956591349,4,,,,,,,0.020761554025534368,0.007579469784909688
jev,FICO,,,,,,,,,,,,,2026-10-01,,,,,,,,,,,,,,,,,,,,,,,,,,,,,,,,,,,,,,,,,,watch,0.11,0.62,0.27,structural,contradicts,0.02,0.91,2,,,,,,,,,,5,0,False,2026-10-02,0.08726387148183012,0.010368800198777395,0.018176365439155285,,,,,,,0.08726387148183012,0.010368800198777395,0.018176365439155285,6,0.07689507128305273,0.06908750604267484,,,,,0.07689507128305273,0.06908750604267484
jev,FOX,,,,,,,,,,,,,2026-10-01,,,,,,,,,,,,,,,,,,,,,,,,,,,,,,,,,,,,,,,,,,watch,0.08,0.78,0.14,transitory,supports,0.05,0.16,0.8,,,,,,,,,,5,0,False,2026-10-02,0.017476771875826858,0.010368800198777395,0.018176365439155285,,,,,,,0.017476771875826858,0.010368800198777395,0.018176365439155285,6,0.007107971677049463,-0.0006995935633284274,,,,,0.007107971677049463,-0.0006995935633284274
jev,GIS,,,,,,,,,,,,,2026-10-06,,,,,,,,,,,,,,,,,,,,,,,,,,,,,,,,,,,,,,,,,,watch,0.1,0.7,0.2,structural,neutral,0.1,0.31,1.9,,,,,,,,,,1,0,False,2026-10-07,,,,,,,,,,-0.0027794981352398107,0.0036093013682851893,0.009124810892158702,3,,,,,,,-0.006388799503525,-0.011904309027398512
jev,HON,,,,,,,,,,,,,2026-10-05,,,,,,,,,,,,,,,,,,,,,,,,,,,,,,,,,,,,,,,,,,watch,0.43,0.44,0.13,corporate_action,neutral,0.62,0.97,0.9,,,,,,,,,,1,0,False,2026-10-06,,,,,,,,,,-0.02811831950578514,0.0005397197159666689,0.013721803956591349,4,,,,,,,-0.028658039221751808,-0.04184012346237649
jev,HRL,,,,,,,,,,,,,2026-10-06,,,,,,,,,,,,,,,,,,,,,,,,,,,,,,,,,,,,,,,,,,watch,0.08,0.76,0.16,structural,neutral,0.03,0.26,1.6,,,,,,,,,,2,0,False,2026-10-07,,,,,,,,,,-0.04716975592755501,0.0036093013682851893,0.009124810892158702,3,,,,,,,-0.0507790572958402,-0.05629456681971372
jev,HSY,,,,,,,,,,,,,2026-10-01,,,,,,,,,,,,,,,,,,,,,,,,,,,,,,,,,,,,,,,,,,watch,0.37,0.56,0.07,transitory,neutral,0.1,0.9,0.7,,,,,,,,,,5,0,False,2026-10-02,0.023522047126818046,0.010368800198777395,0.018176365439155285,,,,,,,0.023522047126818046,0.010368800198777395,0.018176365439155285,6,0.013153246928040652,0.0053456816876627615,,,,,0.013153246928040652,0.0053456816876627615
jev,IDXX,,,,,,,,,,,,,2026-10-05,,,,,,,,,,,,,,,,,,,,,,,,,,,,,,,,,,,,,,,,,,buy,0.74,0.23,0.03,transitory,supports,0.03,0.29,0.7,,,,,,,,,,3,0,False,2026-10-06,,,,,,,,,,-0.021053056544663273,0.0005397197159666689,0.013721803956591349,4,,,,,,,-0.021592776260629942,-0.034774860501254626
jev,IP,,,,,,,,,,,,,2026-10-07,,,,,,,,,,,,,,,,,,,,,,,,,,,,,,,,,,,,,,,,,,watch,0.04,0.78,0.18,transitory,neutral,0.13,0.97,1.9,,,,,,,,,,1,0,False,2026-10-08,,,,,,,,,,0.016777422498792216,0.004787990143758636,0.014670715362202819,2,,,,,,,0.01198943235503358,0.002106707136589397
jev,KDP,,,,,,,,,,,,,2026-10-01,,,,,,,,,,,,,,,,,,,,,,,,,,,,,,,,,,,,,,,,,,buy,0.77,0.14,0.09,transitory,supports,0.13,0.94,0.8,,,,,,,,,,5,0,False,2026-10-02,0.02517755642901487,0.010368800198777395,0.018176365439155285,,,,,,,0.02517755642901487,0.010368800198777395,0.018176365439155285,6,0.014808756230237474,0.007001190989859584,,,,,0.014808756230237474,0.007001190989859584
jev,LDOS,,,,,,,,,,,,,2026-10-01,,,,,,,,,,,,,,,,,,,,,,,,,,,,,,,,,,,,,,,,,,buy,0.64,0.33,0.03,transitory,supports,0.03,0.95,1,,,,,,,,,,4,0,False,2026-10-02,-0.002132213638058489,0.010368800198777395,0.018176365439155285,,,,,,,-0.002132213638058489,0.010368800198777395,0.018176365439155285,6,-0.012501013836835884,-0.020308579077213774,,,,,-0.012501013836835884,-0.020308579077213774
jev,LHX,,,,,,,,,,,,,2026-10-06,,,,,,,,,,,,,,,,,,,,,,,,,,,,,,,,,,,,,,,,,,watch,0.16,0.78,0.06,transitory,neutral,0.04,0.92,1.3,,,,,,,,,,2,0,False,2026-10-07,,,,,,,,,,-0.0008432641134471508,0.0036093013682851893,0.009124810892158702,3,,,,,,,-0.00445256548173234,-0.009968075005605852
jev,LII,,,,,,,,,,,,,2026-10-06,,,,,,,,,,,,,,,,,,,,,,,,,,,,,,,,,,,,,,,,,,watch,0.01,0.75,0.24,transitory,contradicts,0.03,0.91,1.6,,,,,,,,,,2,0,False,2026-10-07,,,,,,,,,,-0.008401460761869761,0.0036093013682851893,0.009124810892158702,3,,,,,,,-0.01201076213015495,-0.017526271654028463
jev,LNT,,,,,,,,,,,,,2026-10-01,,,,,,,,,,,,,,,,,,,,,,,,,,,,,,,,,,,,,,,,,,watch,0.41,0.56,0.03,sector_wide,neutral,0.05,0.55,0.8,,,,,,,,,,5,0,False,2026-10-02,0.032293424189187014,0.010368800198777395,0.018176365439155285,,,,,,,0.032293424189187014,0.010368800198777395,0.018176365439155285,6,0.02192462399040962,0.01411705875003173,,,,,0.02192462399040962,0.01411705875003173
jev,MO,,,,,,,,,,,,,2026-10-01,,,,,,,,,,,,,,,,,,,,,,,,,,,,,,,,,,,,,,,,,,watch,0.03,0.81,0.16,transitory,contradicts,0.02,0.85,1.1,,,,,,,,,,5,0,False,2026-10-02,0.0714499053852462,0.010368800198777395,0.018176365439155285,,,,,,,0.0714499053852462,0.010368800198777395,0.018176365439155285,6,0.06108110518646881,0.05327353994609092,,,,,0.06108110518646881,0.05327353994609092
jev,MSCI,,,,,,,,,,,,,2026-10-01,,,,,,,,,,,,,,,,,,,,,,,,,,,,,,,,,,,,,,,,,,watch,0.05,0.79,0.16,transitory,neutral,0.03,0.93,0.9,,,,,,,,,,5,0,False,2026-10-02,0.034109236046394154,0.010368800198777395,0.018176365439155285,,,,,,,0.034109236046394154,0.010368800198777395,0.018176365439155285,6,0.02374043584761676,0.01593287060723887,,,,,0.02374043584761676,0.01593287060723887
jev,NCLH,,,,,,,,,,,,,2026-10-01,,,,,,,,,,,,,,,,,,,,,,,,,,,,,,,,,,,,,,,,,,watch,0.01,0.51,0.48,structural,contradicts,0.02,0.84,1.8,,,,,,,,,,4,0,False,2026-10-02,0.039385859186736205,0.010368800198777395,0.018176365439155285,,,,,,,0.039385859186736205,0.010368800198777395,0.018176365439155285,6,0.02901705898795881,0.02120949374758092,,,,,0.02901705898795881,0.02120949374758092
jev,NFLX,,,,,,,,,,,,,2026-10-07,,,,,,,,,,,,,,,,,,,,,,,,,,,,,,,,,,,,,,,,,,watch,0.04,0.77,0.19,structural,contradicts,0.09,0.96,1.4,,,,,,,,,,1,0,False,2026-10-08,,,,,,,,,,0.0029962437557391475,0.004787990143758636,0.014670715362202819,2,,,,,,,-0.0017917463880194884,-0.011674471606463671
jev,NI,,,,,,,,,,,,,2026-10-01,,,,,,,,,,,,,,,,,,,,,,,,,,,,,,,,,,,,,,,,,,watch,0.32,0.65,0.03,sector_wide,neutral,0.03,0.83,1.1,,,,,,,,,,5,0,False,2026-10-02,0.025150906494340042,0.010368800198777395,0.018176365439155285,,,,,,,0.025150906494340042,0.010368800198777395,0.018176365439155285,6,0.014782106295562647,0.006974541055184757,,,,,0.014782106295562647,0.006974541055184757
jev,NKE,,,,,,,,,,,,,2026-10-01,,,,,,,,,,,,,,,,,,,,,,,,,,,,,,,,,,,,,,,,,,skip,0.03,0.26,0.71,structural,contradicts,0.02,0.28,2,,,,,,,,,,5,0,False,2026-10-02,0.06635944387220727,0.010368800198777395,0.018176365439155285,,,,,,,0.06635944387220727,0.010368800198777395,0.018176365439155285,6,0.055990643673429874,0.04818307843305199,,,,,0.055990643673429874,0.04818307843305199
jev,NRG,,,,,,,,,,,,,2026-10-01,,,,,,,,,,,,,,,,,,,,,,,,,,,,,,,,,,,,,,,,,,watch,0.04,0.78,0.18,structural,contradicts,0.04,0.82,1.5,,,,,,,,,,5,0,False,2026-10-02,0.10591011224189262,0.010368800198777395,0.018176365439155285,,,,,,,0.10591011224189262,0.010368800198777395,0.018176365439155285,6,0.09554131204311522,0.08773374680273734,,,,,0.09554131204311522,0.08773374680273734
jev,ORCL,,,,,,,,,,,,,2026-10-01,,,,,,,,,,,,,,,,,,,,,,,,,,,,,,,,,,,,,,,,,,buy,0.6,0.32,0.08,transitory,supports,0.03,0.48,0.9,,,,,,,,,,5,0,False,2026-10-02,-0.004856094441479386,0.010368800198777395,0.018176365439155285,,,,,,,-0.004856094441479386,0.010368800198777395,0.018176365439155285,6,-0.01522489464025678,-0.02303245988063467,,,,,-0.01522489464025678,-0.02303245988063467
jev,ORLY,,,,,,,,,,,,,2026-10-05,,,,,,,,,,,,,,,,,,,,,,,,,,,,,,,,,,,,,,,,,,buy,0.74,0.24,0.02,transitory,supports,0.05,0.93,0.8,,,,,,,,,,2,0,False,2026-10-06,,,,,,,,,,0.03594967177602992,0.0005397197159666689,0.013721803956591349,4,,,,,,,0.035409952060063254,0.022227867819438574
jev,PDD,,,,,,,,,,,,,2026-10-02,,,,,,,,,,,,,,,,,,,,,,,,,,,,,,,,,,,,,,,,,,buy,0.54,0.38,0.08,transitory,neutral,0.03,0.57,1.4,,,,,,,,,,4,0,False,2026-10-05,,,,,,,,,,0.07421094504247039,0.011537118651204548,0.024384839012742833,5,,,,,,,0.06267382639126584,0.049826106029727556
jev,PEG,,,,,,,,,,,,,2026-10-06,,,,,,,,,,,,,,,,,,,,,,,,,,,,,,,,,,,,,,,,,,buy,0.49,0.47,0.04,sector_wide,neutral,0.04,0.81,0.7,,,,,,,,,,2,0,False,2026-10-07,,,,,,,,,,0.008370514391275341,0.0036093013682851893,0.009124810892158702,3,,,,,,,0.004761213022990152,-0.0007542965008833606
jev,PODD,,,,,,,,,,,,,2026-10-01,,,,,,,,,,,,,,,,,,,,,,,,,,,,,,,,,,,,,,,,,,watch,0.02,0.84,0.14,transitory,neutral,0.02,0.56,1.9,,,,,,,,,,5,0,False,2026-10-02,0.02617004399850864,0.010368800198777395,0.018176365439155285,,,,,,,0.02617004399850864,0.010368800198777395,0.018176365439155285,6,0.015801243799731246,0.007993678559353356,,,,,0.015801243799731246,0.007993678559353356
jev,PPL,,,,,,,,,,,,,2026-10-01,,,,,,,,,,,,,,,,,,,,,,,,,,,,,,,,,,,,,,,,,,watch,0.42,0.55,0.03,sector_wide,neutral,0.03,0.62,1.1,,,,,,,,,,5,0,False,2026-10-02,0.03976932082288598,0.010368800198777395,0.018176365439155285,,,,,,,0.03976932082288598,0.010368800198777395,0.018176365439155285,6,0.029400520624108584,0.021592955383730694,,,,,0.029400520624108584,0.021592955383730694
jev,ROL,,,,,,,,,,,,,2026-10-07,,,,,,,,,,,,,,,,,,,,,,,,,,,,,,,,,,,,,,,,,,skip,0.02,0.44,0.54,structural,contradicts,0.03,0.97,1.6,,,,,,,,,,1,0,False,2026-10-08,,,,,,,,,,0.027634919017055948,0.004787990143758636,0.014670715362202819,2,,,,,,,0.022846928873297312,0.012964203654853129
jev,SO,,,,,,,,,,,,,2026-10-01,,,,,,,,,,,,,,,,,,,,,,,,,,,,,,,,,,,,,,,,,,watch,0.47,0.49,0.04,sector_wide,neutral,0.04,0.92,0.5,,,,,,,,,,5,0,False,2026-10-02,0.029264177168171424,0.010368800198777395,0.018176365439155285,,,,,,,0.029264177168171424,0.010368800198777395,0.018176365439155285,6,0.01889537696939403,0.011087811729016139,,,,,0.01889537696939403,0.011087811729016139
jev,SRE,,,,,,,,,,,,,2026-10-01,,,,,,,,,,,,,,,,,,,,,,,,,,,,,,,,,,,,,,,,,,watch,0.43,0.53,0.04,sector_wide,neutral,0.04,0.66,1.1,,,,,,,,,,5,0,False,2026-10-02,0.03935591767936164,0.010368800198777395,0.018176365439155285,,,,,,,0.03935591767936164,0.010368800198777395,0.018176365439155285,6,0.028987117480584246,0.021179552240206356,,,,,0.028987117480584246,0.021179552240206356
jev,TFC,,,,,,,,,,,,,2026-10-01,,,,,,,,,,,,,,,,,,,,,,,,,,,,,,,,,,,,,,,,,,watch,0.15,0.63,0.22,transitory,neutral,0.04,0.94,1,,,,,,,,,,5,0,False,2026-10-02,-0.006892089009711833,0.010368800198777395,0.018176365439155285,,,,,,,-0.006892089009711833,0.010368800198777395,0.018176365439155285,6,-0.017260889208489227,-0.025068454448867118,,,,,-0.017260889208489227,-0.025068454448867118
jev,TJX,,,,,,,,,,,,,2026-10-05,,,,,,,,,,,,,,,,,,,,,,,,,,,,,,,,,,,,,,,,,,watch,0.4,0.56,0.04,transitory,neutral,0.03,0.82,1,,,,,,,,,,3,0,False,2026-10-06,,,,,,,,,,0.02830881870695401,0.0005397197159666689,0.013721803956591349,4,,,,,,,0.02776909899098734,0.01458701475036266
jev,TMUS,,,,,,,,,,,,,2026-10-01,,,,,,,,,,,,,,,,,,,,,,,,,,,,,,,,,,,,,,,,,,watch,0.28,0.69,0.03,structural,neutral,0.03,0.95,1,,,,,,,,,,5,0,False,2026-10-02,-0.08056933032614344,0.010368800198777395,0.018176365439155285,,,,,,,-0.08056933032614344,0.010368800198777395,0.018176365439155285,6,-0.09093813052492083,-0.09874569576529872,,,,,-0.09093813052492083,-0.09874569576529872
jev,TPR,,,,,,,,,,,,,2026-10-01,,,,,,,,,,,,,,,,,,,,,,,,,,,,,,,,,,,,,,,,,,buy,0.86,0.1,0.04,transitory,supports,0.03,0.68,0.7,,,,,,,,,,1,0,False,2026-10-02,-0.02515934295325528,0.010368800198777395,0.018176365439155285,,,,,,,-0.02515934295325528,0.010368800198777395,0.018176365439155285,6,-0.035528143152032676,-0.04333570839241056,,,,,-0.035528143152032676,-0.04333570839241056
jev,TSN,,,,,,,,,,,,,2026-10-01,,,,,,,,,,,,,,,,,,,,,,,,,,,,,,,,,,,,,,,,,,watch,0.03,0.76,0.21,transitory,contradicts,0.03,0.62,1.8,,,,,,,,,,5,0,False,2026-10-02,0.05530316369722299,0.010368800198777395,0.018176365439155285,,,,,,,0.05530316369722299,0.010368800198777395,0.018176365439155285,6,0.044934363498445595,0.03712679825806771,,,,,0.044934363498445595,0.03712679825806771
jev,UBER,,,,,,,,,,,,,2026-10-01,,,,,,,,,,,,,,,,,,,,,,,,,,,,,,,,,,,,,,,,,,watch,0.11,0.77,0.12,transitory,neutral,0.02,0.82,1.4,,,,,,,,,,5,0,False,2026-10-02,0.04791917313639127,0.010368800198777395,0.018176365439155285,,,,,,,0.04791917313639127,0.010368800198777395,0.018176365439155285,6,0.037550372937613874,0.029742807697235984,,,,,0.037550372937613874,0.029742807697235984
jev,VMC,,,,,,,,,,,,,2026-10-01,,,,,,,,,,,,,,,,,,,,,,,,,,,,,,,,,,,,,,,,,,watch,0.31,0.64,0.05,sector_wide,contradicts,0.03,0.92,1,,,,,,,,,,5,0,False,2026-10-02,-0.0060955786282455016,0.010368800198777395,0.018176365439155285,,,,,,,-0.0060955786282455016,0.010368800198777395,0.018176365439155285,6,-0.016464378827022896,-0.024271944067400786,,,,,-0.016464378827022896,-0.024271944067400786
jev,VRSK,,,,,,,,,,,,,2026-10-02,,,,,,,,,,,,,,,,,,,,,,,,,,,,,,,,,,,,,,,,,,buy,0.8,0.18,0.02,transitory,supports,0.03,0.84,0.8,,,,,,,,,,3,0,False,2026-10-05,,,,,,,,,,0.08436607978872246,0.011537118651204548,0.024384839012742833,5,,,,,,,0.07282896113751791,0.059981240775979626
jev,VST,,,,,,,,,,,,,2026-10-01,,,,,,,,,,,,,,,,,,,,,,,,,,,,,,,,,,,,,,,,,,watch,0.08,0.81,0.11,structural,neutral,0.06,0.88,1.2,,,,,,,,,,5,0,False,2026-10-02,0.1367827684502172,0.010368800198777395,0.018176365439155285,,,,,,,0.1367827684502172,0.010368800198777395,0.018176365439155285,6,0.1264139682514398,0.11860640301106191,,,,,0.1264139682514398,0.11860640301106191
jev,WEC,,,,,,,,,,,,,2026-10-01,,,,,,,,,,,,,,,,,,,,,,,,,,,,,,,,,,,,,,,,,,watch,0.42,0.56,0.02,sector_wide,neutral,0.04,0.54,0.4,,,,,,,,,,5,0,False,2026-10-02,0.015366543241275954,0.010368800198777395,0.018176365439155285,,,,,,,0.015366543241275954,0.010368800198777395,0.018176365439155285,6,0.004997743042498559,-0.002809822197879331,,,,,0.004997743042498559,-0.002809822197879331
jev,WELL,,,,,,,,,,,,,2026-10-01,,,,,,,,,,,,,,,,,,,,,,,,,,,,,,,,,,,,,,,,,,watch,0.17,0.75,0.08,transitory,supports,0.07,0.41,0.8,,,,,,,,,,5,0,False,2026-10-02,-0.00617090812630916,0.010368800198777395,0.018176365439155285,,,,,,,-0.00617090812630916,0.010368800198777395,0.018176365439155285,6,-0.016539708325086555,-0.024347273565464445,,,,,-0.016539708325086555,-0.024347273565464445
jev,XYL,,,,,,,,,,,,,2026-10-01,,,,,,,,,,,,,,,,,,,,,,,,,,,,,,,,,,,,,,,,,,buy,0.78,0.21,0.01,transitory,supports,0.03,0.97,0.8,,,,,,,,,,5,0,False,2026-10-02,0.007059527755504558,0.010368800198777395,0.018176365439155285,,,,,,,0.007059527755504558,0.010368800198777395,0.018176365439155285,6,-0.003309272443272837,-0.011116837683650727,,,,,-0.003309272443272837,-0.011116837683650727
jev,YUM,,,,,,,,,,,,,2026-10-01,,,,,,,,,,,,,,,,,,,,,,,,,,,,,,,,,,,,,,,,,,watch,0.03,0.83,0.14,transitory,contradicts,0.03,0.76,1.2,,,,,,,,,,5,0,False,2026-10-02,0.05940022353512542,0.010368800198777395,0.018176365439155285,,,,,,,0.05940022353512542,0.010368800198777395,0.018176365439155285,6,0.04903142333634802,0.04122385809597014,,,,,0.04903142333634802,0.04122385809597014
newsday,AXON,Industrials,,,,,,,,,,,,2026-09-15,2026-09-15,0,-5.1%,3.7x,-9.7%,-12.3%,442.08,+0.0%,60,,,,,,,,,,,,,,,,,,,,,,,,,,,,,,,,,,,,,,,,,,,,,,,,,,,5,0,False,2026-09-16,0.021027347022968046,0.01345174713166708,-0.016940734193655594,-0.042621163598439704,0.006614544380866505,-0.03917283071364642,,,,-0.041782730575477656,0.027654154928909103,-0.006012538766828454,18,0.007575599891300966,0.037968081216623636,-0.04923570797930621,-0.0034483328847932856,,,-0.06943688550438676,-0.0357701918086492
newsday,CASY,Consumer Staples,,,,,,,,,,,,2026-09-09,2026-09-09,0,-15.1%,7.3x,-8.7%,-13.5%,629.03,+0.0%,60,,,,,,,,,,,,,,,,,,,,,,,,,,,,,,,,,,,,,,,,,,,,,,,,,,,5,0,False,2026-09-10,-0.03884491739393792,0.006028761305592045,-0.0069354411702836315,-0.05245257027541539,0.014583907970643573,-0.029416225161514865,0.016265869140625,0.023510680623975988,-0.018349281750406937,0.02257914482792711,0.029647029642454914,-0.015462822043806267,22,-0.04487367869952996,-0.03190947622365428,-0.06703647824605896,-0.023036345113900524,-0.007244811483350988,0.03461515089103194,-0.007067884814527803,0.038041966871733376
newsday,CHRW,Industrials,,,,,,,,,,,,2026-10-05,2026-10-05,0,-10.9%,6.0x,-16.2%,-17.8%,140.61,+0.0%,60,,,,,,,,,,,,,,,,,,,,,,,,,,,,,,,,,,,,,,,,,,,,,,,,4,,,4,0,False,2026-10-06,,,,,,,,,,0.010509094001962094,0.0005397197159666689,0.013721803956591349,4,,,,,,,0.009969374285995425,-0.003212709954629255
newsday,COO,Health Care,,,,,,,,,,,,2026-09-10,2026-09-10,0,-18.5%,9.0x,-26.5%,-26.0%,54.17,+0.0%,60,,,,,,,,,,,,,,,,,,,,,,,,,,,,,,,,,,,,,,,,,,,,,,,,,,,5,0,False,2026-09-11,0.011525815402011252,-0.0014888258799888865,-0.021910428375786575,0.013172360459441368,0.011174581931059135,-0.032293272050429415,-0.00530554182833709,0.020639432913830857,-0.021037246372903957,-0.00530554182833709,0.020639432913830857,-0.021037246372903957,21,0.013014641282000139,0.03343624377779783,0.0019977785283822325,0.04546563250987078,-0.025944974742167948,0.015731704544566866,-0.025944974742167948,0.015731704544566866
newsday,CTVA,Materials,,,,,,,,,,,,2026-10-01,2026-10-01,0,-81.4%,18.4x,-84.9%,-83.9%,12.57,+0.0%,60,,,,,,,,,,,,,,,,,,,,,,,,,,,,,,,,,,,,,,,,,,,,,,,,,,,5,0,False,2026-10-02,0.06903508489587806,0.010368800198777395,0.018176365439155285,,,,,,,0.06903508489587806,0.010368800198777395,0.018176365439155285,6,0.05866628469710067,0.05085871945672278,,,,,0.05866628469710067,0.05085871945672278
newsday,EIX,Utilities,,,,,,,,,,,,2026-09-05,2026-08-31,4,-20.6%,6.7x,-25.7%,-19.9%,56.77,+5.2%,56,,,,,,,,,,,,,,,,,,,,,,,,,,,,,,,,,,,,,,,,,,,,,,,,,,,1,0,False,2026-09-08,-0.034848730189287136,-0.015187149199187733,-0.02991606247895808,-0.02618081227347613,0.008101308547223462,-0.040742354084523195,-0.04033251499316748,0.015544325674800241,-0.05845806783064725,-0.005665713293538932,0.014866479898321128,-0.050796213906807684,24,-0.019661580990099403,-0.004932667710329058,-0.03428212082069959,0.014561541811047067,-0.05587684066796772,0.01812555283747977,-0.02053219319186006,0.04513050061326875
newsday,FICO,Information Technology,,,,,,,,,,,,2026-09-05,2026-09-04,0,-16.5%,5.6x,-36.8%,-28.5%,932.26,+0.0%,60,,,,,,,,,,,,,,,,,,,,,,,,,,,,,,,,,,,,,,,,,,,,,,,,,,,12,0,False,2026-09-08,0.07110190167697983,-0.015187149199187733,-0.02991606247895808,-0.006550748207952983,0.008101308547223462,-0.040742354084523195,-0.24448402016863424,0.015544325674800241,-0.05845806783064725,-0.27477158313594097,0.014866479898321128,-0.050796213906807684,24,0.08628905087616756,0.1010179641559379,-0.014652056755176446,0.03419160587657021,-0.2600283458434345,-0.186025952337987,-0.2896380630342621,-0.22397536922913328
newsday,HWM,Industrials,,,,,,,,,,,,2026-09-08,2026-09-08,0,-6.3%,4.2x,-8.8%,-5.7%,231.53,+0.0%,60,,,,,,,,,,,,,,,,,,,,,,,,,,,,,,,,,,,,,,,,,,,,,,,,,,,5,0,False,2026-09-09,-0.02140007237613728,-0.013126925764616937,-0.022751360636133186,-0.016888005763338376,0.0073769664478993136,-0.037219491531335046,-0.04280007918230044,0.0197229768291598,-0.04735997023390788,-0.03201414632844524,0.02149424289794699,-0.0326741479212198,23,-0.008273146611520343,0.0013512882599959058,-0.02426497221123769,0.02033148576799667,-0.06252305601146024,0.004559891051607437,-0.05350838922639223,0.0006600015927745659
newsday,LULU,Consumer Discretionary,,,,,,,,,,,,2026-09-05,2026-09-04,0,-19.4%,8.7x,-40.9%,-34.1%,100.61,+0.0%,60,,,,,,,,,,,,,,,,,,,,,,,,,,,,,,,,,,,,,,,,,,,,,,,,,,,5,0,False,2026-09-08,-0.02197254965440132,-0.015187149199187733,-0.02991606247895808,0.03131836815006239,0.008101308547223462,-0.040742354084523195,-0.06929808206218468,0.015544325674800241,-0.05845806783064725,-0.06044941062207698,0.014866479898321128,-0.050796213906807684,24,-0.006785400455213586,0.00794351282455676,0.02321705960283893,0.0720607222345856,-0.08484240773698493,-0.010840014231537437,-0.07531589052039811,-0.009653196715269298
newsday,MGM,Consumer Discretionary,,,,,,,,,,,,2026-09-24,2026-09-24,0,-10.5%,8.1x,-9.2%,-15.6%,33.69,+0.0%,60,,,,,,,,,,,,,,,,,,,,,,,,,,,,,,,,,,,,,,,,,,,,,,,,,,,5,0,False,2026-09-25,-0.10326572412187052,0.0011186364353781286,-0.009885591367768254,-0.13886440093038654,0.01273443332847446,0.015124500942061478,,,,-0.13886440093038654,0.01273443332847446,0.015124500942061478,11,-0.10438436055724865,-0.09338013275410226,-0.151598834258861,-0.15398890187244801,,,-0.151598834258861,-0.15398890187244801
newsday,NFLX,Communication Services,,,,,,,,,,,,2026-09-18,2026-09-18,0,-5.4%,4.3x,-21.7%,-16.0%,71.79,+0.0%,60,,,,,,,,,,,,,,,,,,,,,,,,,,,,,,,,,,,,,,,,,,,,,,,,,,,5,0,False,2026-09-21,-0.03606232733077097,-0.0008352556586459503,-0.022112587354946596,-0.0601503719462636,0.011197412189029254,-0.017938325136109826,,,,-0.021163974513020545,0.016078312984298515,0.0023240524703256908,15,-0.03522707167212502,-0.013949739975824375,-0.07134778413529286,-0.04221204681015378,,,-0.03724228749731906,-0.023488026983346236
newsday,NKE,Consumer Discretionary,,,,,,,,,,,,2026-10-02,2026-10-02,0,-7.4%,3.7x,-21.8%,-29.3%,33.87,+0.0%,60,,,,,,,,,,,,,,,,,,,,,,,,,,,,,,,,,,,,,,,,,,,,,,,,5,,,5,0,False,2026-10-05,,,,,,,,,,0.026315771664085608,0.011537118651204548,0.024384839012742833,5,,,,,,,0.01477865301288106,0.0019309326513427746
newsday,PCG,Utilities,,,,,,,,,,,,2026-09-05,2026-08-31,4,-20.1%,5.2x,-30.2%,-20.8%,14.3,+7.8%,56,,,,,,,,,,,,,,,,,,,,,,,,,,,,,,,,,,,,,,,,,,,,,,,,,,,1,0,False,2026-09-08,-0.07784012356273284,-0.015187149199187733,-0.02991606247895808,-0.09677418450438413,0.008101308547223462,-0.040742354084523195,-0.11980889164359687,0.015544325674800241,-0.05845806783064725,-0.07544725172404387,0.014866479898321128,-0.050796213906807684,24,-0.06265297436354511,-0.04792406108377477,-0.1048754930516076,-0.056031830419860935,-0.1353532173183971,-0.06135082381294962,-0.090313731622365,-0.02465103781723619
wedge,ALGN,,,,,,,,148.17,-18%,-13%,,,2026-09-23,,,,,,,,,,confirmed,0.72,2026-07-31,2026-09-23,2026-09-23,146.39,145.54,,,,,,,,,,,,,,,,,,,,,,,,,,,,,,,,,,,,,,,,,,,,1,0,False,2026-09-24,-0.02219971697588341,-0.00010472481458079219,-0.01910170874040544,-0.05126132142658446,0.012904557510498682,0.00299697894565304,,,,-0.03995955214605407,0.018977318650131414,0.005166766765031093,12,-0.022094992161302618,-0.0030980082354779698,-0.06416587893708314,-0.0542583003722375,,,-0.05893687079618548,-0.04512631891108516
wedge,APTV,,,,,,,,44.72,-23%,-29%,,,2026-10-06,,,,,,,,,,confirmed,0.69,2026-08-06,2026-10-06,2026-10-06,43.67,42.02,,,,,,,,,,,,,,,,,,,,,not beaten (50%),,,,,,,,,,,,,,,,,,,,12,2,,3,0,False,2026-10-07,,,,,,,,,,-0.012401336098838311,0.0036093013682851893,0.009124810892158702,3,,,,,,,-0.0160106374671235,-0.021526146990997013
wedge,DECK,,,,,,,,79.57,-21%,-22%,,,2026-10-01,,,,,,,,,,confirmed,0.64,2026-06-30,2026-10-01,2026-10-01,79.19,75.1,,,,,,,,,,,,,,,,,,,,,not beaten (30%) + wedge confirmed,,,,,,,,,,,,,,,,,,,,11,5,,6,0,False,2026-10-02,0.04264150175658421,0.010368800198777395,0.018176365439155285,,,,,,,0.04264150175658421,0.010368800198777395,0.018176365439155285,6,0.032272701557806815,0.024465136317428925,,,,,0.032272701557806815,0.024465136317428925
wedge,DUK,,,,,,,,116.84,-11%,-5%,,,2026-10-08,,,,,,,,,,,0.65,2026-07-15,2026-10-06,2026-10-06,113.99,112.47,,,,,,,,,,,,,,,,,,,,,beaten (75%),,,,,,,,,,,,,,,,,,,,15,2,,1,0,False,2026-10-09,,,,,,,,,,0.00335454483470099,0.0030016710284923587,-0.0004146778114210529,1,,,,,,,0.0003528738062086312,0.0037692226461220426
wedge,EQT,,,,,,,,51.12,-15%,-9%,,,2026-10-05,,,,,,,,,,confirmed,0.66,2026-08-25,2026-10-02,2026-10-02,49.72,47.73,,,,,,,,,,,,,,,,,,,,,not beaten (33%),,,,,,,,,,,,,,,,,,,,8,4,,4,0,False,2026-10-06,,,,,,,,,,0.02982461241225165,0.0005397197159666689,0.013721803956591349,4,,,,,,,0.02928489269628498,0.0161028084556603
wedge,HON,,,,,,,,207.66,-17%,-11%,,,2026-09-16,,,,,,,,,,confirmed,0.68,2026-07-30,2026-09-15,2026-09-15,202.71,195.04,,,,,,,,,,,,,,,,,,,,,,,,,,,,,,,,,,,,,,,,,,,,6,0,False,2026-09-17,0.013155377383866407,0.007776988474803126,-0.03185618841044408,0.02277080902461348,0.0035865623892439302,-0.039506800949028247,,,,-0.0062667317291800195,0.02273905053412628,-0.013416853095022833,17,0.005378388909063281,0.04501156579431049,0.01918424663536955,0.06227760997364173,,,-0.0290057822633063,0.007150121365842813
wedge,IDXX,,,,,,,,515.3,-11%,-14%,,,2026-09-21,,,,,,,,,,confirmed,0.71,2026-07-31,2026-09-21,2026-09-21,507.7,495.93,,,,,,,,,,,,,,,,,,,,,,,,,,,,,,,,,,,,,,,,,,,,5,0,False,2026-09-22,0.02728827464937722,-0.012699787757295744,-0.039160277629149615,-0.00743360148194816,0.006537210918276859,-0.02800546228205519,,,,-0.0024457786575016183,0.005865377124280036,-0.01932150982475168,14,0.039988062406672964,0.06644855227852683,-0.013970812400225019,0.02057186080010703,,,-0.008311155781781654,0.016875731167250062
wedge,LII,,,,,,,,367.78,-22%,-25%,,,2026-09-24,,,,,,,,,,confirmed,0.63,2026-07-27,2026-09-24,2026-09-24,358.43,336.4,,,,,,,,,,,,,,,,,,,,,,,,,,,,,,,,,,,,,,,,,,,,1,0,False,2026-09-25,-0.02836126986628429,0.0011186364353781286,-0.009885591367768254,-0.027979446515543738,0.01273443332847446,0.015124500942061478,,,,-0.027979446515543738,0.01273443332847446,0.015124500942061478,11,-0.029479906301662417,-0.018475678498516036,-0.0407138798440182,-0.043103947457605214,,,-0.0407138798440182,-0.043103947457605214
wedge,LMT,,,,,,,,533.38,-15%,-4%,,,2026-09-18,,,,,,,,,,confirmed,0.77,2026-07-30,2026-09-18,2026-09-18,531.15,515.54,,,,,,,,,,,,,,,,,,,,,,,,,,,,,,,,,,,,,,,,,,,,6,0,False,2026-09-21,-0.026676709623660866,-0.0008352556586459503,-0.022112587354946596,-0.04822465432807832,0.011197412189029254,-0.017938325136109826,,,,-0.04266389625376221,0.016078312984298515,0.0023240524703256908,15,-0.025841453965014916,-0.00456412226871427,-0.059422066517107575,-0.030286329191968494,,,-0.05874220923806073,-0.0449879487240879
wedge,LUV,,,,,,,,39.62,-17%,-10%,,,2026-09-05,,,,,,,,,,confirmed,0.63,2026-07-30,2026-09-02,2026-09-02,38.28,37.1,,,,,,,,,,,,,,,,,,,,,,,,,,,,,,,,,,,,,,,,,,,,4,0,False,2026-09-08,0.004346667509392166,-0.015187149199187733,-0.02991606247895808,0.07593968740355961,0.008101308547223462,-0.040742354084523195,0.08540015598219819,0.015544325674800241,-0.05845806783064725,0.06520069540437734,0.014866479898321128,-0.050796213906807684,24,0.0195338167085799,0.03426272998835024,0.06783837885633615,0.11668204148808281,0.06985583030739795,0.14385822381284544,0.05033421550605621,0.11599690931118503
wedge,NCLH,,,,,,,,14.61,-26%,-25%,,,2026-09-25,,,,,,,,,,confirmed,0.67,2026-07-23,2026-09-25,2026-09-25,13.99,13.48,,,,,,,,,,,,,,,,,,,,,not beaten (0%),,,,,,,,,,,,,,,,,,,,,,,6,0,False,2026-09-28,0.029065749608152114,0.00843371082164035,-0.003663984955804575,,,,,,,0.07750864362233112,0.013301271637950585,0.018130225238521803,10,0.020632038786511764,0.03272973456395669,,,,,0.06420737198438053,0.05937841838380932
wedge,NI,,,,,,,,41.39,-12%,-8%,,,2026-09-05,,,,,,,,,,confirmed,0.69,2026-07-24,2026-09-02,2026-09-02,40.73,39.87,,,,,,,,,,,,,,,,,,,,,,,,,,,,,,,,,,,,,,,,,,,,4,0,False,2026-09-08,-0.018617032069650374,-0.015187149199187733,-0.02991606247895808,-0.03578335397475585,0.008101308547223462,-0.040742354084523195,-0.01668284408181453,0.015544325674800241,-0.05845806783064725,-0.014506824950776043,0.014866479898321128,-0.050796213906807684,24,-0.0034298828704626416,0.011299030409307704,-0.04388466252197931,0.004959000109767346,-0.03222716975661477,0.04177522374883272,-0.02937330484909717,0.03628938895603164
wedge,NKE,,,,,,,,36.39,-28%,-25%,,,2026-09-28,,,,,,,,,,confirmed,0.61,2026-08-17,2026-09-28,2026-09-28,36.22,34.96,,,,,,,,,,,,,,,,,,,,,,,,,,,,,,,,,,,,,,,,,,,,2,0,False,2026-09-29,-0.04760593106693012,0.015987910609123412,0.013860019258733064,,,,,,,-0.04485418440481648,0.015309768752830966,0.019545297612805084,9,-0.06359384167605353,-0.06146595032566318,,,,,-0.06016395315764744,-0.06439948201762156
wedge,NRG,,,,,,,,108.61,-32%,-22%,,,2026-10-07,,,,,,,,,,confirmed,0.71,2026-07-24,2026-10-07,2026-10-07,105.06,92.77,,,,,,,,,,,,,,,,,,,,,not beaten (7%),,,,,,,,,,,,,,,,,,,,22,1,,2,0,False,2026-10-08,,,,,,,,,,0.004372104378633779,0.004787990143758636,0.014670715362202819,2,,,,,,,-0.0004158857651248571,-0.01029861098356904
wedge,ORLY,,,,,,,,86.01,-9%,-5%,,,2026-10-08,,,,,,,,,,,0.61,2026-08-05,2026-10-08,2026-10-08,84.69,82.37,,,,,,,,,,,,,,,,,,,,,beaten (67%),,,,,,,,,,,,,,,,,,,,3,0,,1,0,False,2026-10-09,,,,,,,,,,0.010165869345328815,0.0030016710284923587,-0.0004146778114210529,1,,,,,,,0.0071641983168364565,0.010580547156749867
wedge,PDD,,,,,,,,77.9,-23%,-17%,,,2026-10-05,,,,,,,,,,confirmed,0.68,2026-08-14,2026-10-05,2026-10-05,75.75,73.93,,,,,,,,,,,,,,,,,,,,,not beaten (42%),,,,,,,,,,,,,,,,,,,,,,,2,0,False,2026-10-06,,,,,,,,,,0.04657140049981212,0.0005397197159666689,0.013721803956591349,4,,,,,,,0.04603168078384545,0.03284959654322077
wedge,SO,,,,,,,,83.79,-12%,-8%,,,2026-10-05,,,,,,,,,,confirmed,0.66,2026-07-21,2026-10-05,2026-10-05,83.61,81.49,,,,,,,,,,,,,,,,,,,,,beaten (79%),,,,,,,,,,,,,,,,,,,,19,3,,4,0,False,2026-10-06,,,,,,,,,,0.02339668992997801,0.0005397197159666689,0.013721803956591349,4,,,,,,,0.02285697021401134,0.00967488597338666
wedge,TDG,,,,,,,,1086.05,-9%,-14%,,,2026-09-18,,,,,,,,,,confirmed,0.6,2026-08-04,2026-09-18,2026-09-18,1083.72,1062.38,,,,,,,,,,,,,,,,,,,,,,,,,,,,,,,,,,,,,,,,,,,,6,0,False,2026-09-21,0.016420710229274826,-0.0008352556586459503,-0.022112587354946596,0.0012462066257790116,0.011197412189029254,-0.017938325136109826,,,,0.015293632053047457,0.016078312984298515,0.0023240524703256908,15,0.017255965887920777,0.03853329758422142,-0.009951205563250243,0.019184531761888838,,,-0.0007846809312510583,0.012969579582721765
wedge,TPR,,,,,,,,113.88,-23%,-19%,,,2026-09-25,,,,,,,,,,confirmed,0.63,2026-07-24,2026-09-24,2026-09-24,111.23,106.99,,,,,,,,,,,,,,,,,,,,,not beaten (30%) + wedge confirmed,,,,,,,,,,,,,,,,,,,,,,,2,0,False,2026-09-28,0.0355055287776922,0.00843371082164035,-0.003663984955804575,,,,,,,0.029219013201946087,0.013301271637950585,0.018130225238521803,10,0.027071817956051847,0.03916951373349677,,,,,0.015917741563995502,0.011088787963424284
wedge,TXT,,,,,,,,79.89,-14%,-11%,,,2026-09-09,,,,,,,,,,confirmed,0.82,2026-07-15,2026-09-09,2026-09-09,79.45,78.44,,,,,,,,,,,,,,,,,,,,,,,,,,,,,,,,,,,,,,,,,,,,7,0,False,2026-09-10,0.019531970395546105,0.006028761305592045,-0.0069354411702836315,-0.04208610234850052,0.014583907970643573,-0.029416225161514865,-0.07736832606439692,0.023510680623975988,-0.018349281750406937,-0.06552352940283968,0.029647029642454914,-0.015462822043806267,22,0.01350320908995406,0.026467411565829737,-0.05667001031914409,-0.012669877186985656,-0.10087900668837291,-0.05901904431398998,-0.09517055904529459,-0.05006070735903341
wedge,VMC,,,,,,,,246.26,-10%,-12%,,,2026-10-08,,,,,,,,,,,0.72,2026-06-25,2026-10-06,2026-10-06,246.17,229.71,,,,,,,,,,,,,,,,,,,,,beaten (100%),,,,,,,,,,,,,,,,,,,,9,2,,1,0,False,2026-10-09,,,,,,,,,,-0.007748807738828911,0.0030016710284923587,-0.0004146778114210529,1,,,,,,,-0.01075047876732127,-0.007334129927407858
wedge,VST,,,,,,,,149.3,-12%,-9%,,,2026-09-05,,,,,,,,,,confirmed,0.72,2026-07-24,2026-09-02,2026-09-02,137.09,130.64,,,,,,,,,,,,,,,,,,,,,,,,,,,,,,,,,,,,,,,,,,,,4,0,False,2026-09-08,-0.06271522694878795,-0.015187149199187733,-0.02991606247895808,-0.0686096031986888,0.008101308547223462,-0.040742354084523195,0.06465461710511211,0.015544325674800241,-0.05845806783064725,0.07115528362266832,0.014866479898321128,-0.050796213906807684,24,-0.04752807774960022,-0.032799164469829875,-0.07671091174591227,-0.02786724911416561,0.04911029143031187,0.12311268493575936,0.05628880372434719,0.12195149752947601
wedge,WEC,,,,,,,,103.19,-10%,-6%,,,2026-10-06,,,,,,,,,,confirmed,0.65,2026-06-01,2026-10-06,2026-10-06,102.78,101.15,,,,,,,,,,,,,,,,,,,,,beaten (67%),,,,,,,,,,,,,,,,,,,,,,,1,0,False,2026-10-07,,,,,,,,,,0.005622277831240252,0.0036093013682851893,0.009124810892158702,3,,,,,,,0.002012976462955063,-0.0035025330609184495
wedge,WM,,,,,,,,218.99,-9%,-1%,,,2026-09-05,,,,,,,,,,confirmed,0.67,2026-08-04,2026-09-03,2026-09-03,221.12,216,,,,,,,,,,,,,,,,,,,,,,,,,,,,,,,,,,,,,,,,,,,,3,0,False,2026-09-08,0.0024354647940301177,-0.015187149199187733,-0.02991606247895808,-0.0417224856784002,0.008101308547223462,-0.040742354084523195,-0.04079958887876922,0.015544325674800241,-0.05845806783064725,-0.036416110709084126,0.014866479898321128,-0.050796213906807684,24,0.01762261399321785,0.03235152727298819,-0.04982379422562366,-0.0009801315938770053,-0.05634391455356946,0.017658478951878026,-0.051282590607405254,0.014380103197723558
wedge,XYL,,,,,,,,108.64,-9%,-11%,,,2026-09-23,,,,,,,,,,confirmed,0.63,2026-07-23,2026-09-23,2026-09-23,108.29,102.23,,,,,,,,,,,,,,,,,,,,,not beaten (50%),,,,,,,,,,,,,,,,,,,,23,2,,4,0,False,2026-09-24,-0.06332404724302598,-0.00010472481458079219,-0.01910170874040544,-0.05301763459860409,0.012904557510498682,0.00299697894565304,,,,-0.0463323863060795,0.018977318650131414,0.005166766765031093,12,-0.06321932242844519,-0.04422233850262054,-0.06592219210910277,-0.05601461354425713,,,-0.06530970495621091,-0.05149915307111059
wedge_watch,AEP,,,,,,,,118.64,-8%,-6%,,,2026-09-30,,,,,,,,,,forming,0.8,2026-07-24,2026-09-30,,120.48,116.12,,,,,,,,,,,,,,,,,,,,,beaten (79%),,,,,,,,,,,,,,,,,,,,,,,3,0,False,2026-10-01,0.03450610541921262,0.012520288224948217,0.02404633244921342,,,,,,,0.03865020109429951,0.018590745519103002,0.02393691741187897,7,0.0219858171942644,0.010459772969999198,,,,,0.020059455575196505,0.014713283682420537
wedge_watch,ALB,,,,,,,,106.35,-38%,-31%,,,2026-10-06,,,,,,,,,,forming,0.74,2026-08-28,2026-10-06,,106.48,100.86,,,,,,,,,,,,,,,,,,,,,not beaten (25%),,,,,,,,,,,,,,,,,,,,3,,,3,0,False,2026-10-07,,,,,,,,,,-0.03754043463040291,0.0036093013682851893,0.009124810892158702,3,,,,,,,-0.0411497359986881,-0.04666524552256161
wedge_watch,ALGN,,,,,,,,153.49,-12%,-10%,,,2026-09-08,,,,,,,,,,forming,0.69,2026-07-31,2026-09-08,,160.17,152.68,,,,,,,,,,,,,,,,,,,,,not beaten (24%),,,,,,,,,,,,,,,,,,,,22,,,21,0,False,2026-09-09,-0.013701300838333208,-0.013126925764616937,-0.022751360636133186,-0.028648192667678374,0.0073769664478993136,-0.037219491531335046,-0.08306017258817544,0.0197229768291598,-0.04735997023390788,-0.06444202835269996,0.02149424289794699,-0.0326741479212198,23,-0.0005743750737162712,0.009050059797799978,-0.03602515911557769,0.008571298863656672,-0.10278314941733524,-0.03570020235426756,-0.08593627125064696,-0.03176788043148016
wedge_watch,AOS,,,,,,,,57.83,-16%,-10%,,,2026-09-09,,,,,,,,,,forming,0.64,2026-08-18,2026-09-09,,60.45,57.61,,,,,,,,,,,,,,,,,,,,,not beaten (0%) + wedge forming,,,,,,,,,,,,,,,,,,,,,,,7,0,False,2026-09-10,-0.0012280648214775258,0.006028761305592045,-0.0069354411702836315,0.012280715139288745,0.014583907970643573,-0.029416225161514865,-0.007719274152789168,0.023510680623975988,-0.018349281750406937,-0.010877174243592358,0.029647029642454914,-0.015462822043806267,22,-0.007256826127069571,0.005707376348806106,-0.0023031928313548278,0.041696940300803606,-0.031229954776765156,0.010630007597617768,-0.04052420388604727,0.004585647800213909
wedge_watch,APTV,,,,,,,,45.17,-36%,-30%,,,2026-09-23,,,,,,,,,,forming,0.6,2026-08-06,2026-09-23,,45.56,42.66,,,,,,,,,,,,,,,,,,,,,not beaten (38%),,,,,,,,,,,,,,,,,,,,,,,9,0,False,2026-09-24,-0.022237046316548104,-0.00010472481458079219,-0.01910170874040544,-0.016900202704032474,0.012904557510498682,0.00299697894565304,,,,-0.026017388300713207,0.018977318650131414,0.005166766765031093,12,-0.02213232150196731,-0.0031353375761426633,-0.029804760214531156,-0.019897181649685514,,,-0.04499470695084462,-0.0311841550657443
wedge_watch,ATO,,,,,,,,163.19,-12%,-6%,,,2026-09-11,,,,,,,,,,forming,0.73,2026-07-28,2026-09-11,,166.95,163.25,,,,,,,,,,,,,,,,,,,,,beaten (79%),,,,,,,,,,,,,,,,,,,,12,,,12,0,False,2026-09-14,-0.03587962511119225,0.021634762047866296,-0.023412841904113815,-0.04331140626060215,0.011213671888964383,-0.045153987913850016,,,,-0.01522904449457585,0.0283312012544068,-0.030508095985033092,20,-0.057514387159058544,-0.012466783207078433,-0.05452507814956653,0.0018425816532478684,,,-0.04356024574898265,0.015279051490457243
wedge_watch,AZO,,,,,,,,2894.73,-14%,-13%,,,2026-09-22,,,,,,,,,,forming,0.66,2026-06-01,2026-09-22,,3000.85,2806.16,,,,,,,,,,,,,,,,,,,,,,,,,,,,,,,,,,,,,,,,,,,,1,0,False,2026-09-23,-0.020211842122390467,-0.013147133675912914,-0.03165897009664555,-0.014585889847979261,0.005732466519673851,-0.018549782260570555,,,,0.017812698051523856,0.007479430972473722,-0.003965628710180786,13,-0.007064708446477552,0.01144712797425508,-0.020318356367653112,0.003963892412591295,,,0.010333267079050135,0.021778326761704644
wedge_watch,BKNG,,,,,,,,155.9,-9%,-15%,,,2026-09-23,,,,,,,,,,forming,0.65,2026-08-17,2026-09-23,,163.26,153.68,,,,,,,,,,,,,,,,,,,,,,,,,,,,,,,,,,,,,,,,,,,,1,0,False,2026-09-24,0.020566670899551553,-0.00010472481458079219,-0.01910170874040544,0.018592792818876935,0.012904557510498682,0.00299697894565304,,,,0.02094869928177312,0.018977318650131414,0.005166766765031093,12,0.020671395714132346,0.039668379639956994,0.005688235308378253,0.015595813873223896,,,0.001971380631641706,0.015781932516742026
wedge_watch,BLDR,,,,,,,,61.39,-34%,-32%,,,2026-09-09,,,,,,,,,,forming,0.64,2026-07-31,2026-09-09,,65.68,61.38,,,,,,,,,,,,,,,,,,,,,,,,,,,,,,,,,,,,,,,,,,,,1,0,False,2026-09-10,-0.058439407679497624,0.006028761305592045,-0.0069354411702836315,-0.04864511302457608,0.014583907970643573,-0.029416225161514865,-0.12161275142613703,0.023510680623975988,-0.018349281750406937,-0.137283710052861,0.029647029642454914,-0.015462822043806267,22,-0.06446816898508967,-0.05150396650921399,-0.06322902099521965,-0.019228887863061216,-0.14512343205011302,-0.1032634696757301,-0.1669307396953159,-0.12182088800905473
wedge_watch,BRO,,,,,,,,60.33,-9%,-12%,,,2026-09-24,,,,,,,,,,forming,0.65,2026-08-27,2026-09-24,,62.52,60.29,,,,,,,,,,,,,,,,,,,,,,,,,,,,,,,,,,,,,,,,,,,,1,0,False,2026-09-25,-0.003824402137854288,0.0011186364353781286,-0.009885591367768254,0.04556038753366565,0.01273443332847446,0.015124500942061478,,,,0.04556038753366565,0.01273443332847446,0.015124500942061478,11,-0.004943038573232417,0.006061189229913966,0.03282595420519119,0.03043588659160417,,,0.03282595420519119,0.03043588659160417
wedge_watch,BSX,,,,,,,,42.6,-32%,-31%,,,2026-10-02,,,,,,,,,,forming,0.64,2026-08-14,2026-10-02,,43.91,41.6,,,,,,,,,,,,,,,,,,,,,beaten (50%),,,,,,,,,,,,,,,,,,,,5,,,5,0,False,2026-10-05,,,,,,,,,,0.004702580970606718,0.011537118651204548,0.024384839012742833,5,,,,,,,-0.00683453768059783,-0.019682258042136115
wedge_watch,CBRE,,,,,,,,127.56,-10%,-12%,,,2026-10-07,,,,,,,,,,forming,0.64,2026-08-10,2026-10-07,,134.52,125.79,,,,,,,,,,,,,,,,,,,,,not beaten (14%),,,,,,,,,,,,,,,,,,,,,,,1,0,False,2026-10-08,,,,,,,,,,0.034237382693611096,0.004787990143758636,0.014670715362202819,2,,,,,,,0.02944939254985246,0.01956666733140828
wedge_watch,CEG,,,,,,,,254.02,-9%,-12%,,,2026-09-30,,,,,,,,,,forming,0.67,2026-09-01,2026-09-30,,267.74,245.58,,,,,,,,,,,,,,,,,,,,,not beaten (7%),,,,,,,,,,,,,,,,,,,,,,,1,0,False,2026-10-01,0.09009214438754798,0.012520288224948217,0.02404633244921342,,,,,,,0.13980343464236866,0.018590745519103002,0.02393691741187897,7,0.07757185616259976,0.06604581193833456,,,,,0.12121268912326566,0.11586651723048969
wedge_watch,CMI,,,,,,,,517.32,-13%,-14%,,,2026-10-07,,,,,,,,,,forming,0.75,2026-06-18,2026-10-07,,539.26,496.56,,,,,,,,,,,,,,,,,,,,,not beaten (32%),,,,,,,,,,,,,,,,,,,,2,,,2,0,False,2026-10-08,,,,,,,,,,0.018209024411211416,0.004787990143758636,0.014670715362202819,2,,,,,,,0.01342103426745278,0.0035383090490085974
wedge_watch,CMS,,,,,,,,68.46,-10%,-6%,,,2026-09-05,,,,,,,,,,forming,0.74,2026-07-21,2026-09-04,,69.22,66.77,,,,,,,,,,,,,,,,,,,,,beaten (79%),,,,,,,,,,,,,,,,,,,,,,,14,0,False,2026-09-08,-0.03456357136121002,-0.015187149199187733,-0.02991606247895808,-0.05872879624957372,0.008101308547223462,-0.040742354084523195,-0.047012289716764855,0.015544325674800241,-0.05845806783064725,-0.04086117406863954,0.014866479898321128,-0.050796213906807684,24,-0.01937642216202229,-0.004647508882251943,-0.06683010479679719,-0.017986442165050527,-0.0625566153915651,0.011445778113882393,-0.055727653966960666,0.009935039838168146
wedge_watch,CNP,,,,,,,,36.8,-14%,-10%,,,2026-09-30,,,,,,,,,,forming,0.66,2026-07-28,2026-09-30,,37.24,36.23,,,,,,,,,,,,,,,,,,,,,beaten (79%),,,,,,,,,,,,,,,,,,,,,,,3,0,False,2026-10-01,0.04829458579467172,0.012520288224948217,0.02404633244921342,,,,,,,0.05320591724574064,0.018590745519103002,0.02393691741187897,7,0.0357742975697235,0.024248253345458298,,,,,0.03461517172663764,0.02926899983386167
wedge_watch,COST,,,,,,,,902.6,-9%,-6%,,,2026-09-09,,,,,,,,,,forming,0.6,2026-04-14,2026-09-09,,919.12,890.95,,,,,,,,,,,,,,,,,,,,,beaten (80%) + wedge forming,,,,,,,,,,,,,,,,,,,,,,,6,0,False,2026-09-10,-0.013997046733748797,0.006028761305592045,-0.0069354411702836315,-0.011184415414450366,0.014583907970643573,-0.029416225161514865,0.04555380205091364,0.023510680623975988,-0.018349281750406937,0.044450804096549446,0.029647029642454914,-0.015462822043806267,22,-0.020025808039340842,-0.0070616055634651655,-0.02576832338509394,0.0182318097470645,0.02204312142693765,0.06390308380132058,0.014803774454094532,0.05991362614035571
wedge_watch,CRH,,,,,,,,94.26,-11%,-15%,,,2026-09-05,,,,,,,,,,forming,0.8,2026-06-10,2026-09-04,,94.72,90.21,,,,,,,,,,,,,,,,,,,,,beaten (100%),,,,,,,,,,,,,,,,,,,,24,,,24,0,False,2026-09-08,-0.054962802282585876,-0.015187149199187733,-0.02991606247895808,-0.05119086057908573,0.008101308547223462,-0.040742354084523195,-0.09904087025252317,0.015544325674800241,-0.05845806783064725,-0.12124151189783472,0.014866479898321128,-0.050796213906807684,24,-0.039775653083398144,-0.025046739803627798,-0.05929216912630919,-0.010448506494562533,-0.11458519592732341,-0.040582802421875924,-0.13610799179615585,-0.07044529799102703
wedge_watch,DECK,,,,,,,,79.83,-22%,-22%,,,2026-09-22,,,,,,,,,,forming,0.68,2026-07-13,2026-09-22,,83.11,75.37,,,,,,,,,,,,,,,,,,,,,not beaten (30%) + wedge confirmed,,,,,,,,,,,,,,,,,,,,,,,5,0,False,2026-09-23,-0.01413074333075326,-0.013147133675912914,-0.03165897009664555,0.014130647072939428,0.005732466519673851,-0.018549782260570555,,,,0.04579860150872572,0.007479430972473722,-0.003965628710180786,13,-0.000983609654840345,0.017528226765892288,0.008398180553265577,0.03268042933350998,,,0.038319170536252,0.04976423021890651
wedge_watch,DOV,,,,,,,,188.97,-8%,-10%,,,2026-09-15,,,,,,,,,,forming,0.62,2026-08-25,2026-09-15,,190.28,183.38,,,,,,,,,,,,,,,,,,,,,,,,,,,,,,,,,,,,,,,,,,,,3,0,False,2026-09-16,-0.006151410030062698,0.01345174713166708,-0.016940734193655594,-0.01656148237132493,0.006614544380866505,-0.03917283071364642,,,,-0.0072029187127711225,0.027654154928909103,-0.006012538766828454,18,-0.01960315716172978,0.010789324163592896,-0.023176026752191436,0.022611348342321487,,,-0.034857073641680225,-0.001190379945942669
wedge_watch,DOW,,,,,,,,30.08,-17%,-3%,,,2026-09-16,,,,,,,,,,forming,0.7,2026-08-20,2026-09-16,,30.51,28.52,,,,,,,,,,,,,,,,,,,,,not beaten (20%),,,,,,,,,,,,,,,,,,,,,,,12,0,False,2026-09-17,-0.03415624752470392,0.007776988474803126,-0.03185618841044408,-0.06695974172035235,0.0035865623892439302,-0.039506800949028247,,,,-0.038890755170740254,0.02273905053412628,-0.013416853095022833,17,-0.041933235999507046,-0.002300059114259838,-0.07054630410959628,-0.027452940771324104,,,-0.061629805704866536,-0.02547390207571742
wedge_watch,DTE,,,,,,,,132.58,-9%,-5%,,,2026-09-11,,,,,,,,,,forming,0.79,2026-07-24,2026-09-11,,136.57,132.8,,,,,,,,,,,,,,,,,,,,,,,,,,,,,,,,,,,,,,,,,,,,6,0,False,2026-09-14,-0.04333867663121105,0.021634762047866296,-0.023412841904113815,-0.08353768356862845,0.011213671888964383,-0.045153987913850016,,,,-0.03749840609816657,0.0283312012544068,-0.030508095985033092,20,-0.06497343867907734,-0.019925834727097233,-0.09475135545759283,-0.038383695654778435,,,-0.06582960735257337,-0.006990310113133478
wedge_watch,DUK,,,,,,,,119.02,-9%,-3%,,,2026-09-14,,,,,,,,,,forming,0.79,2026-07-15,2026-09-14,,119.65,118.21,,,,,,,,,,,,,,,,,,,,,beaten (79%),,,,,,,,,,,,,,,,,,,,,,,14,0,False,2026-09-15,-0.023753582722450095,0.019971154187474305,-0.017792800842273845,-0.04137989197945324,0.007864133491525482,-0.044938790147600986,,,,-0.020899763945994132,0.026815981758622875,-0.02371898636676416,19,-0.0437247369099244,-0.00596078188017625,-0.049244025470978725,0.0035588981681477436,,,-0.04771574570461701,0.0028192224207700296
wedge_watch,ED,,,,,,,,102.21,-8%,-4%,,,2026-09-30,,,,,,,,,,forming,0.72,2026-07-28,2026-09-30,,104.81,102.11,,,,,,,,,,,,,,,,,,,,,beaten (79%),,,,,,,,,,,,,,,,,,,,,,,3,0,False,2026-10-01,0.03233661005195576,0.012520288224948217,0.02404633244921342,,,,,,,0.03340800980176928,0.018590745519103002,0.02393691741187897,7,0.019816321827007544,0.00829027760274234,,,,,0.014817264282666276,0.009471092389890308
wedge_watch,EQT,,,,,,,,48.88,-24%,-12%,,,2026-09-29,,,,,,,,,,forming,0.6,2026-08-25,2026-09-29,,50.74,48.3,,,,,,,,,,,,,,,,,,,,,beaten (50%),,,,,,,,,,,,,,,,,,,,,,,4,0,False,2026-09-30,0.0668978722344804,0.014051742872416506,0.002658720781433467,,,,,,,0.07750363341559718,0.01581315796745497,0.014289667978380003,8,0.0528461293620639,0.06423915145304694,,,,,0.06169047544814221,0.06321396543721718
wedge_watch,ERIE,,,,,,,,222.11,-9%,-10%,,,2026-10-01,,,,,,,,,,forming,0.6,2026-08-27,2026-10-01,,225.14,209.69,,,,,,,,,,,,,,,,,,,,,not beaten (20%),,,,,,,,,,,,,,,,,,,,,,,1,0,False,2026-10-02,-0.0025032910883254766,0.010368800198777395,0.018176365439155285,,,,,,,-0.0025032910883254766,0.010368800198777395,0.018176365439155285,6,-0.012872091287102871,-0.02067965652748076,,,,,-0.012872091287102871,-0.02067965652748076
wedge_watch,EXC,,,,,,,,43.64,-10%,-3%,,,2026-09-05,,,,,,,,,,forming,0.78,2026-07-21,2026-09-04,,44.18,42.33,,,,,,,,,,,,,,,,,,,,,,,,,,,,,,,,,,,,,,,,,,,,12,0,False,2026-09-08,-0.029885039932426416,-0.015187149199187733,-0.02991606247895808,-0.03908047730895292,0.008101308547223462,-0.040742354084523195,-0.041839073444234876,0.015544325674800241,-0.05845806783064725,-0.040000038585443654,0.014866479898321128,-0.050796213906807684,24,-0.014697890733238683,3.102254653166228e-05,-0.047181785856176384,0.0016618767755702743,-0.05738339911903512,0.016618994386412372,-0.05486651848376478,0.01079617532136403
wedge_watch,EXE,,,,,,,,86.43,-16%,-11%,,,2026-10-05,,,,,,,,,,forming,0.67,2026-08-17,2026-10-05,,85.93,82.09,,,,,,,,,,,,,,,,,,,,,not beaten (33%),,,,,,,,,,,,,,,,,,,,,,,1,0,False,2026-10-06,,,,,,,,,,0.021301273741501037,0.0005397197159666689,0.013721803956591349,4,,,,,,,0.020761554025534368,0.007579469784909688
wedge_watch,FE,,,,,,,,45.83,-9%,-2%,,,2026-09-14,,,,,,,,,,forming,0.71,2026-07-28,2026-09-14,,46.67,45.23,,,,,,,,,,,,,,,,,,,,,,,,,,,,,,,,,,,,,,,,,,,,3,0,False,2026-09-15,-0.02229509197297641,0.019971154187474305,-0.017792800842273845,-0.04612023192025272,0.007864133491525482,-0.044938790147600986,,,,-0.016393442622950838,0.026815981758622875,-0.02371898636676416,19,-0.042266246160450716,-0.004502291130702565,-0.0539843654117782,-0.0011814417726517326,,,-0.04320942438157371,0.007325543743813324
wedge_watch,FICO,,,,,,,,924.52,-18%,-27%,,,2026-09-21,,,,,,,,,,forming,0.61,2026-07-29,2026-09-21,,948.17,892.11,,,,,,,,,,,,,,,,,,,,,,,,,,,,,,,,,,,,,,,,,,,,6,0,False,2026-09-22,-0.3406925475955672,-0.012699787757295744,-0.039160277629149615,-0.25789894482745046,0.006537210918276859,-0.02800546228205519,,,,-0.2876487225113854,0.005865377124280036,-0.01932150982475168,14,-0.3279927598382715,-0.3015322699664176,-0.2644361557457273,-0.22989348254539527,,,-0.29351409963566544,-0.26832721268663373
wedge_watch,GIS,,,,,,,,32.18,-10%,-15%,,,2026-10-06,,,,,,,,,,forming,0.64,2026-08-27,2026-10-06,,32.13,30.09,,,,,,,,,,,,,,,,,,,,,not beaten (37%),,,,,,,,,,,,,,,,,,,,,,,1,0,False,2026-10-07,,,,,,,,,,-0.0027794981352398107,0.0036093013682851893,0.009124810892158702,3,,,,,,,-0.006388799503525,-0.011904309027398512
wedge_watch,HON,,,,,,,,209.61,-14%,-8%,,,2026-09-05,,,,,,,,,,forming,0.63,2026-07-30,2026-09-04,,212.93,201.69,,,,,,,,,,,,,,,,,,,,,,,,,,,,,,,,,,,,,,,,,,,,6,0,False,2026-09-08,-0.026602859132027534,-0.015187149199187733,-0.02991606247895808,0.01363639283978757,0.008101308547223462,-0.040742354084523195,0.018516723048743966,0.015544325674800241,-0.05845806783064725,-0.006076575466320455,0.014866479898321128,-0.050796213906807684,24,-0.011415709932839802,0.003313203346930544,0.0055350842925641075,0.054378746924310765,0.002972397373943725,0.07697479087939121,-0.020943055364641583,0.04471963844048723
wedge_watch,HRL,,,,,,,,19.94,-10%,-13%,,,2026-09-30,,,,,,,,,,forming,0.65,2026-08-19,2026-09-30,,19.96,19.18,,,,,,,,,,,,,,,,,,,,,not beaten (37%),,,,,,,,,,,,,,,,,,,,,,,1,0,False,2026-10-01,-0.024120580474251363,0.012520288224948217,0.02404633244921342,,,,,,,-0.03567834663733005,0.018590745519103002,0.02393691741187897,7,-0.03664086869919958,-0.04816691292346478,,,,,-0.05426909215643305,-0.05961526404920902
wedge_watch,HSY,,,,,,,,164.41,-22%,-13%,,,2026-09-28,,,,,,,,,,forming,0.71,2026-01-27,2026-09-28,,175.66,162.32,,,,,,,,,,,,,,,,,,,,,not beaten (37%),,,,,,,,,,,,,,,,,,,,9,,,9,0,False,2026-09-29,-0.011556366539616336,0.015987910609123412,0.013860019258733064,,,,,,,0.000368901033223068,0.015309768752830966,0.019545297612805084,9,-0.02754427714873975,-0.0254163857983494,,,,,-0.014940867719607898,-0.019176396579582016
wedge_watch,IDXX,,,,,,,,510.73,-13%,-15%,,,2026-09-15,,,,,,,,,,forming,0.68,2026-08-04,2026-09-15,,514.14,496.43,,,,,,,,,,,,,,,,,,,,,,,,,,,,,,,,,,,,,,,,,,,,5,0,False,2026-09-16,0.020447302413356017,0.01345174713166708,-0.016940734193655594,0.020779585842411352,0.006614544380866505,-0.03917283071364642,,,,0.012588948455979798,0.027654154928909103,-0.006012538766828454,18,0.006995555281688937,0.03738803660701161,0.014165041461544847,0.05995241655605777,,,-0.015065206472929304,0.01860148722280825
wedge_watch,INTU,,,,,,,,303.19,-33%,-26%,,,2026-09-18,,,,,,,,,,forming,0.69,2026-08-26,2026-09-18,,331.88,301.05,,,,,,,,,,,,,,,,,,,,,,,,,,,,,,,,,,,,,,,,,,,,2,0,False,2026-09-21,-0.10655658768392118,-0.0008352556586459503,-0.022112587354946596,-0.05588163834115467,0.011197412189029254,-0.017938325136109826,,,,0.008729326253546832,0.016078312984298515,0.0023240524703256908,15,-0.10572133202527523,-0.08444400032897459,-0.06707905053018393,-0.03794331320504485,,,-0.007348986730751683,0.006405273783221141
wedge_watch,IP,,,,,,,,31.82,-12%,-14%,,,2026-10-07,,,,,,,,,,forming,0.67,2026-08-07,2026-10-07,,33.46,30.52,,,,,,,,,,,,,,,,,,,,,not beaten (0%),,,,,,,,,,,,,,,,,,,,2,,,2,0,False,2026-10-08,,,,,,,,,,0.016777422498792216,0.004787990143758636,0.014670715362202819,2,,,,,,,0.01198943235503358,0.002106707136589397
wedge_watch,LDOS,,,,,,,,123.31,-24%,-17%,,,2026-09-22,,,,,,,,,,forming,0.69,2026-08-26,2026-09-22,,129.44,122.5,,,,,,,,,,,,,,,,,,,,,not beaten (33%),,,,,,,,,,,,,,,,,,,,,,,11,0,False,2026-09-23,-0.016786391490445474,-0.013147133675912914,-0.03165897009664555,-0.08360907355472524,0.005732466519673851,-0.018549782260570555,,,,-0.017996959817825453,0.007479430972473722,-0.003965628710180786,13,-0.0036392578145325594,0.014872578606200074,-0.0893415400743991,-0.06505929129415469,,,-0.025476390790299175,-0.014031331107644667
wedge_watch,LHX,,,,,,,,256.45,-29%,-18%,,,2026-09-05,,,,,,,,,,forming,0.76,2026-02-25,2026-09-04,,284.58,254.55,,,,,,,,,,,,,,,,,,,,,beaten (50%),,,,,,,,,,,,,,,,,,,,21,,,21,0,False,2026-09-08,-0.01553628685560049,-0.015187149199187733,-0.02991606247895808,-0.05406153936869762,0.008101308547223462,-0.040742354084523195,-0.061908563995154986,0.015544325674800241,-0.05845806783064725,-0.06557572745492901,0.014866479898321128,-0.050796213906807684,24,-0.00034913765641275685,0.014379775623357589,-0.06216284791592108,-0.013319185284174424,-0.07745288966995523,-0.003450496164507738,-0.08044220735325014,-0.014779513548121327
wedge_watch,LII,,,,,,,,372.62,-26%,-25%,,,2026-09-10,,,,,,,,,,forming,0.64,2026-07-30,2026-09-10,,390.97,364.77,,,,,,,,,,,,,,,,,,,,,not beaten (7%) + wedge forming,,,,,,,,,,,,,,,,,,,,12,,,11,0,False,2026-09-11,-0.04675596039452956,-0.0014888258799888865,-0.021910428375786575,-0.008173020149397248,0.011174581931059135,-0.032293272050429415,-0.0505743665681172,0.020639432913830857,-0.021037246372903957,-0.0505743665681172,0.020639432913830857,-0.021037246372903957,21,-0.045267134514540674,-0.024845532018742986,-0.019347602080456383,0.024120251901032168,-0.07121379948194806,-0.029537120195213245,-0.07121379948194806,-0.029537120195213245
wedge_watch,LMT,,,,,,,,538.09,-15%,-3%,,,2026-09-17,,,,,,,,,,forming,0.73,2026-07-30,2026-09-17,,534.54,516.61,,,,,,,,,,,,,,,,,,,,,,,,,,,,,,,,,,,,,,,,,,,,1,0,False,2026-09-18,-0.032440656158074455,0.013187765902904713,-0.018523563271976642,-0.058791720278067006,0.010941688821316964,-0.03399129487451383,,,,-0.05100745861502998,0.022671460799116305,-0.004478265984934639,16,-0.04562842206097917,-0.013917092886097812,-0.06973340909938397,-0.024800425403553178,,,-0.07367891941414628,-0.046529192630095334
wedge_watch,LNT,,,,,,,,65.99,-8%,-5%,,,2026-09-15,,,,,,,,,,forming,0.77,2026-07-24,2026-09-15,,68.02,66.24,,,,,,,,,,,,,,,,,,,,,beaten (71%),,,,,,,,,,,,,,,,,,,,8,,,8,0,False,2026-09-16,-0.039656228591938514,0.01345174713166708,-0.016940734193655594,-0.04553679842672498,0.006614544380866505,-0.03917283071364642,,,,-0.007086870067338102,0.027654154928909103,-0.006012538766828454,18,-0.053107975723605594,-0.02271549439828292,-0.05215134280759148,-0.00636396771307856,,,-0.034741024996247205,-0.0010743313005096488
wedge_watch,LVS,,,,,,,,43.33,-19%,-19%,,,2026-09-09,,,,,,,,,,forming,0.7,2026-03-30,2026-09-09,,46.48,42.23,,,,,,,,,,,,,,,,,,,,,,,,,,,,,,,,,,,,,,,,,,,,4,0,False,2026-09-10,-0.06117270416775933,0.006028761305592045,-0.0069354411702836315,-0.1078023592300088,0.014583907970643573,-0.029416225161514865,-0.16666669601952377,0.023510680623975988,-0.018349281750406937,-0.16505082124303827,0.029647029642454914,-0.015462822043806267,22,-0.06720146547335137,-0.054237262997475694,-0.12238626720065238,-0.07838613406849394,-0.19017737664349976,-0.14831741426911685,-0.19469785088549318,-0.149587999199232
wedge_watch,MCD,,,,,,,,255.69,-21%,-12%,,,2026-09-05,,,,,,,,,,forming,0.7,2026-08-04,2026-09-04,,262.31,256.26,,,,,,,,,,,,,,,,,,,,,,,,,,,,,,,,,,,,,,,,,,,,12,0,False,2026-09-08,-0.006328867542805927,-0.015187149199187733,-0.02991606247895808,-0.015881101048885182,0.008101308547223462,-0.040742354084523195,-0.08624553832322945,0.015544325674800241,-0.05845806783064725,-0.07531744057580692,0.014866479898321128,-0.050796213906807684,24,0.008858281656381806,0.02358719493615215,-0.023982409596108645,0.024861253035638013,-0.1017898639980297,-0.027787470492582206,-0.09018392047412804,-0.02452122666899923
wedge_watch,NCLH,,,,,,,,14.12,-28%,-28%,,,2026-09-18,,,,,,,,,,forming,0.66,2026-07-23,2026-09-18,,14.86,14.13,,,,,,,,,,,,,,,,,,,,,,,,,,,,,,,,,,,,,,,,,,,,5,0,False,2026-09-21,-0.0027874537135679223,-0.0008352556586459503,-0.022112587354946596,0.036236898276381435,0.011197412189029254,-0.017938325136109826,,,,0.08501737149288768,0.016078312984298515,0.0023240524703256908,15,-0.001952198054921972,0.019325133641378674,0.02503948608735218,0.05417522341249126,,,0.06893905850858917,0.082693319022562
wedge_watch,NEE,,,,,,,,82.65,-8%,-5%,,,2026-09-09,,,,,,,,,,forming,0.61,2026-07-28,2026-09-09,,84.05,79.96,,,,,,,,,,,,,,,,,,,,,,,,,,,,,,,,,,,,,,,,,,,,10,0,False,2026-09-10,-0.018357538845871657,0.006028761305592045,-0.0069354411702836315,-0.08671497633505643,0.014583907970643573,-0.029416225161514865,-0.06557971141355534,0.023510680623975988,-0.018349281750406937,-0.06545900481370548,0.029647029642454914,-0.015462822043806267,22,-0.024386300151463702,-0.011422097675588026,-0.1012988843057,-0.057298751173541565,-0.08909039203753133,-0.0472304296631484,-0.0951060344561604,-0.049996182769899214
wedge_watch,NFLX,,,,,,,,69.7,-30%,-17%,,,2026-10-07,,,,,,,,,,forming,0.63,2026-09-03,2026-10-07,,69.96,65.54,,,,,,,,,,,,,,,,,,,,,beaten (50%),,,,,,,,,,,,,,,,,,,,,,,1,0,False,2026-10-08,,,,,,,,,,0.0029962437557391475,0.004787990143758636,0.014670715362202819,2,,,,,,,-0.0017917463880194884,-0.011674471606463671
wedge_watch,NI,,,,,,,,39.25,-13%,-12%,,,2026-09-23,,,,,,,,,,forming,0.71,2026-06-02,2026-09-23,,40.81,38.98,,,,,,,,,,,,,,,,,,,,,beaten (79%),,,,,,,,,,,,,,,,,,,,,,,9,0,False,2026-09-24,0.0038119830164049517,-0.00010472481458079219,-0.01910170874040544,0.029987302437936236,0.012904557510498682,0.00299697894565304,,,,0.03583227197173633,0.018977318650131414,0.005166766765031093,12,0.003916707830985744,0.022913691756810392,0.017082744927437554,0.026990323492283197,,,0.016854953321604915,0.030665505206705235
wedge_watch,NKE,,,,,,,,38.4,-31%,-24%,,,2026-09-05,,,,,,,,,,forming,0.64,2026-07-29,2026-09-04,,39.14,37.76,,,,,,,,,,,,,,,,,,,,,not beaten (30%) + wedge confirmed,,,,,,,,,,,,,,,,,,,,,,,10,0,False,2026-09-08,-0.0597092214363405,-0.015187149199187733,-0.02991606247895808,-0.06282455749957905,0.008101308547223462,-0.040742354084523195,-0.10150570615125865,0.015544325674800241,-0.05845806783064725,-0.0989096917968264,0.014866479898321128,-0.050796213906807684,24,-0.044522072237152766,-0.02979315895738242,-0.07092586604680251,-0.022082203415055852,-0.11705003182605889,-0.0430476383206114,-0.11377617169514753,-0.04811347789001872
wedge_watch,NOC,,,,,,,,484.48,-29%,-18%,,,2026-10-08,,,,,,,,,,,0.74,2026-08-18,2026-10-08,,486.99,461.12,,,,,,,,,,,,,,,,,,,,,beaten (75%),,,,,,,,,,,,,,,,,,,,1,,,1,0,False,2026-10-09,,,,,,,,,,0.0014165333382156753,0.0030016710284923587,-0.0004146778114210529,1,,,,,,,-0.0015851376902766834,0.0018312111496367283
wedge_watch,NRG,,,,,,,,119.02,-22%,-18%,,,2026-09-05,,,,,,,,,,forming,0.72,2026-02-25,2026-09-04,,128.91,105.94,,,,,,,,,,,,,,,,,,,,,not beaten (7%),,,,,,,,,,,,,,,,,,,,,,,20,0,False,2026-09-08,-0.12354256515094741,-0.015187149199187733,-0.02991606247895808,-0.15033490663439353,0.008101308547223462,-0.040742354084523195,-0.14330605959911646,0.015544325674800241,-0.05845806783064725,-0.1071694290231302,0.014866479898321128,-0.050796213906807684,24,-0.10835541595175968,-0.09362650267198934,-0.158436215181617,-0.10959255254987033,-0.1588503852739167,-0.08484799176846922,-0.12203590892145133,-0.05637321511632252
wedge_watch,ODFL,,,,,,,,173.84,-11%,-13%,,,2026-09-30,,,,,,,,,,forming,0.76,2026-07-17,2026-09-30,,176.57,166.96,,,,,,,,,,,,,,,,,,,,,not beaten (20%),,,,,,,,,,,,,,,,,,,,,,,1,0,False,2026-10-01,0.05012139197067311,0.012520288224948217,0.02404633244921342,,,,,,,0.051971359204588286,0.018590745519103002,0.02393691741187897,7,0.037601103745724895,0.026075059521459693,,,,,0.03338061368548528,0.028034441792709315
wedge_watch,ORLY,,,,,,,,83.9,-9%,-8%,,,2026-10-05,,,,,,,,,,forming,0.65,2026-08-05,2026-10-05,,85.31,82.66,,,,,,,,,,,,,,,,,,,,,beaten (67%),,,,,,,,,,,,,,,,,,,,,,,2,0,False,2026-10-06,,,,,,,,,,0.03594967177602992,0.0005397197159666689,0.013721803956591349,4,,,,,,,0.035409952060063254,0.022227867819438574
wedge_watch,PDD,,,,,,,,75.38,-25%,-20%,,,2026-10-02,,,,,,,,,,forming,0.73,2026-08-14,2026-10-02,,76.3,74.2,,,,,,,,,,,,,,,,,,,,,not beaten (33%),,,,,,,,,,,,,,,,,,,,5,,,3,0,False,2026-10-05,,,,,,,,,,0.07421094504247039,0.011537118651204548,0.024384839012742833,5,,,,,,,0.06267382639126584,0.049826106029727556
wedge_watch,PEG,,,,,,,,73.7,-10%,-7%,,,2026-09-05,,,,,,,,,,forming,0.71,2026-06-26,2026-09-04,,74.25,71.46,,,,,,,,,,,,,,,,,,,,,,,,,,,,,,,,,,,,,,,,,,,,13,0,False,2026-09-08,-0.035803088467100896,-0.015187149199187733,-0.02991606247895808,-0.05360274202918158,0.008101308547223462,-0.040742354084523195,-0.017866380299059514,0.015544325674800241,-0.05845806783064725,-0.010335793798224246,0.014866479898321128,-0.050796213906807684,24,-0.020615939267913164,-0.005887025988142818,-0.061704050576405045,-0.012860387944658387,-0.033410705973859756,0.04059168753158773,-0.025202273696545374,0.04046042010858344
wedge_watch,PEP,,,,,,,,137.63,-12%,-5%,,,2026-09-05,,,,,,,,,,forming,0.68,2026-04-17,2026-09-04,,141.35,132.36,,,,,,,,,,,,,,,,,,,,,,,,,,,,,,,,,,,,,,,,,,,,9,0,False,2026-09-08,-0.010948905109489093,-0.015187149199187733,-0.02991606247895808,-0.04240874130360406,0.008101308547223462,-0.040742354084523195,-0.08240876580676892,0.015544325674800241,-0.05845806783064725,-0.08051093999486769,0.014866479898321128,-0.050796213906807684,24,0.0042382440896986395,0.018967157369468985,-0.05051004985082752,-0.001666387219080863,-0.09795309148156917,-0.023950697976121677,-0.09537741989318882,-0.029714726088060008
wedge_watch,PPL,,,,,,,,33.23,-13%,-7%,,,2026-09-15,,,,,,,,,,forming,0.62,2026-08-07,2026-09-15,,34.93,33.19,,,,,,,,,,,,,,,,,,,,,beaten (79%),,,,,,,,,,,,,,,,,,,,17,,,17,0,False,2026-09-16,-0.037026026166612214,0.01345174713166708,-0.016940734193655594,-0.017915863205350213,0.006614544380866505,-0.03917283071364642,,,,0.02269329004010956,0.027654154928909103,-0.006012538766828454,18,-0.050477773298279294,-0.02008529197295662,-0.024530407586216718,0.021256967508296205,,,-0.004960864888799543,0.028705828806938012
wedge_watch,ROL,,,,,,,,35.86,-38%,-31%,,,2026-09-05,,,,,,,,,,forming,0.69,2026-07-23,2026-09-04,,36.68,35.29,,,,,,,,,,,,,,,,,,,,,beaten (40%),,,,,,,,,,,,,,,,,,,,,,,10,0,False,2026-09-08,-0.0516708823659221,-0.015187149199187733,-0.02991606247895808,-0.07722549713185334,0.008101308547223462,-0.040742354084523195,-0.1477113209414771,0.015544325674800241,-0.05845806783064725,-0.10193768620885735,0.014866479898321128,-0.050796213906807684,24,-0.03648373316673437,-0.02175481988696402,-0.0853268056790768,-0.03648314304733014,-0.16325564661627734,-0.08925325311082985,-0.11680416610717848,-0.05114147230204966
wedge_watch,SO,,,,,,,,88.11,-8%,-3%,,,2026-09-05,,,,,,,,,,forming,0.78,2026-07-21,2026-09-04,,89.08,86.92,,,,,,,,,,,,,,,,,,,,,beaten (79%),,,,,,,,,,,,,,,,,,,,,,,15,0,False,2026-09-08,-0.025068133190391806,-0.015187149199187733,-0.02991606247895808,-0.03414249105259681,0.008101308547223462,-0.040742354084523195,-0.03085300712019101,0.015544325674800241,-0.05845806783064725,-0.022572656652682932,0.014866479898321128,-0.050796213906807684,24,-0.009880983991204073,0.004847929288566272,-0.042243799599820275,0.006599863031926383,-0.04639733279499125,0.027605060710456236,-0.03743913655100406,0.028223557254124752
wedge_watch,SRE,,,,,,,,81.2,-11%,-10%,,,2026-09-21,,,,,,,,,,forming,0.61,2026-07-08,2026-09-21,,83.9,79.91,,,,,,,,,,,,,,,,,,,,,beaten (79%),,,,,,,,,,,,,,,,,,,,14,,,14,0,False,2026-09-22,-0.025986687851594192,-0.012699787757295744,-0.039160277629149615,-0.003685783353311045,0.006537210918276859,-0.02800546228205519,,,,0.013382437118806267,0.005865377124280036,-0.01932150982475168,14,-0.013286900094298448,0.013173589777555422,-0.010222994271587904,0.024319678928744145,,,0.007517059994526232,0.03270394694355795
wedge_watch,STZ,,,,,,,,128.18,-11%,-11%,,,2026-09-05,,,,,,,,,,forming,0.78,2026-04-13,2026-09-04,,133.67,126.13,,,,,,,,,,,,,,,,,,,,,,,,,,,,,,,,,,,,,,,,,,,,10,0,False,2026-09-08,-0.03421872854232777,-0.015187149199187733,-0.02991606247895808,-0.08132815361022949,0.008101308547223462,-0.040742354084523195,-0.09632813930511464,0.015544325674800241,-0.05845806783064725,-0.04187500476837158,0.014866479898321128,-0.050796213906807684,24,-0.019031579343140037,-0.004302666063369692,-0.08942946215745295,-0.0405857995257063,-0.11187246497991488,-0.03787007147446739,-0.05674148466669271,0.008921209138436102
wedge_watch,TAP,,,,,,,,37.53,-9%,-12%,,,2026-09-18,,,,,,,,,,forming,0.65,2026-08-17,2026-09-18,,38.93,37.35,,,,,,,,,,,,,,,,,,,,,not beaten (37%),,,,,,,,,,,,,,,,,,,,,,,6,0,False,2026-09-21,-0.03279998779296878,-0.0008352556586459503,-0.022112587354946596,-0.026133321126302067,0.011197412189029254,-0.017938325136109826,,,,-0.00799997965494792,0.016078312984298515,0.0023240524703256908,15,-0.031964732134322826,-0.01068740043802218,-0.03733073331533132,-0.00819499599019224,,,-0.024078292639246435,-0.010324032125273611
wedge_watch,TDG,,,,,,,,1145.14,-10%,-10%,,,2026-09-08,,,,,,,,,,forming,0.61,2026-08-10,2026-09-08,,1186.18,1142.55,,,,,,,,,,,,,,,,,,,,,,,,,,,,,,,,,,,,,,,,,,,,1,0,False,2026-09-09,-0.056672501876364634,-0.013126925764616937,-0.022751360636133186,-0.034689930745087305,0.0073769664478993136,-0.037219491531335046,-0.04261138782751095,0.0197229768291598,-0.04735997023390788,-0.03232315263373364,0.02149424289794699,-0.0326741479212198,23,-0.0435455761117477,-0.03392114124023145,-0.04206689719298662,0.0025295607862477407,-0.06233436465667075,0.004748582406396931,-0.053817395531680634,0.00035099528748615966
wedge_watch,TMUS,,,,,,,,181.52,-17%,-6%,,,2026-09-05,,,,,,,,,,forming,0.62,2026-01-21,2026-09-04,,189.56,163.72,,,,,,,,,,,,,,,,,,,,,beaten (75%),,,,,,,,,,,,,,,,,,,,24,,,24,0,False,2026-09-08,-0.004248533707366331,-0.015187149199187733,-0.02991606247895808,-0.10389539428570005,0.008101308547223462,-0.040742354084523195,-0.0844736942912987,0.015544325674800241,-0.05845806783064725,-0.18020306042939982,0.014866479898321128,-0.050796213906807684,24,0.010938615491821402,0.025667528771591747,-0.11199670283292351,-0.06315304020117685,-0.10001801996609894,-0.026015626460651448,-0.19506954032772095,-0.12940684652259213
wedge_watch,TPR,,,,,,,,113.07,-19%,-18%,,,2026-09-21,,,,,,,,,,forming,0.62,2026-07-24,2026-09-21,,116.2,110.39,,,,,,,,,,,,,,,,,,,,,not beaten (30%) + wedge confirmed,,,,,,,,,,,,,,,,,,,,,,,7,0,False,2026-09-22,-0.005230112166463297,-0.012699787757295744,-0.039160277629149615,0.01769524719051807,0.006537210918276859,-0.02800546228205519,,,,0.013249621922006183,0.005865377124280036,-0.01932150982475168,14,0.0074696755908324475,0.03393016546268632,0.011158036272241212,0.045700709472573264,,,0.007384244797726147,0.03257113174675787
wedge_watch,TSN,,,,,,,,51.42,-15%,-13%,,,2026-09-05,,,,,,,,,,forming,0.7,2026-05-05,2026-09-04,,58.45,51.37,,,,,,,,,,,,,,,,,,,,,not beaten (37%),,,,,,,,,,,,,,,,,,,,24,,,24,0,False,2026-09-08,0.02137995058910569,-0.015187149199187733,-0.02991606247895808,0.007191427140877504,0.008101308547223462,-0.040742354084523195,0.010106908650198587,0.015544325674800241,-0.05845806783064725,0.03848395554665496,0.014866479898321128,-0.050796213906807684,24,0.03656709978829342,0.051296013068063764,-0.0009098814063459582,0.0479337812254007,-0.005437417024601654,0.06856497648084584,0.02361747564833383,0.08928016945346265
wedge_watch,TXT,,,,,,,,79.07,-17%,-12%,,,2026-09-05,,,,,,,,,,forming,0.77,2026-07-15,2026-09-04,,80.57,78.78,,,,,,,,,,,,,,,,,,,,,,,,,,,,,,,,,,,,,,,,,,,,3,0,False,2026-09-08,0.021771652885357096,-0.015187149199187733,-0.02991606247895808,-0.014177746321411666,0.008101308547223462,-0.040742354084523195,-0.04392454747191665,0.015544325674800241,-0.05845806783064725,-0.061266249084459656,0.014866479898321128,-0.050796213906807684,24,0.03695880208454483,0.05168771536431517,-0.02227905486863513,0.02656460776311153,-0.059468873146716894,0.014533520358730595,-0.07613272898278078,-0.010470035177651972
wedge_watch,VICI,,,,,,,,25.21,-11%,-8%,,,2026-09-09,,,,,,,,,,forming,0.72,2025-12-09,2026-09-09,,27.18,25.33,,,,,,,,,,,,,,,,,,,,,,,,,,,,,,,,,,,,,,,,,,,,2,0,False,2026-09-10,-0.03073905199949223,0.006028761305592045,-0.0069354411702836315,-0.0645084142395056,0.014583907970643573,-0.029416225161514865,-0.08380517075422933,0.023510680623975988,-0.018349281750406937,-0.08018709600140117,0.029647029642454914,-0.015462822043806267,22,-0.036767813305084274,-0.023803610829208597,-0.07909232221014917,-0.035092189077990735,-0.10731585137820532,-0.06545588900382239,-0.10983412564385608,-0.0647242739575949
wedge_watch,VMC,,,,,,,,241.7,-9%,-15%,,,2026-09-24,,,,,,,,,,forming,0.76,2026-06-25,2026-09-24,,255.2,237.34,,,,,,,,,,,,,,,,,,,,,beaten (100%),,,,,,,,,,,,,,,,,,,,,,,8,0,False,2026-09-25,0.0029710375158180646,0.0011186364353781286,-0.009885591367768254,0.009243234823032909,0.01273443332847446,0.015124500942061478,,,,0.009243234823032909,0.01273443332847446,0.015124500942061478,11,0.001852401080439936,0.012856628883586319,-0.0034911985054415506,-0.0058812661190285696,,,-0.0034911985054415506,-0.0058812661190285696
wedge_watch,VRSK,,,,,,,,175.49,-16%,-9%,,,2026-09-08,,,,,,,,,,forming,0.61,2026-07-23,2026-09-08,,192.4,172.62,,,,,,,,,,,,,,,,,,,,,not beaten (26%),,,,,,,,,,,,,,,,,,,,,,,18,0,False,2026-09-09,0.03844765274969397,-0.013126925764616937,-0.022751360636133186,-0.018402696498001747,0.0073769664478993136,-0.037219491531335046,-0.03622920242090444,0.0197229768291598,-0.04735997023390788,0.01490762931759737,0.02149424289794699,-0.0326741479212198,23,0.05157457851431091,0.06119901338582716,-0.02577966294590106,0.0188167950333333,-0.05595217925006424,0.011130767813003442,-0.006586613580349621,0.04758177723881717
wedge_watch,WEC,,,,,,,,103.51,-11%,-6%,,,2026-09-15,,,,,,,,,,forming,0.65,2026-06-01,2026-09-15,,107.47,103.2,,,,,,,,,,,,,,,,,,,,,beaten (79%),,,,,,,,,,,,,,,,,,,,16,,,15,0,False,2026-09-16,-0.029171873546060656,0.01345174713166708,-0.016940734193655594,-0.03291431086565333,0.006614544380866505,-0.03917283071364642,,,,-0.004510135542004523,0.027654154928909103,-0.006012538766828454,18,-0.042623620677727736,-0.012231139352405062,-0.039528855246519834,0.0062585198479930895,,,-0.032164290470913626,0.0015024032248239306
wedge_watch,WM,,,,,,,,214.77,-8%,-4%,,,2026-09-10,,,,,,,,,,forming,0.66,2026-08-04,2026-09-10,,218.92,214.4,,,,,,,,,,,,,,,,,,,,,,,,,,,,,,,,,,,,,,,,,,,,1,0,False,2026-09-11,-0.014932323390911773,-0.0014888258799888865,-0.021910428375786575,-0.03485768135476397,0.011174581931059135,-0.032293272050429415,-0.0255249703350775,0.020639432913830857,-0.021037246372903957,-0.0255249703350775,0.020639432913830857,-0.021037246372903957,21,-0.013443497510922886,0.006978104984874802,-0.046032263285823105,-0.0025644093043345542,-0.04616440324890836,-0.004487723962173545,-0.04616440324890836,-0.004487723962173545
wedge_watch,XEL,,,,,,,,74.16,-9%,-5%,,,2026-09-14,,,,,,,,,,forming,0.66,2026-07-28,2026-09-14,,76.84,74.08,,,,,,,,,,,,,,,,,,,,,,,,,,,,,,,,,,,,,,,,,,,,2,0,False,2026-09-15,-0.024238333818715097,0.019971154187474305,-0.017792800842273845,-0.04278938521335496,0.007864133491525482,-0.044938790147600986,,,,-0.001015530802867537,0.026815981758622875,-0.02371898636676416,19,-0.0442094880061894,-0.006445532976441251,-0.05065351870488044,0.0021494049342460284,,,-0.027831512561490412,0.022703455563896625
wedge_watch,XYL,,,,,,,,108.81,-11%,-12%,,,2026-09-08,,,,,,,,,,forming,0.67,2026-07-23,2026-09-08,,110.91,105.35,,,,,,,,,,,,,,,,,,,,,not beaten (38%),,,,,,,,,,,,,,,,,,,,,,,19,0,False,2026-09-09,-0.0075862681340176374,-0.013126925764616937,-0.022751360636133186,0.0050883807048942575,0.0073769664478993136,-0.037219491531335046,-0.058007187117171566,0.0197229768291598,-0.04735997023390788,-0.04977331331014234,0.02149424289794699,-0.0326741479212198,23,0.005540657630599299,0.015165092502115549,-0.002288585743005056,0.0423078722362293,-0.07773016394633137,-0.010647216883263685,-0.07126755620808933,-0.01709916538892254
wedge_watch,YUM,,,,,,,,145.16,-8%,-6%,,,2026-09-09,,,,,,,,,,forming,0.74,2026-06-22,2026-09-09,,154.83,141.27,,,,,,,,,,,,,,,,,,,,,not beaten (33%),,,,,,,,,,,,,,,,,,,,20,,,20,0,False,2026-09-10,-0.07147740879872733,0.006028761305592045,-0.0069354411702836315,-0.06060192062444558,0.014583907970643573,-0.029416225161514865,-0.021887804480427264,0.023510680623975988,-0.018349281750406937,-0.009439053712921641,0.029647029642454914,-0.015462822043806267,22,-0.07750617010431937,-0.06454196762844369,-0.07518582859508915,-0.031185695462930717,-0.04539848510440325,-0.0035385227300203277,-0.039086083355376555,0.006023768330884626
wedge_watch,ZTS,,,,,,,,71.33,-38%,-28%,,,2026-09-21,,,,,,,,,,forming,0.62,2026-08-27,2026-09-21,,72.17,70.05,,,,,,,,,,,,,,,,,,,,,not beaten (29%) + wedge forming,,,,,,,,,,,,,,,,,,,,4,,,4,0,False,2026-09-22,-0.02333981976695687,-0.012699787757295744,-0.039160277629149615,-0.009030306968112911,0.006537210918276859,-0.02800546228205519,,,,0.039316394410636724,0.005865377124280036,-0.01932150982475168,14,-0.010640032009661127,0.015820457862192744,-0.01556751788638977,0.01897515531394228,,,0.03345101728635669,0.05863790423538841
