symbol,pattern,direction,dir,score,scale,width,signal_idx,entry_idx,signal_date,year,delay_bars,entry,level,target,stop,breakout_vol_ratio,gap_from_level,complete,ret_5,xspy_5,rand_5_0,rand_5_1,rand_5_2,rand_5_3,rand_5_4,rand_5_5,rand_5_6,rand_5_7,rand_5_8,rand_5_9,rand_5_10,rand_5_11,rand_5_12,rand_5_13,rand_5_14,rand_5_15,rand_5_16,rand_5_17,rand_5_18,rand_5_19,xrand_5,ret_20,xspy_20,rand_20_0,rand_20_1,rand_20_2,rand_20_3,rand_20_4,rand_20_5,rand_20_6,rand_20_7,rand_20_8,rand_20_9,rand_20_10,rand_20_11,rand_20_12,rand_20_13,rand_20_14,rand_20_15,rand_20_16,rand_20_17,rand_20_18,rand_20_19,xrand_20,ret_60,xspy_60,rand_60_0,rand_60_1,rand_60_2,rand_60_3,rand_60_4,rand_60_5,rand_60_6,rand_60_7,rand_60_8,rand_60_9,rand_60_10,rand_60_11,rand_60_12,rand_60_13,rand_60_14,rand_60_15,rand_60_16,rand_60_17,rand_60_18,rand_60_19,xrand_60,exit_reason,exit_idx,bars_held,exit_price,trade_ret,mfe_pct,mae_pct,r_multiple,mfe_r,mae_r,reward_risk,group,n_members,g_ret_126,g_dist_ma200,g_beaten,mem_ret_5,mem_hit_5,mem_ret_20,mem_hit_20,mem_ret_60,mem_hit_60,share_beaten
G2019-32,Falling Wedge,bullish,1,0.6087878879001241,8,58,687,688,2019-06-12,2019,0,111.01309324186464,109.99225554525478,121.67624694964108,104.70381047939082,0.9116749645971892,0.0092809961169482,True,0.0161488552383366,0.0035019819984636,-0.056461354345579,0.0203014147361404,0.0131001184783507,0.0241907810570471,-0.0036152425164756,-0.0022180183691008,0.0100561061772423,-0.0026427558932284,-0.0005236343443917,-0.0637140865753256,0.021035329938112,0.0038181839533537,0.0261634587757704,0.0063791395265064,0.0211632785624054,0.0174547086456615,0.0141113111134572,0.0080437644079347,0.0159628984849271,0.015259431742733,0.0117556135605595,-0.0110708031518074,-0.0503440631233855,0.0481220192916258,0.0398700486160543,-0.0569049912916095,0.0359621694339329,0.0527172225255068,-0.0095432227744634,-0.0412642649301161,0.0619097335194263,0.0355722110813108,-0.0556277237873884,-0.0671558318800124,0.0228248337972711,0.0345374056721647,0.0673665926802005,-0.0352618476162716,-0.0638384487285383,0.0874176437399412,-0.0491025746854699,0.058024548899483,0.0308677631045597,-0.0208954674851878,0.0030148700055452,-0.0318835252020306,0.1022360079989208,0.0893036504803403,0.072883006670005,0.0575577573624506,0.0967374710668027,0.0443978875139097,0.1349255539444971,0.0893036504803403,-0.0161353144273084,0.0354566905505941,-0.0131338781252481,-0.0353710185607984,-0.0133630822698643,-0.0437443632028243,-0.0573114404074742,0.1731339308693797,0.0607501833169354,-0.0358763638738849,0.0272231887539473,-0.0013423216600583,-0.0353666898184878,time,747,60,111.34778328690234,0.0030148700055452,0.0333897199409995,0.0547784935031369,0.0530472412852296,0.5874988065484268,0.9638385591277964,1.6900738339385315,32,10,-0.0839702300636402,-0.0644921601477322,True,0.0161289645319482,0.7,-0.0124126623076926,0.3,0.0024058400039246,0.4,0.4
G2019-22,Falling Wedge,bullish,1,0.6393030049956111,3,27,682,683,2019-06-05,2019,1,145.046497487874,140.25368351727138,158.5511176983111,136.59066591043728,1.0322417918527045,0.0341724641407541,True,0.0151285279623727,-0.0028736894480767,0.0424793654626352,0.020890829215302,0.0333906131531427,-0.0019778097557749,0.0220686344757499,-0.0248868059571504,-0.0311700811521614,-0.014075463695706,-0.0512802539757599,0.0315922894401157,-0.0125777505963354,-0.0068284517343324,-0.0072033259441612,0.0406071782492769,0.0062579512826959,0.0390480967563555,-0.0425969101641308,0.0135114640232367,-0.0122728137738024,0.007079451764316,0.0125257176086971,0.0539856362387229,-0.005893480733139,0.0479762805794776,0.0155668205666739,0.0039232342678863,0.0839757970105354,0.0278619911427771,0.0346589701760231,-0.1275443310240962,0.0223472094104244,-0.0211417289321509,0.0712742641296757,-0.0266703765855657,0.0112797788060128,-0.0422252116017518,0.0163685415704075,-0.0242187450542407,0.0363117876021157,0.0040677436717402,-0.0237395748496155,-0.0565787090384353,0.0509122939009822,0.0487653344512791,0.0092659383838917,-0.028550260056587,-0.0347484864152318,0.0969995401440269,0.0765191604408297,0.0513024803056831,-0.0440095169234956,0.0799669550602486,0.0487498978009781,-0.0199118114590252,0.062603068894872,-0.0267677477593236,0.0635387126243032,0.0423398190014983,-0.0267677477593236,0.0497897966928786,0.0723213414283618,0.0235732983142813,0.0575836833113336,0.0732980113669408,0.0192139894288827,-0.0097679756089925,-0.0235253850605945,time,742,60,146.39048939639596,0.0092659383838917,0.0664413529714511,0.0337103240878294,0.1589426062018811,1.1396969592653463,0.578247614482759,1.597077719295212,22,16,0.0535294857106711,0.0394212858136715,False,0.015200544928101,0.75,0.0532746731451692,1.0,0.0079202861871653,0.4375,0.125
G2019-22,Falling Wedge,bullish,1,0.6287284867936535,3,22,735,736,2019-08-20,2019,1,147.13164031920203,144.37933456955614,157.71424433508628,139.32118110381833,0.7186707780098895,0.0190630172791104,True,-0.0317714549680477,-0.0125907032016612,0.0199828630648501,-0.0517547044483881,0.0157666383749184,0.0111388464754296,0.000278978087578,0.0075581053499356,0.002575342874675,-0.0267740164224059,-0.001860218250654,0.0182320540338873,0.0448820370754561,0.0038963279330106,0.0284974058974913,-0.0268041155343349,-0.0068669381482977,-0.0284057242019538,-0.0130252035956197,-0.0603553371169788,0.0294188767292022,-0.0058112817028035,-0.0297999517917976,0.0395942957816459,0.0101220880048631,-0.0565787090384353,0.1173850983899604,-0.01013404330902,-0.0098090512430037,0.0453659328693862,-0.0565787090384353,0.053826927619258,0.0226372317294889,0.0093604652788152,-0.0441273558292045,0.0339708750168461,0.0400928641762141,0.031256724295174,0.0239430225478927,0.0581456520090211,-0.0902214392509679,-0.0301267402745994,0.1040029680839895,-0.006615056077461,-0.0382662760013343,0.0297177766839667,0.1024925824706843,0.0407879970100031,-0.0111834777971479,0.1331560489022758,0.0070147676682517,0.015437476981053,0.0232806161743921,0.0132116452710386,0.0482992483383941,0.0586037237262964,0.0251748915858553,0.1413020763147532,0.1091113454917944,-0.0249638221221383,0.0694233476023393,-0.1167771558936321,0.0197348105071253,-0.0154123226230163,-0.0067039341355404,0.0043504552625333,0.0208236218135398,0.0741120624657376,0.0730928111939891,target,783,48,157.71424433508628,0.0719260928031881,0.0749043532814009,0.0407561416008206,1.3549272487129114,1.4110310368991683,0.7677548530052501,1.3549272487129114,22,16,0.0090374928077048,0.0270899424569377,False,-0.0316766244808772,0.0625,0.039547166388231,0.875,0.1002710326816295,0.875,0.3125
G2019-54,Falling Wedge,bullish,1,0.7052613438213376,3,31,683,684,2019-06-06,2019,2,143.0965095914938,140.61043788587483,156.10161834807013,136.52285883843402,0.982590353858973,0.0176805630008547,True,0.0176304607597246,0.0048649064773145,-0.0455847729090654,0.0147233713877916,0.0323679793879461,-0.0077156786065059,-0.0085718918935707,-0.0153354053347349,-0.0101261325789628,-0.0107479028579967,-0.0049092442366697,0.0111784197281952,-0.0223174671637896,-0.0496540322398062,0.0043478929954701,0.0003861747632225,0.0103102419426759,0.0060283275960497,0.0017608110856062,0.016682106775602,-0.0085425227599079,-0.0393234883887857,0.0238826214250864,0.0800401789078362,0.0311412157520336,0.0488838680798007,0.0483885335639837,0.0403612537766813,-0.038526561695755,0.0021990044012085,-0.0032119061850265,-0.0072862682484505,-0.0316293836667915,-0.0310335081632679,0.0254463061514607,0.0562199873614823,-0.0100905321318423,0.0695494052695131,0.0366303144823478,0.0327143253669672,0.0135263441605113,0.0491821209173544,-0.0257110394201984,0.0556118550293915,0.0025126969197197,0.0633533381093817,0.0238270198577652,-0.003950497566258,0.0543262626888247,-0.0232948722727136,0.054496333027201,0.0613993213562034,0.0169854019097119,0.0667023448896104,0.0112777188780344,0.1065580103105832,0.0204000723838984,0.0411473935433834,0.0895358989010053,0.1898071345405891,0.0451260632027106,-0.0118763668516521,-0.0275021461663849,0.0784294296009604,0.0312840448144458,0.0279487753232403,0.046643607134075,0.2149187757027957,-0.0308886402880608,target,718,35,156.10161834807013,0.0908834799234641,0.0953968234832351,0.0043686191816844,1.9783692874956824,2.076616628927663,0.0950969529895571,1.9783692874956824,54,20,0.1298923015095556,0.0647637650393442,False,0.017405350613116,0.75,0.0798101209040958,0.95,0.0196456713151187,0.7,0.15
G2019-26,Falling Wedge,bullish,1,0.6323545823219523,3,36,682,683,2019-06-05,2019,0,171.55070234331205,167.35143342766133,186.81892660130472,161.287611181886,0.8301248771169507,0.0250925183587737,True,0.030137385288407,0.0121351678779575,-0.0006509285456747,0.0216314816421383,0.0069827773937598,0.0276128029559914,-0.0147097303833477,0.0363006399027618,0.0050220197914943,-0.0028872307359564,-0.0160540103543341,-0.0101215398343913,0.0187253193105958,0.0114800712028011,-0.065037656767838,0.0053816946930065,0.0262705007304566,-0.0084543671715346,0.0097176490849326,0.0041111162968308,0.0184230909666054,-0.0026206553114342,0.0265812330450638,0.1053279603987735,0.0454488434269115,0.021660510236044,-0.0150762703838159,0.0909657829667314,0.0587474150150364,0.1228702253355764,0.0511593964010195,0.0004704963309409,0.0608521030571682,0.050185206366822,-0.0082233844071218,0.0191047509132276,0.1540652701628593,0.039919882564025,0.0290658408854114,-0.072102000292323,0.060904119133978,0.010581638144226,0.0249734062653157,0.0694053017513518,0.0466909634048788,0.0645169277062059,-0.0125013383331253,-0.0503175367736041,-0.0184136076281723,-0.0428496910550083,0.1579100696522728,0.0408158041407831,0.0340554157997834,0.0446400564229205,-0.0707030296449511,0.0766796701243348,0.0680342156874613,0.0595404279967841,0.112243423095625,0.0049378059668934,0.0062593949874125,0.0963035111102588,0.1250953472975982,0.0892052644401919,-0.0314455659399995,0.033756350845409,0.0419657894940115,0.0446400564229205,-0.0561348737939518,target,700,18,186.81892660130472,0.0890012343256834,0.0959671234686737,0.002129068832058,1.4876828060709897,1.6041197699573762,0.0355880355861585,1.4876828060709897,26,6,0.0931026786935849,0.0737874870131836,False,0.0302757179045594,0.8333333333333334,0.105315015830119,1.0,-0.0114429183042272,0.6666666666666666,0.0
G2019-46,Falling Wedge,bullish,1,0.6738882685698454,3,32,742,743,2019-08-29,2019,0,138.77103192635496,136.2671453549048,150.43903917203585,130.96202631883787,1.0700220884316796,0.0183748369053218,True,0.0154093919604278,0.002391894152609,-0.0182168474433838,0.0368886693490118,0.0015360274209805,-0.0008242982665369,0.0068793948799663,0.0303657727027093,0.0160036743753539,-0.0145258652458676,-0.0086817566331577,0.0020401760068093,0.0122191547366705,-0.0282681826181691,0.0054527144083049,0.0078772038989578,0.0219759351337143,0.0111954297662664,0.0198461597471837,-0.0056908130584679,0.0262240248063665,0.0045471883397876,0.0090672038451028,0.0515625985861996,0.0429156951372546,0.0232387841717043,0.0193994341861243,0.0332045249090569,0.0545603874259605,0.0258929653304842,-0.0523967657661932,0.0229102300584254,0.0158635094039196,-0.0444723895711802,0.0175660652660702,0.0385747589582234,0.0132182668269116,0.0108707450778997,-0.0188360910893125,0.0566059025302576,0.0279329594184691,0.0294789125587822,-0.0234462892714955,-0.002956099067975,-0.007269038184675,0.0395655599276267,0.0888377674632565,0.0270610022486377,0.0950887328185858,0.073255833376959,-0.0109947169101929,0.1252856057007945,-0.0798806801205771,0.0675459476720843,-0.0315279598659069,0.0508697920540253,0.0151781754264184,0.0507985239108617,0.0793879514147886,0.0196361000550846,0.0274501533255437,0.1165857948541078,0.1007753531211814,0.0934444160011311,0.0020020128082658,0.0149949661387482,0.1391664374672399,0.0474265066860091,0.0390133201664989,target,788,46,150.43903917203585,0.0840810007946977,0.0908005094027053,0.0156234793792658,1.4941732445996765,1.6135832169364377,0.2776392366338954,1.4941732445996765,46,4,0.0351886768162186,0.007832913298545,False,0.015397355923451,0.75,0.0523514880747905,0.75,0.0888401440919837,0.75,0.5
G2019-37,Falling Wedge,bullish,1,0.7399400965335264,8,111,581,582,2019-01-09,2019,0,178.4749061470832,178.78068407505043,234.4548051127124,160.45258363909477,0.8357722129503262,-0.0017103521532497,True,0.0154539093393422,-0.002964992595974,-0.0428253580470572,0.0313992516024639,0.0122019202478462,0.041476319127095,0.0097810505773694,0.0611931375890353,-0.0162004320539311,-0.0097364491635286,0.0228356564953742,-0.0136158102077431,0.0068592140511156,-0.0137618434250568,-0.0035709688959874,0.0334722446645974,-0.0003645262118942,0.0012097389503942,0.0095690162961221,0.0095225947349548,-0.024895946677834,-0.0586657598648483,0.0126597568499178,0.1004067353893718,0.0462430843657328,0.0492878064362964,0.0409942134995526,-8.478845753612241e-05,0.0820360337708232,0.0286837100692531,0.0662766354979034,-0.0511528608543261,0.0060027573744201,-0.0018058833297491,0.0923709625701632,0.0270065251154756,0.0339657280046739,0.0088748518842534,-0.0292839599757541,0.0350574299811596,0.032448679785332,0.1500706042895121,0.0519134407011117,0.0260774867050943,0.024834266813041,0.0667280533953368,0.2244487136835362,0.0934061826908261,0.003352582633648,0.1674229195858061,-0.061523711065645,0.0026369047741678,0.1616132778633301,0.2635292623355161,0.0258606562613734,0.06586719853699,0.1000853406151256,0.0625643860196287,0.0467446163978455,0.0578985754903671,0.1828077960771414,0.0966972207048311,0.2108165879051386,0.1616132778633301,0.1107603632276443,0.1504946134704277,0.070851496391407,0.110970969938793,0.1248954969321928,time,641,60,218.5333692565859,0.2244487136835362,0.2363900185510113,0.0115560463010082,2.222713698067865,2.340968338364733,0.1144394279976734,3.106142337693491,37,20,-0.0352562682921309,-0.0135563793713223,False,0.0156653389904505,0.75,0.1000188316545273,0.9,0.2211384481433587,1.0,0.5
G2019-37,Falling Wedge,bullish,1,0.6358946897008276,3,33,683,684,2019-06-06,2019,0,213.98279341711515,211.820376512908,236.62349761668207,200.999277847151,1.0724987748674737,0.0102087293951884,True,0.0278887243897627,0.0151231701073526,-0.0431510195339698,-0.0554676512620103,0.0112728112948574,0.0273818618138523,0.0309644856301669,0.0075849679788595,-0.0208930265910373,0.0231023370662653,0.030308975227598,0.0059458218808172,-0.0405065616738612,-0.0018300345851212,0.0065780437100091,0.0005771882087375,0.0008925788220124,0.0206267166177098,0.0061823640222906,0.0166379275729047,0.0040935444441763,0.0043250590343919,0.0261574049058302,0.0583598221944201,0.0094608590386175,-0.0158495657633439,0.0445294623638332,0.0091729848730743,0.0581695400360633,-0.0283824884186191,0.0288371698735809,0.0248144853549017,0.0573436708952419,0.0274429922480154,0.0270213270165082,0.0496459983978241,0.0211357649342722,0.0156051978430262,0.1259715785220463,0.0347388607368961,-0.0145414187448332,0.139961163996541,0.0321133978353715,0.0121788825741253,-0.0022201991762733,0.0259753819245075,0.0553176302299267,0.0275401128059034,0.0322248143452497,0.2263202432284283,0.0910553037373382,0.0625967297625742,-0.1223502491248383,-0.0225274070002887,0.0258606562613734,0.1828077960771414,0.0856699499108084,0.097057809936891,0.1881147550544861,0.1465808387045581,0.0276724400188028,0.0662358953019586,0.0811215453342124,0.1000853406151256,0.0090651730906017,0.0323749821092274,0.2073393474221723,0.0820996344207971,-0.0246526497304042,target,718,35,236.62349761668207,0.1058061904792202,0.1114192137360746,0.0071557982185026,1.7438038316789617,1.8363127049147676,0.1179355224456083,1.7438038316789617,37,20,0.1183983357602915,0.0646372833233774,False,0.0277325752693627,1.0,0.0583261215742133,0.85,0.0532936140778482,0.7,0.2
G2019-47,Falling Wedge,bullish,1,0.7489883274110983,3,26,744,745,2019-09-03,2019,1,124.25140929861944,122.94886671623726,136.97883850960977,119.34882069163528,0.8218701517660313,0.0105941812817877,True,0.0374600374597779,0.0204376338818035,-0.0445319975257773,0.0025098067260835,0.0047764198586581,0.0532890377230015,-0.0062834303178676,-0.0137410634333724,0.028131885817203,0.0142396445260841,-0.0588947086947739,0.000650604836865,0.0226553069917057,-0.0528826100755106,0.0324700737241865,0.0055503542959596,-0.0405443023527577,0.0200441200484475,0.0077243362551608,-0.0020228932804345,-0.0144423815330132,0.0013000622630823,0.0394601241671314,0.0289910114717948,0.0240307830610966,0.0420640762477313,-0.006685314591872,0.0245280383601091,0.0561520060255653,0.0391739652728537,-0.0466706976519821,-0.0143707081271736,0.0794542309951868,-0.0023538966645914,-0.0348299845335171,0.0189675580869563,-0.0962482523496706,0.0566191976418974,0.0112868635093454,0.0289910114717948,0.020184867210593,-0.0159581019608995,-0.0884403957801017,0.0550574681040798,0.0377387238234541,0.0207579787173068,0.1116100988903412,0.0352287596572338,0.1099248023496464,0.0414676825096405,0.0188678370091643,0.0814278604143017,-0.0233262001234879,0.0833352352724414,0.0771438785799958,0.0668260448151416,0.0423002705400239,0.0218763503434411,0.1396622246921444,0.0278623284193118,-0.0602334493163307,0.1104953252038267,0.0177952833021768,0.0764305919950301,-0.0951839350118796,0.068049146728792,-0.0056030455910943,0.0776744580559161,0.0677704643809311,target,789,45,136.97883850960977,0.1024328760762935,0.111365835653669,0.0134085473070714,2.596063066123669,2.8224603647090123,0.3398267799132525,2.596063066123669,47,6,-0.0329894814844611,-0.01655944821446,False,0.0394346009643922,0.8333333333333334,0.0298478331944507,0.6666666666666666,0.1149136458625291,0.8333333333333334,0.5
G2019-8,Falling Wedge,bullish,1,0.7006314875842417,3,42,792,793,2019-11-08,2019,0,169.27960648472208,169.57459529931472,180.75485537687143,165.34494278239112,0.9048365123729584,-0.001739581415907,False,0.0056288068218592,-0.0085860837198612,0.0010539856394373,-0.0063631966621185,-0.0109895990877627,-0.001573423308575,0.0056166405697064,0.0428875548242406,-0.0045149146311358,-0.0145339901498288,0.0081654663264125,0.0004402610029046,-0.0115170027503854,0.0251374001575894,-0.0129410536929626,0.0080465890336212,0.011567130889162,-0.0004162214364324,0.0165527863803147,-0.0207659595373653,0.0148637622889431,-0.019250683113005,0.0040555301847212,0.0130999984650406,-0.0079136172378568,0.0186362605597654,0.0157560364070425,0.0505142983328474,-0.0236528459085597,0.0601581718420671,-0.0100512481016021,0.0231745525509741,0.0126357720718472,-0.0076615168313113,0.0315546904149228,0.0153818454132357,0.0130999984650406,0.0185142923423029,0.0514418590958831,0.0289324567288342,-0.1009064705185638,0.0431903071782131,0.0022668086776633,0.0547851859483929,-0.0178924169548283,-0.0008939034206677,,,,,,,,,,,,,,,,,,,,,,,,time,827,35,172.38608731104364,0.0183511817568049,0.0281520449627825,0.0155548765567162,0.7895162233258266,1.2111751990943536,0.6692118009677527,2.9164497299607173,8,10,0.1080891045367291,0.0557798516883176,False,0.0055004727601805,0.7,0.0130573733314841,0.8,0.084500736963338,0.9,0.0
G2019-38,Falling Wedge,bullish,1,0.692923326839311,3,25,741,742,2019-08-28,2019,0,150.1001298562797,146.9262917280273,166.40092346340168,143.73212464998932,0.7631327225623199,0.0216015669552691,True,0.0408269431700951,0.0199165526589299,-0.0110076509318204,2.836551360996253e-05,0.016198035711632,-0.0163728398237813,-0.0169665344649632,-0.0074877189192087,-0.035634228515937,-0.0284600533968317,0.0232495863532664,-0.0058649753837837,-0.0314148511960197,0.0248537875682965,-0.0218756107631585,-0.0384319170794638,0.0030226337793846,0.0153906559409182,-0.0015844267951129,0.0504981205427617,-0.0134197253278992,0.0151742396875083,0.0448321985451252,0.0579181447638381,0.0351169683253282,0.0686276146664508,0.0428853505155577,0.0142210453459821,0.032407999839582,0.1113296441224143,0.0327018773845797,0.0560206953248885,0.0219186173215137,0.0267869765941033,0.0642287210610899,-0.0225379983315499,0.0338452937208342,0.0094547129159063,0.1053502664352674,0.0298712234239815,0.0053705234476428,-0.0235008263821758,0.053062133747306,-0.0586260932188624,0.0676750199202746,0.0243635048710988,0.1357743356876051,0.0672741645387919,-0.0533581413218874,0.0057566184762396,0.0775425790535291,0.0591225219933728,-0.0348774680586123,-0.1623346399883374,0.0236265786671125,0.1511975919293913,0.0189004343723153,0.042942442366058,0.1666552151066789,0.1263941593692084,-0.0568868293648644,0.1458147736262713,0.0922114438192851,-0.0168028225768812,0.1838748141163462,0.0340161907888008,0.08950011377575,0.1005810203518329,0.0860805058625246,target,783,42,166.40092346340168,0.1085994637228491,0.1147244051726024,0.0178346459196644,2.559795898253963,2.704166776918122,0.4203801004807669,2.559795898253963,38,9,-0.0763005733050435,-0.0421984999597218,False,0.0407535451890503,1.0,0.0575046391028074,1.0,0.1364856547263121,0.8888888888888888,0.6666666666666666
G2019-14,Falling Wedge,bullish,1,0.6588628824291195,3,26,743,744,2019-08-30,2019,1,85.61845656871965,86.26456991162036,98.47074773566726,82.43498735174836,0.7675470637014573,-0.0074899039497056,True,0.0820958334714596,0.0558370272964843,-0.0315931042733292,-0.0007357060100837,-0.031077181553065,0.0455061900499034,0.0235751055091471,0.0204661561140278,0.0113217392654356,0.0072958385633461,-0.0363452245061549,-0.0321478011364286,-0.0175198119525046,0.0076638537901081,-0.024871993054696,0.0154533475464784,-0.0127202468378518,0.0091724671456245,0.0145465349672679,0.0306441217864685,0.0167408796695807,-0.0425130110979206,0.0834527257721919,0.0690497210689318,0.0429962243977624,0.0555935116552048,-0.0240262820382952,-0.0847221419930664,0.0961405146185196,-0.0494947707467018,0.0610443519835124,0.0434694766351235,-0.0921053548523123,-0.1101294968170236,0.0861650119132251,-0.0032652559374749,-0.0318084233381316,-0.0672600264089959,-0.0379318102309875,0.1075960077580764,0.0197410741418684,0.0637568707983271,0.0678579740827054,0.1168608821319598,-0.0041198030815883,0.0583816055552345,0.0557494214975273,-0.0276974454619338,0.1260902674610555,-0.0363921118218769,-0.129604379731145,-0.0796704862753374,-0.0461426585883615,0.1231539458188151,-0.0150933164726164,0.0445066415754733,-0.1103741180649146,-0.0120012471738312,-0.018592489378286,-0.0725647993114765,0.1165698224956852,0.0777124213754536,-0.0399823716559135,-0.0641263805073837,0.2112269578607062,-0.0386066676025624,-0.0574845645548138,0.1723282913180079,0.0482017836591934,target,753,10,98.47074773566726,0.1501112222997387,0.1809367642213669,0.0099049628137802,4.037196621356091,4.8662403916411066,0.2663910252266387,4.037196621356091,14,15,-0.1706479205652312,-0.1133853703077275,True,0.082592431383778,1.0,0.0679137205319067,0.9333333333333332,0.0538976303145062,0.8666666666666667,0.7333333333333333
G2019-50,Falling Wedge,bullish,1,0.606068595767681,3,29,579,580,2019-01-07,2019,1,106.2490397715057,98.2671563859675,132.26920121905027,93.6723809406556,0.9168750431723433,0.081226359641338,True,0.0778562600589596,0.0755979484658537,0.0196938207751637,-0.0100057258796393,0.0263866632861884,0.0139869950845696,-0.0378472902148598,0.0263786076664225,-0.0005300141100954,0.0465680742123015,-0.0094111716550966,-0.0163101910003327,-0.0276648779009396,-0.0343524883379868,-0.0413182101589637,-0.0149332825574023,-0.0240496772608637,-0.0094571361226731,0.1113269646730277,-0.0223923448709687,-0.0011722319156792,0.0048282866672957,0.0778700215399862,0.1334028933505409,0.0700123860867878,-0.0655288173513052,0.0218941664268081,0.0228396082454378,-0.0161320693981984,-0.0143326931824769,0.0277367168946958,0.1979224991981247,-0.0525765342372012,0.0461615424754047,-0.0162917015376464,-0.0096510606849622,-0.0888689691140446,0.0033524812532943,0.0227342826944174,0.0248951106307104,0.0003243781107642,-0.0686851767184111,0.0053599502345764,-0.1261455754697461,0.1192239740288325,0.1316912877255871,0.1752619032924203,0.0550934940750411,0.0205213347409063,0.0520855583596311,-0.0760297624974485,0.048690121223011,-0.0369928473302366,-0.001258972109995,-0.0141767248081678,0.0611840958976366,0.0190514357550382,-0.0083404116410158,-0.0095753631659257,0.131756119669371,0.0365010117341062,0.0167597858459749,-0.002470487360596,-0.1518449950143785,-0.0091907422146029,-0.0735275036261012,-0.1151162527883388,0.0179805607051664,0.1799616052237185,time,639,60,124.87044870485184,0.1752619032924203,0.1947923450239773,0.0076285802198779,1.4806324305839098,1.6456278167353702,0.0644471106422749,2.068924807256287,50,3,-0.2185941436370349,-0.153361811926614,True,0.0769423745252492,1.0,0.1329222171330269,1.0,0.1758265928483532,1.0,1.0
G2019-50,Falling Wedge,bullish,1,0.7455827744488841,3,30,744,745,2019-09-03,2019,2,125.38697208240116,123.294105034651,141.00750175491373,118.79276292697776,0.744730571015165,0.0169745913412644,True,0.0642908238259059,0.0472684202479314,0.0177425907852801,-0.0119026906743908,-0.0068490938833623,0.0319932071564499,-0.0031553132284392,-0.0074601540862176,-0.0126463794135778,0.0405756381226367,0.0356871688767279,-0.0254280477461485,-0.0106557910122586,-0.0195462141797013,0.0222292818469487,-0.0166296524141893,0.0466119781970439,0.033805975668731,0.025368147624716,-0.0240151393518913,-0.0332619167317491,0.0070451788234393,0.0598153851069035,-0.0081328527603329,-0.0130930811710311,-0.0033544988444988,0.0476156244825038,0.1029550820326559,0.0390912871106572,0.0271891770466821,0.0305307981133426,-0.0310432231563666,0.0263710237747658,-0.0096510606849622,0.0029696924402506,0.0054474560152151,0.0565887193843184,-0.0387899034205845,0.0280677391033137,-0.0387899034205845,-0.0278357997626745,-0.0531136659354511,0.0799109022573929,-0.0214146110122767,0.1717945954901869,-0.0278598243110272,0.0386678369062063,-0.037713502326901,0.1080763991720883,-0.0396019730228972,-0.0242933232504435,0.0822984492215879,-0.1764014486889584,0.1217052521235628,0.0037758159864973,0.036290410924944,0.1498757580938374,-0.16802925172788,0.1504602064792888,0.1570633229635742,0.1502570904594173,0.1062495278943156,-0.1526446749679684,0.0476861174112681,0.0388583396419717,-0.0581640701401278,-0.0648881730310498,-0.1083301056894918,0.0206556534135295,stop,765,21,118.79276292697776,-0.0525908636751341,0.074744779085494,0.0584226643208373,-1.0,1.421250267864202,1.1108899956792428,2.3688253290639847,50,3,0.0058409254497326,0.0266186396045808,False,0.0644776650855449,1.0,-0.008452593218522,0.3333333333333333,0.0392350955672438,0.3333333333333333,0.0
G2019-45,Falling Wedge,bullish,1,0.6327387009552697,3,53,658,659,2019-05-01,2019,2,127.07452079251983,126.92857653626852,139.21966905894416,121.50693910763712,1.482590284062235,0.0011498140153618,True,-0.0216433085575402,-0.0074151400900481,-0.0093501074809693,0.0096041952242174,-0.0087300175987864,0.0062930784812369,0.0166284784562142,-0.011119762737888,0.0726679957415885,0.028894029136274,0.0423471852879733,0.010418755550883,-0.0086904642092308,0.0120376243972193,0.0249182407551542,-0.024424079574595,-0.049015109052993,-0.0318764949755127,-0.0656550350218496,-0.0047865845722697,-0.0305785514437404,0.0269452040306819,-0.0219697375772206,-0.0836337463834747,-0.0402642855096673,0.0074654442558927,0.0361172750473095,0.0146996283479152,0.0600372228676426,-0.0228493304382999,-0.0443455972186417,-0.0469741624269527,-0.0514068258749308,-0.0179345927099127,0.0128949777388351,0.0442044288099567,0.0627334215422183,-0.0375124568143636,0.1136897357796735,-0.0457313984476238,0.0267879621077835,0.0128949777388351,-0.1417190101930544,-0.0550197675730097,0.0152126101390266,-0.0807959735173897,0.0320939335486145,-0.008357484847838,-0.031681398304304,0.0198848364250447,-0.1051452993206931,0.0617772051178322,0.0455977799723474,0.0078574115084326,-0.0549314806834202,-0.0486877249883126,-0.0120706198206912,-0.0164328189891364,0.0934234595614509,0.0897792676612732,-0.0835606204188296,0.1334816632069175,0.2096279949825692,-0.014238053668335,0.0088622101616278,-0.0268104933416126,0.0469635693519292,0.1258890993545112,0.0096146341601844,stop,662,4,121.50693910763712,-0.0438135170619541,0.0178683898116675,0.0540826191704854,-1.0,0.4078282459360876,1.2343820536938492,2.181404594278563,45,4,-0.0847845865681079,-0.0785673224673387,True,-0.0220312354527019,0.25,-0.0830368751869555,0.0,0.0318545853074326,0.5,0.5
G2019-25,Falling Wedge,bullish,1,0.7067208752494576,8,110,580,581,2019-01-08,2019,0,252.63315208117777,247.89620935166735,320.2226542790102,212.6441767229385,0.9234443218946448,0.019108572663935,True,0.0265506171892164,0.0157182206365165,0.0024259044133152,0.0165798338235607,-0.0066818623365375,0.0365377437178722,0.0141825829065509,0.0157909365475961,0.0266448530469392,0.0069258978501451,-0.0035655029600267,-0.0094586035744744,-0.0378413976082873,-0.0093306308683487,0.0034387268541045,-0.0024053914070871,0.015795666822066,0.0995509226507249,-0.0094586035744744,0.0060823858361986,0.018273681168877,0.040086720797426,0.0153719239839094,0.1091923955162865,0.0502545521089252,0.0397452806528799,0.0397452806528799,0.0740225668202863,-0.082033901260781,0.0862451947492233,0.074117997006109,0.0061499663723785,0.0479951388138766,-0.0371697670050148,0.0064152852170202,0.0418165593348902,0.0994540775279311,0.0191952039057941,0.0798081528469443,0.060026794475094,-0.0712278484706441,0.1119329362284042,0.1283423269966168,0.0718388022995049,0.0319377784786423,0.0677745042341847,0.2179547038581253,0.098041029577981,0.0802687792228697,0.0518265322403526,0.0870496646210681,0.1616162725952066,-0.2034770380912018,0.0830677085066748,0.0977345895840329,0.0880213855321403,0.0833774563125577,0.1554664470486413,0.1541572060023408,-0.0794774240714971,0.1381480334065536,0.22351413814918,-0.0331929558620176,0.0964859377512905,0.1541684636085738,0.1469124472393783,0.1995350031173244,-0.0200078795342375,0.1346949654891637,time,640,60,307.6957359277756,0.2179547038581253,0.2616029965540083,0.0093231249239102,1.3769441040517405,1.6526952496596958,0.0588994945650377,1.6902034021210917,25,14,-0.0291517044231175,0.0048606003688012,False,0.0267794081118169,0.7857142857142857,0.1096017414473494,0.9285714285714286,0.220616873624881,0.9285714285714286,0.3571428571428571
G2019-25,Falling Wedge,bullish,1,0.6664879510240522,5,71,771,772,2019-10-10,2019,4,308.51132700996294,303.66276237381294,363.64909322466,291.1089232817752,0.8679383270402572,0.0159669384492437,False,-0.0082411663146724,-0.0184002120960329,-0.0434324084833427,0.0121206142801282,0.0382134055846288,0.0196673667925559,-0.0026181609331936,0.0207713832947535,-0.0161408302319699,-0.0440446968550899,0.0066935953565006,0.0304354880086241,-0.0446736497346208,0.0303830579544432,0.0678178735812295,-0.0734419498571952,0.0995509226507249,-0.0457148756350058,-0.0206673126395144,0.0325466065403312,0.0282438279597521,-0.0066818623365375,-0.0126925860795325,-0.011273305761692,-0.0514726740055051,-0.0291934001120248,0.047298413009353,0.0383691007707642,0.1397749170653475,0.0317983496313354,0.0550110134857708,0.0191952039057941,0.0850082342532725,0.0576040376604114,0.1265787112437466,0.0571587504407546,-0.1125979059121619,-0.1125979059121619,0.1080870192440544,-0.1195374925469688,0.0128313650375464,-0.0683712401289039,0.0069206910440444,0.0718640850923828,0.0512447775085971,-0.0345956420007397,,,,,,,,,,,,,,,,,,,,,,,,stop,780,9,291.1089232817752,-0.0564076654716336,0.0294302190703554,0.0633512215403899,-1.0,0.5217414836137004,1.1230959659595925,3.1683994392904977,25,14,-0.0453478157375956,-0.0114032551214156,False,-0.0082250709385232,0.4285714285714285,-0.0124830762955283,0.5,0.0845104452573767,0.7857142857142857,0.5714285714285714
G2019-51,Falling Wedge,bullish,1,0.6660960388313285,3,23,742,743,2019-08-29,2019,0,126.90547798944571,124.90302431672308,133.68472659117288,121.33417886075456,0.8281601994014313,0.0160320671471085,True,0.02103075049882,0.0080132526910012,-0.0205520884034811,-0.0435487460979733,0.028048872284097,-0.0205520884034811,-0.0294125517336388,-0.0097439746119167,-0.0059076020589817,0.0024882788115738,-0.0160047401111183,0.0307823882806579,0.0220555089336542,-0.0456327155610284,-0.0246182662880655,0.0127598534435005,0.0049808262250465,0.0084899227254309,0.0365821591619075,-0.0068125751985653,0.0242078930483455,-0.000513923601712,0.0236759289566075,-0.0011947811429976,-0.0098416845919425,0.0098526422128506,0.0245746112601681,-0.0339693306561073,0.0142770836883308,-0.0321527582187788,0.0397402183466764,0.0068369450655598,-0.0511760483571663,0.0658592505995774,0.0307419320489001,-0.0519558175195139,0.0519823599461857,-0.0759031749236175,0.0179591064142325,0.0103862527962756,0.0565504556487579,0.0468064236004515,0.0331615964355402,0.0348056275173742,0.056570286375194,-0.0139421642570422,0.064280647515412,0.0025038823007932,-0.0490979016866455,0.0534979682927194,0.0592435552755494,-0.0139553467401412,0.035199661377631,0.0307485854813363,0.0101060599364071,0.0494623660607442,0.0703249711499642,0.1021444032992449,0.0259788320465412,0.0442733398991854,0.0690274155969234,0.0897418667870255,0.0561777344542646,-0.1214137810823623,-0.0256844120738534,0.0064943455254264,0.1218082687895893,0.029975155113525,0.0320779931402582,target,792,50,133.68472659117288,0.0534196687891674,0.0602076338447165,0.0272706614087433,1.21681648124318,1.371435705602166,0.621183002603908,1.21681648124318,51,8,0.0688961884632202,0.0468842321204066,False,0.0210223295991494,0.875,-0.0012856413845062,0.5,0.0622742197006424,0.875,0.125
G2019-35,Falling Wedge,bullish,1,0.7106604178932326,3,38,736,737,2019-08-21,2019,0,163.4192152645264,159.26115274261264,177.4984294784931,150.07275560029984,1.8075959566361184,0.0261084542608689,True,0.0096516889127404,0.0244525487118506,-0.0078286835126485,-0.0091084399146383,0.059239535537487,0.0085741113586106,0.0089179026989483,-0.0590159005581757,-0.0038983385844877,0.017794144399597,0.0131587170822646,-0.0591529131010799,-0.0517144208523651,0.0062253023270513,-0.011187317779511,0.0168909772805259,-0.0246367100984765,0.0222987368817295,0.0354169103299113,-0.0366122459436588,-0.0023835035584623,0.0111092662645744,0.0129473323998806,0.0160777649374734,-0.0106930447522988,-0.0354339415429278,-0.0149449541326198,0.0512393426553832,0.0483005375109084,-0.0347894403698458,-0.0635036809655159,-0.0255797291116591,-0.0610590557243203,0.0401209012641408,-0.0884848857309681,-0.0625509525813091,-0.0354339415429278,-0.0512132616569231,-0.0863484949100306,0.1056988028911316,0.0917635973723127,-0.056632047848246,0.1056988028911316,0.0572282610242507,-0.0113580197042113,0.0224418729480857,0.0724953330193907,0.011964414143941,0.1695472972344833,0.0941647263730272,0.1722817087100985,0.1808711234560152,0.0359339749645506,0.2629632801491317,0.1060385196041928,0.1270739166381762,-0.1196841808747291,0.0306325316721152,-0.0821686280475748,0.0430206733981641,0.0517232986890721,0.1790265734500642,0.0520908105654829,0.0330666607947227,-0.0748274778562329,0.0560238881309429,0.0444668088683024,0.1972524729685814,-0.0054795659250386,time,796,60,175.26634569689574,0.0724953330193907,0.0823905053552647,0.0231624768335044,0.8876609026230399,1.008821220693765,0.2836103268539283,1.0549025410614474,35,14,0.1125229554801099,0.089456520579316,False,0.0095732624271302,0.7142857142857143,0.0164056410412607,0.7857142857142857,0.0697161513575557,0.8571428571428571,0.0714285714285714
G2019-9,Falling Wedge,bullish,1,0.6499014526625394,3,29,683,684,2019-06-06,2019,2,149.0803986052491,147.02876822778188,160.953396401929,141.35294987596393,1.1252929125360982,0.0139539384176079,True,0.007840822692348,-0.004924731590062,0.0073131325770354,0.0193067082149402,0.0023498340884857,-0.005849287437824,-0.0106692741636214,-0.0086972561081556,-0.044917357124523,-0.0690896801917657,0.0340033324732906,-0.0014440508383878,-0.0459730629892155,0.0161539421837011,-0.0165007935380429,-0.023694473459653,-0.0227554909662736,0.0100456296874182,-0.0175161936760607,0.0153105362975651,-0.0004272509733038,-0.0141805716310506,0.0167024040711201,0.0542743773927054,0.0053754142369029,0.0666636070691155,-0.0305507330093703,-0.0509804370012074,0.02473297846264,0.0425620003258535,0.0438954645403883,0.0356875467464223,-0.012771340697777,-0.0409776940665653,0.0160162794113907,0.089710336284277,-0.0130105743771526,0.0219054257002198,0.0164396485444606,-0.030050915370628,-0.0194141921870577,0.0232589286260811,-0.098634982973073,0.017184391945167,0.2173347963736711,0.0383243506753626,-0.0036128805394657,-0.031390397963489,-0.0728238782373409,-0.0080192173784542,-0.0071713101594605,-0.0849247953235037,0.0822148239875362,0.2050745170128127,-0.0394969376875404,0.0147951145158995,0.0129867045617695,0.0636723357771915,0.1087937128213885,-0.1441234719218123,0.0445933668098155,0.0501218444380764,-0.032945594261439,0.0373041484013842,0.1450866932224606,0.0201095217933089,0.0677031725749952,0.260226059060888,-0.0397717210398645,target,716,33,160.953396401929,0.079641575336262,0.0887971894420322,0.0090503071849178,1.5364706014397924,1.713103620717077,0.1746014046672702,1.5364706014397924,9,15,-0.0303153998097788,-0.0058834993111288,False,0.007808304140114,0.8666666666666667,0.0541502861504026,1.0,-0.0040557157639761,0.4,0.1333333333333333
G2019-44,Falling Wedge,bullish,1,0.6650757150401577,8,133,581,582,2019-01-09,2019,0,160.33504863142392,160.2837524005505,214.08224915423625,148.80361963710232,0.6625772331449286,0.0003200338780766,True,0.0303265412949509,0.0119076393596346,7.785757646394664e-05,0.0169799211582486,-0.0021891527757146,0.016624943072468,-0.0024634486670056,-0.0018112483575813,0.0298832406694506,0.0224235648012112,0.0139638039046077,0.0044552564990874,0.0291678087866249,-0.0096938511849148,0.0135699025443543,0.0291678087866249,0.0453313906671857,-0.0321641057183733,0.0166684415574125,0.0474218747007342,0.0138713291302685,0.016624943072468,0.0169310272837698,0.0777612779475935,0.0235976269239546,0.0058956513105117,-0.0115449710270255,0.0083523824819924,0.0632843068256769,-0.017848651765889,0.0255368866188783,-0.0098798002917492,0.0948005922245396,0.0264268392060149,0.0143215174383561,0.0212277253415318,0.0148979139827254,0.0628509078433301,0.0241021394845446,-0.0205890341119476,0.0419942820456959,0.0610739262745332,0.0792189757774934,-0.0082443709300848,0.0327151000795213,0.052331662007161,0.2392399049458657,0.1081973739531556,0.0975891256295697,0.0386738454782851,-0.1029705323711076,0.10490217117915,0.0014923374484148,0.0537569605047965,0.0685941948562265,0.1310606802827725,-0.1987294331162983,0.0826248905045672,0.0980338395181896,0.237287666796883,-0.0259382369642477,0.0892937859846678,0.0875872550656187,0.0818950138292025,0.0872307251205228,0.0990613957209742,0.1610197737925811,-0.002746536088572,0.1797539587872559,time,641,60,198.69359042549652,0.2392399049458657,0.2452587614588669,0.0051944415165163,3.3264343745221394,3.4101216306456257,0.0722244427445942,4.660931489868165,44,10,-0.0719923492472819,-0.0463307975296172,False,0.0305343453849489,0.9,0.0785400481348953,0.8,0.2400291283689557,1.0,0.5
G2019-18,Falling Wedge,bullish,1,0.8033870342824859,3,26,682,683,2019-06-05,2019,1,146.19370702747068,140.25197189446516,157.03918655181258,136.968568296205,1.1072073336727049,0.0423647172495833,True,0.0014615489880334,-0.016540668422416,0.0065270376655679,0.0292465227340232,-0.007564399139744,0.0309049392554274,0.0349906994665989,-0.0230473754129796,-0.0114280786655802,0.0200407128583819,0.0261824526242744,-0.0229069029160244,0.0127802623288542,0.0234791988997862,-0.0219061574155031,0.012482930351543,0.0367947107057269,0.0124287880785618,-0.0599567990342011,-0.0206544633304948,0.0315948382435549,0.0047463686773385,-0.0042752153107221,0.0788831799308882,0.0190040629590262,-0.0364499352650916,0.0572181319407456,0.0337714258599233,0.0440172039295174,-0.0046223320125666,0.0334940574143012,0.009488221343062,0.0280305480652158,0.0171702260653388,0.0049970291354688,0.0224393016224575,-0.0117869193144003,0.087713256599915,-0.0886487559534557,-0.1510464811261871,0.0124887415192391,0.0016955277233994,0.0760697868067854,0.0474940889650206,0.0185741621231134,0.0687778156587981,0.0143560628155936,-0.0234601356248851,0.0245980216751011,0.1678062900953583,0.1815422081332223,-0.0908573280132819,0.0111587991587245,-0.0170786537757303,0.1569029348344641,-0.0482588503828363,0.0181190416947842,-0.0690758728156298,0.0197150048973955,0.196511035943026,0.106521237789281,0.0258802831566811,0.1006998392343725,0.1912739160329812,0.0453850007377114,0.0295875598381007,0.1678062900953583,0.1245294010180622,-0.0527822451517636,target,699,17,157.03918655181258,0.0741856797044209,0.0752267331736429,0.0145341459966214,1.1756440569922917,1.1921419623694276,0.2303272334022716,1.1756440569922917,18,11,0.058951122915426,0.042776215223764,False,0.0016155450324673,0.3636363636363636,0.07940726468703,1.0,0.0192630814206172,0.4545454545454545,0.0909090909090909
G2019-30,Falling Wedge,bullish,1,0.6120084138957108,3,19,647,648,2019-04-15,2019,0,76.9002162787628,76.13390705009192,80.9424157424277,73.66845154074329,0.9677182696622512,0.0100652817957533,True,-0.0278230257073461,-0.0344561856962952,0.0257547594548714,0.0410812397176387,0.0149780377934174,0.0354722555553541,0.0015506674354186,0.0401479197628482,0.0326842654869974,0.0316758786663324,-0.0567653465993622,-0.0107563397651946,-0.02658263867492,-0.0618417424044661,-0.0034347454675978,-0.0450317308595754,0.0328199575760554,-0.0282927778378395,0.0469782641134091,-0.0188060235054234,-0.0055657785597144,0.0129768409066923,-0.0307751738470932,0.0057314429492418,0.0316812155770885,0.0732769446775694,0.0586828410089759,0.0705030315585228,0.0970813767833445,-0.1660925956571256,-0.0632632652950374,-0.080372682177856,-0.0911158353778789,0.0662711929064769,0.0514354828078971,0.0901345368500601,-0.0729718852094637,-0.0089251824750807,0.0542607049188186,-0.0729718852094637,-0.0936890516454491,-0.0112888960002327,0.050719984680996,0.1160585620212095,0.0443016991109228,0.0001296890353815,0.1325010647911346,0.0987643148666566,0.0735571906829113,0.1780574870935642,-0.0569000219255916,-0.0605661062555981,-0.0739897838338879,0.1324305313075338,-0.0104726961283029,0.0004329453782232,-0.0006984253422337,0.126219268887578,0.0643699250492304,-0.0781278152753524,-0.1474236336095327,-0.1032573672956103,0.0573508274061429,-0.1211979215802919,0.1017528507973621,0.1051396327160756,-0.0194863554052553,-0.0619936575328934,0.127241221034431,stop,649,2,73.66845154074329,-0.0420254310638656,0.0045155205939174,0.0562811498482999,-1.0,0.1074473355682005,1.3392164797255728,1.2507715726058837,30,4,-0.1250595251411026,-0.09570015760327,True,-0.0279493114485152,0.0,0.0049385463295572,0.5,0.1328862862321613,1.0,0.75
G2019-59,Falling Wedge,bullish,1,0.7251886825813394,3,30,717,718,2019-07-25,2019,1,143.35963710138088,141.8844364167967,159.84934767103238,137.34572943522733,1.2090353703523764,0.0103971987473712,True,-0.0081293628865501,0.0115538883515807,-0.0198618950415182,0.0237023154998499,-0.0168244812106664,0.0331290482227537,0.03361383235094,-0.0120875621509159,-0.0109941427359633,-0.0036575265842853,0.0225698687859043,0.0231945119636205,0.0228900416757469,0.0885011796688961,0.0293135301896101,0.0373428482646427,-0.0023020047031852,-0.0192578188481408,-0.0139545608135575,0.0411814808942148,0.008849007225179,-0.0078189760094068,-0.0210057977187361,-0.0234836496377403,0.0044455988926869,0.04244087999416,-0.028345568743755,-0.0039194485824786,0.0384729027243124,0.025145057600225,-0.2201993828571545,0.0927510408574516,0.035964708623646,0.0452606364611858,0.0526556731785752,-0.0395739498578472,-0.0391477730389678,0.0251309355733639,-0.0649898486253008,0.0556679081348994,-0.0694745268143475,0.0473850726482398,-0.0638437210954963,0.047361720359206,0.0589599484498151,-0.0253687628872269,-0.026730865145224,-0.0220295374100284,0.1382637304238023,-0.113641488197979,-0.1090830625503967,0.1313553852094322,-0.1266117090023971,0.0753926748476232,0.0914812211238254,0.1119020715292109,0.0541277555944366,0.0096787750282687,-0.066692999965002,0.0867874473249235,0.0227397970784284,0.0826479759874156,0.0419936518340604,0.1374833246868196,-0.0223289957054059,-0.028437261072278,-0.095489137508671,0.0492306583452835,-0.050270855895794,stop,724,7,137.34572943522733,-0.041949796942501,0.0180019291252092,0.0637087279920819,-1.0,0.4291303042511464,1.5186897824417387,2.7419294550290574,59,3,-0.0195456056830775,-0.0596863602603133,False,-0.0082174101528094,0.0,-0.0231863988986755,0.3333333333333333,-0.0273079854610246,0.3333333333333333,0.3333333333333333
G2019-29,Falling Wedge,bullish,1,0.6520700803110321,3,29,744,745,2019-09-03,2019,2,128.56919697205123,125.2439208611836,140.88429996567731,122.24960717106096,0.728833747288047,0.0265503993168121,True,0.0372232642226328,0.0202008606446584,-0.007561971286621,0.0073325675254143,0.0054917013818998,0.0485679655469242,-0.0626608126265592,0.0105500706972108,-0.0213052518074612,0.0125447117328953,-0.0123848014881181,-0.0008159569851232,0.0284517753861834,-0.0267755738929069,0.0141140060330844,0.0596875758774619,0.0240642251636509,-0.0012224013732033,0.0068357166689303,-0.0080845953782393,-0.0259092311053164,0.0230412431694131,0.0335252160606569,-0.0164956092862483,-0.0214558376969465,0.058080077336136,0.0191462246106186,-0.0340738822611145,0.0070939219050809,0.0174237539851747,0.0826705727283958,-0.0064255857938149,-0.0016143801915784,0.0130333647725435,0.0222514951596017,0.0096948292796412,-0.0270522224533531,-0.014240946600785,0.0504939888275985,-0.0622555525433825,0.020803600503972,-0.1195293716032132,-0.0369828051897637,0.0168116719519084,0.0753847257427222,-0.0210312832945678,0.1158211306713967,0.0394397914382893,0.1005917712965225,0.1120459850784807,0.0515596162799023,-0.0162736912002523,0.037539195861227,0.0044667810921237,-0.0353123639707738,0.1364455614049493,0.0037389622182666,-0.0257258859890371,0.0138068764585495,-0.0244265982557541,-0.032215216767812,-0.0583080920732416,0.117271207275446,-0.0368630326184705,0.1368289486072262,0.0944620984220585,0.1164155945231644,-0.0367051498500018,0.082854002281768,target,797,53,140.88429996567731,0.0957857969378401,0.1061960091816615,0.0428449027354435,1.9487187272339024,2.160509788148487,0.8716601729717415,1.9487187272339024,29,7,0.0374587884934536,0.0124136837001134,False,0.0370814899413912,1.0,-0.0170340615720479,0.2857142857142857,0.1157289279976714,0.8571428571428571,0.2857142857142857
G2019-53,Falling Wedge,bullish,1,0.7137902081767581,3,61,799,800,2019-11-19,2019,0,184.25019835330087,183.74947909432225,194.9816023745217,178.88781070209234,0.7087964762543426,0.0027250104949774,False,0.0132510831048997,0.0042557361063007,0.0017322640782666,-0.055130855699477,0.0052663929587535,0.0095266359878083,0.0050613713795868,0.0101426439074143,-0.055130855699477,8.495366736971377e-06,-0.0008675075677723,0.0049339131033703,-0.0318874940202236,0.0036132338161312,0.0085082772443887,0.0019417531326366,-0.0016961140270732,0.0057648130227265,8.495366736971377e-06,-0.0265056368063005,0.0134920656383488,0.0133896083438973,0.0176425081285757,0.0215677771845215,-0.0051286585334866,0.0041341421535789,-0.0077823981774856,0.0093057176859108,0.0467205720139012,0.0171024684302563,0.102282185066244,-0.0116770049193777,0.0681981488489824,0.0097953233385787,0.0198202788191175,0.0793733225664587,0.03647716291863,-0.0232671943350001,-0.0805810851789773,-0.0065462335249633,-0.0199177452048103,0.0656090106016604,-0.0294242547079476,0.0386883303061247,-0.0165396074440217,0.0064792202216784,,,,,,,,,,,,,,,,,,,,,,,,time,827,28,188.5360174297969,0.0232608654688011,0.0345646126508925,0.0112150838613339,0.7992370852805021,1.1876308001523657,0.3853472670022231,2.00123615061703,53,9,0.0740539515264948,0.0510386220209482,False,0.0132804372671969,0.7777777777777778,0.0216160237274944,0.7777777777777778,0.0894883835542824,0.8888888888888888,0.0
G2019-28,Falling Wedge,bullish,1,0.6681904377106325,8,73,774,775,2019-10-15,2019,0,167.52102473119552,163.15468171773136,193.11480089499616,152.1442704779284,1.8073410899450344,0.0267619841949631,False,0.0572520541114272,0.0551071542688592,0.0145688296037154,0.0258192825840526,0.0237196927347826,0.0025113536535439,-0.0023743905833574,0.0589692419687279,0.0380127463198822,-0.014974599757053,0.0044922636549344,-0.0069881680563331,0.0576402562321043,0.0268268448164763,0.0333464144522333,0.0143687450072071,-0.0011527071134412,-0.0094637871000905,0.0073757509655976,0.0060533155505553,3.361546423930051e-05,0.0246444486375621,0.0420805966596602,0.143302471606783,0.1076754365600707,0.0354538288201642,0.1628609039263397,0.0742391787688105,0.0429689360924836,0.0192752825368096,-0.1046106959257114,0.0624626293883792,0.0396286130827769,0.0081539077608225,0.0253922118006537,-0.0903663718660896,0.0609218466397982,-0.0263451392440159,0.0213650421287612,0.0395818860545647,0.0975029771300346,-0.0061592138262319,0.0245428651239054,0.0640916192500462,0.1337284024126028,0.1090680361040377,,,,,,,,,,,,,,,,,,,,,,,,target,795,21,193.11480089499616,0.1527794866636498,0.1543998334585226,0.0094784717154908,1.664445938476429,1.6820986986770627,0.1032625785982959,1.664445938476429,28,4,0.0924097939840007,-0.0289166897975742,False,0.0571277554890763,1.0,0.1434043002040812,1.0,0.2856340932871106,1.0,0.0
G2019-15,Falling Wedge,bullish,1,0.7385834353645134,3,32,744,745,2019-09-03,2019,2,210.12365847945648,206.2425134835925,244.8152491275056,201.9694248530465,1.1020565834784095,0.0188183557808161,True,0.0496617343244585,0.032639330746484,0.0049193664966342,0.0384246569377737,-0.0437551570173601,0.0827927434047548,0.0368071385140185,0.018970369041257,0.0224315412785738,-0.0205546526631296,0.0180621255388206,0.0195303867583385,0.0150748288017417,-0.0032789819752896,0.0189266442824831,0.0135504004280033,-0.0234437617739765,-0.0140558419411037,-0.0135762554221874,0.0539433528854904,0.0825609064434365,-0.0078478447899065,0.0346876360630398,0.0001962536104915,-0.0047639748002066,0.0065032352984408,0.0400320339275617,0.1537238719524523,-0.0592665949322424,0.1526964444051068,0.0869240588770725,-0.0601867183131299,0.0389433810731794,-0.0567891425334059,0.0334372664198987,0.0482862641896111,0.0378042721520766,-0.0117318716193612,0.0658608835256839,0.0632886983250782,-0.0279134222153549,0.0825495895747112,0.0020883405237008,0.0062761963143942,0.0878253643929538,-0.0343213539564298,0.1145499512900016,0.0381686120568942,0.1653844057084319,0.058920951771656,0.1494050703598874,0.041349790747075,-0.012668385387749,0.0853701403890361,0.0906868497988164,0.023673080796184,0.0868008714786237,0.2514166787110949,0.1526515209542929,0.1429125293685802,0.1091769723083297,-0.0125168801522401,0.0350224282169469,0.133547026597526,0.1059952551803256,0.0729803971888438,0.1603831832303346,0.2463625014675252,0.0102072318533255,time,804,60,234.1933133231552,0.1145499512900016,0.1353619225218654,0.0387006567448717,2.9517985314697914,3.4880951027680203,0.9972639923453188,4.254426870440603,15,3,-0.0452859999414312,-0.042788157135816,False,0.0495629963808931,1.0,1.524309217319312e-05,0.6666666666666666,0.1139528827648594,1.0,0.0
G2019-33,Falling Wedge,bullish,1,0.7124184688194336,8,110,581,582,2019-01-09,2019,0,157.92022123051768,161.09076352647176,204.5819873622835,142.88682180378203,1.011522358241565,-0.0196817137528376,True,0.0007301068719287,-0.0176887950633874,-0.0005530973619207,-0.0063659037247961,-0.0574606700934261,0.0338000830677549,0.0068890397345686,0.0990239766650795,-0.032637630734622,0.0170341240508751,0.015617513584256,-0.0321941162918697,0.0081224188338717,0.0093509434610139,0.0027055032136349,-0.0326472863493076,-0.015990543721931,0.0462294000370189,0.0066135567733389,-0.0081202829349613,-0.0287157851040837,-0.0178662476289391,8.835709815101516e-05,0.092359371253466,0.038195720229827,0.0339788567599441,0.0352197089980887,0.0567296515531081,0.0353034361879656,-0.025513037838588,-0.0035519538807886,0.178657265032162,0.007880055337976,0.0076204087384126,0.0389204918989514,3.619794703890733e-05,-0.0148303053024401,0.0889902264557125,-0.0284629705998746,-0.0677121493461234,-0.0725502284822824,0.0472606884534365,-0.0526660605883028,-0.0588103634433733,0.0612599012235277,0.0789713802982385,0.1566915926898944,0.0256490616971842,0.0370293169075368,0.0483495769755029,-0.0263706045767512,0.0973515128564361,0.1190638942265658,0.1294894827292791,-0.0034534740913768,0.0442217314747452,-0.0073386928341746,-0.1285234964562578,0.1990893042076864,-0.0503574804008088,0.142456160219448,0.2000487353907674,0.0697636471342151,0.0434779232380286,0.1634424658288829,-0.000526095659917,0.1266265673162601,0.1955548399959041,0.0867218269657957,time,641,60,182.664992213068,0.1566915926898944,0.1735040223288224,0.0275936167793868,1.6459863986946146,1.822594664904869,0.2898605925816939,3.1038732363341417,33,5,-0.0287752235157243,-0.0035408114503794,False,0.0012095464818925,0.4,0.0901517663537614,0.8,0.1531329940791051,0.8,0.4
G2019-33,Falling Wedge,bullish,1,0.7671564862916931,3,29,635,636,2019-03-28,2019,0,181.0794220793045,172.20188447925432,187.74781162462324,166.78528082044076,2.4946625825165145,0.0515530804258979,True,0.0107395755111698,-0.0062224956978951,-0.0011295748759697,0.008008582201451,0.0458992003436162,0.007759701095469,-0.0009068785349449,0.0210964043561934,0.0287327543580642,0.0066914125207948,-0.0009068785349449,0.0091304991358127,-0.0101255511623676,0.029515813026532,0.0057799977865136,0.0283562031428499,-0.018268519623107,0.0485721050963794,-0.0003492269952063,0.0258177679690556,-0.0298417885847126,-0.0455861767475811,0.0028272832124749,0.025999387989513,-0.0130239951087509,0.0667098383057804,0.0556761453020018,-0.0489217941012959,0.0026166496895971,-0.1158079516045117,-0.0100589278429131,-0.016925775871623,0.0056638832778213,0.0387153271925635,0.049697528737322,0.0158204027474229,0.0383863814509506,0.0008806323373322,0.017283901303061,-0.0237403107610137,0.0822194753169263,0.0661066683364919,0.0850594578587125,0.0951078154421014,0.002543012450801,0.0056477700111366,0.0275143402852142,-0.0173814350877679,0.0105630715911022,0.0235743908484571,0.0088101364743966,0.1921427772563233,0.0719087644131286,-0.0108656564031236,0.0441974734118673,-0.01204182918267,0.1824167360595867,-0.109151740627261,0.2045344281279535,-0.0673093733299103,-0.0475094268662342,0.1232770901658,0.2004340918299132,-0.0681965840178148,-0.0853039474906501,0.0377855904850894,0.0165747896970809,-0.0295803319060986,-0.0067986822416325,target,656,21,187.74781162462324,0.0368257721874012,0.0380562498568605,0.0145539948648044,0.4665120782393072,0.4820998761511966,0.1843712701124834,0.4665120782393072,33,5,-0.0053785711555354,0.0684922841502042,False,0.0108682259289636,0.6,0.0258495259665787,0.8,0.0275132000197372,0.6,0.2
G2019-58,Falling Wedge,bullish,1,0.6230640984446748,3,32,580,581,2019-01-08,2019,2,144.5362987214335,144.32957604500336,193.12502570905417,136.1554369718355,1.0684672183256518,0.0014322960137129,True,0.0189446906795387,0.0081122941268387,-0.0260744161849063,0.007457407481177,0.0115455305134661,0.0204014800236567,0.0237782284186141,-0.0138503050231146,0.0232142149397576,-0.0177531753534565,0.0036938507765429,0.013394456035211,-0.0597706076166933,-0.0399697463197634,-0.0115716431144906,-0.0087116821239312,-0.000578980650721,-0.0186839316729314,-0.0254974010487037,-0.0151439202210927,0.0320580097241152,0.0285320614071649,0.0226212191800437,0.1288995759982063,0.069961732590845,0.0723944015070086,-0.0069665805788892,-0.0722555128971581,-0.0077454595180272,0.0266733134653271,0.0019822429258578,0.0481528001484179,-0.0016846575998971,0.0253676699671554,-0.0503540011677532,0.0832603229991235,0.0973679264435625,0.0451696322033461,0.0481528001484179,0.0692440503882771,0.1060976422153736,0.0304573177117746,0.0832603229991235,-0.1025766751685188,-0.0276415021745399,0.1054817732973072,0.1290156392380643,0.00910196495792,0.0473119926535059,0.2762416418410032,0.1337381809939486,-0.1534989652177414,0.0087450453516917,0.157901138526922,0.1441464822388658,0.1788662994696024,-0.0210615467004923,0.0102782019067981,-0.0229383323760983,0.0865979059842014,0.1144215021287946,-0.0402985637887706,-0.0133135653938027,0.0016076817050991,-0.0173005772327794,0.2708033035032313,-0.1459064100437026,0.0391478823857638,0.0762411743412623,time,640,60,163.18374169408307,0.1290156392380643,0.1454525568465854,0.0299206181568053,2.2250030521675246,2.508474048886776,0.5160108271741155,5.797581255883549,58,3,-0.0007637198298811,-0.066393976574005,False,0.0189000933093594,0.6666666666666666,0.1290101298264502,1.0,0.1283945496145495,1.0,0.3333333333333333
G2019-58,Falling Wedge,bullish,1,0.6492537017640162,3,33,636,637,2019-03-29,2019,1,154.13983930596967,148.60349094361464,169.41772383864134,143.9281818625617,0.8105676955216037,0.0372558432322138,True,0.0634090182592141,0.0498163337298807,0.0160430411820438,0.0012549273331872,0.0204014800236567,0.0266078780118084,-0.0150359734466418,0.0215147422362462,0.0559176726426866,-0.0077428776275808,0.0046358756310671,-0.0101958354312752,0.014169391568479,0.0575611180152839,0.0287402138940751,0.0191600605138335,0.0215617215150203,-0.0622111732058073,0.0341351398957014,0.064140618658119,0.0180688785274549,0.0186729794496967,0.0470390242898614,0.0871042947422795,0.0548950913320569,0.0470025994650133,-0.067113815871407,0.0319459169142346,-0.0099038587803357,0.0185578730999564,-0.0392396603356856,-0.0545928242195316,-0.1174157222463648,-0.0781941153921067,0.0142140955420904,0.0208392183466352,0.1776500547945811,-0.0556099630105531,0.043332798854041,0.0036399858610998,-0.0069665805788892,-0.0187127993956159,0.1047580772264042,0.0589287835315455,-0.00834543565226,0.0838655633346369,0.0422345436434625,0.0159819104845875,-0.0422179869659236,-0.0842970144313198,0.288795070607897,0.2708033035032313,-0.0076416752564166,0.0172591004699269,-0.1449656367126601,0.0694864667725148,-0.019160590751469,-0.0526858988441233,0.0711154172135561,0.06101976850972,0.0298572563243755,0.0165046667146715,-0.0702608887819382,0.0473452310046571,-0.021710624735369,0.0482857889587893,0.030899543546017,0.1557485611288738,0.009025550729712,target,657,21,169.41772383864134,0.0991170394458818,0.0995151776836182,0.006224851224229,1.4961219192222457,1.502131615917064,0.093961002190259,1.4961219192222457,58,3,-0.1122666069063138,-0.0322259030142695,True,0.0637980013340867,1.0,0.0870287251539364,1.0,0.0418321668799698,0.6666666666666666,1.0
G2019-2,Falling Wedge,bullish,1,0.6323988833906837,3,25,785,786,2019-10-30,2019,1,110.18686862183154,108.82167696428502,115.7700300009876,106.99188153442702,1.1256255314045138,0.0125452179715497,False,0.0151329485002522,0.0053669978735504,0.0153256800329373,0.0007738503054675,0.0172933141594777,2.199830949334292e-05,0.0155348779904798,-0.0347883018567889,0.0180174207535057,-0.0037197973600844,0.0122079624351598,0.0147073570028615,0.0081060030652371,0.0134247642862954,0.0091825226695971,-0.0081099988906906,0.013649212305302,0.0466264464353871,-0.0250952663713095,-0.0309282679483338,-0.0537751274991122,-0.000434621764928,0.0137319470972545,0.0443013248334849,0.0069815655068867,0.0427894809178326,-0.0035595895291451,0.0633363609923201,-0.0059180507569835,-0.0031781861621676,0.016567177643459,-0.0477628163218707,0.0067533164375581,0.0609414938261509,-0.0022690417363101,0.0193251072729392,0.0295041978356396,-0.0304700747529248,-0.0565439160900623,0.0459103799355424,0.0138697189630767,-0.078599927682965,-0.0234233062293757,0.0358821483714599,-0.0573242984586249,0.0430098161097074,,,,,,,,,,,,,,,,,,,,,,,,target,805,20,115.7700300009876,0.0506699341671812,0.0524656678291675,0.0151113153501065,1.7474754127070986,1.809405637675182,0.5211503125472389,1.7474754127070986,2,8,0.0330894667328753,0.0242574484097077,False,0.0148832214270815,0.625,0.0427754304756056,1.0,0.0477417230625318,1.0,0.25
G2019-31,Falling Wedge,bullish,1,0.7057518446559342,3,52,689,690,2019-06-14,2019,0,123.08222721140532,121.5197671199166,148.71222280750726,115.01572102191,0.7570877333003513,0.0128576619962319,True,0.0741127879369938,0.0536995209606065,-0.0138160894605254,0.0048013243821403,0.0075753062346102,-0.0141083524285137,0.0066860552890513,0.020183206261011,-0.0107692748243019,-0.0509226657947092,-0.0138809233634306,-0.0081795243302307,-0.0339546938842081,0.0106626650992676,0.001699736199473,0.0392478356567784,-0.0116611393120305,0.002078544890065,0.0191686589484103,0.0053746039616309,0.0353640702958764,0.001699736199473,0.0742503339360019,0.0170272231221471,-0.0268137962267271,-0.0323249579836658,-0.1264964252846149,0.0154823519219753,0.0668002039394077,-0.0428245426099437,0.0476502146140509,0.0789037169684603,0.0048153711141978,0.0623265214630288,-0.0021165215759596,0.044220279514302,0.1642683102130475,0.0433139995004356,-0.0088706656082485,-0.0129365904938356,0.0876595690217378,0.0099392169545864,-0.0748656891331825,0.0654312583589928,-0.0632872488838638,0.0006728045216016,0.0274786866822402,-0.0072688632060655,-0.1740496625619242,0.2491512758402005,0.1703115997768718,-0.0840382410611166,0.084019398814046,-0.1657125427827056,0.0850875238807793,-0.0753389139937001,0.2239407890941616,0.210838708783462,-0.058377349785963,0.2601083255279874,0.1252397726530292,0.1414045012071274,0.1944696338666895,-0.0587642751003771,0.2187060031272498,0.0220657366572536,0.2052132415498293,-0.1653963657445889,-0.0429652713051753,time,749,60,126.46436516909982,0.0274786866822402,0.0916947510246459,0.0080137234386106,0.41928164167269,1.3991180214311376,0.1222768452548787,3.17733539081379,31,4,-0.0438763994835524,-0.0748721742559743,False,0.0740881407005055,1.0,0.0163133625917648,0.75,0.0265227707451489,0.25,0.5
G2019-48,Falling Wedge,bullish,1,0.7005370528411087,3,37,637,638,2019-04-01,2019,0,123.12887263741952,118.71498818472418,126.52952799195396,112.48955880724122,1.9445681638146344,0.0371805154529201,True,0.063704733086743,0.0540902920667052,0.0215070094737579,0.0179115298646437,0.0207125453645287,0.0791470820306341,0.0084258045143552,0.0168679670752771,0.0227359103272186,0.0290314448857067,0.0233601526170446,0.0111790346746249,0.0169652348233819,-0.0308933024647993,-0.015897227263986,-0.0050243020937378,-0.0238861522899677,0.0233601526170446,0.0005752551210864,0.0081784427029563,0.0090628888188344,-0.0024962617309511,0.0521635726333603,0.0565854967346866,0.0286868175008323,-0.1040243267529036,0.0656707712139796,-0.0877806803236684,0.0734221966718533,-0.0649895729963818,-0.0098553497623329,0.0904008021127182,-0.0492568708099148,-0.0012349484950224,0.0309650182370104,0.0904083223295215,-0.0408076555862604,0.0536856815539343,-0.0812416157964743,0.0231291767844934,-0.0335092860508779,-0.0625482813717401,0.0185187463429779,0.002918213109714,0.0006780064188049,0.060858079393215,-0.0213176045218046,-0.0417443560604084,0.0823346529663784,0.1821452121501474,-0.0948604884678507,-0.0050831707769728,0.0419263836438323,0.0554416198970666,0.1935521722156481,-0.0814379971946317,0.1124928082034864,0.147360644376691,-0.0145240571751296,0.0333295883807938,0.1698404028126467,0.0114774494453568,0.07569444329157,-0.1436097886821761,0.0028375739829193,-0.0291512302889136,0.1745973558038218,-0.0044064469694377,-0.0668154609025669,target,638,1,126.52952799195396,0.0276186671874145,0.0279972926617132,0.010748467118773,0.3196310785464858,0.3240129144943994,0.1243921046074379,0.3196310785464858,48,3,0.0307568847120183,0.0239375875376353,False,0.0640486192663997,1.0,0.0566920518165247,0.6666666666666666,-0.0228064538749062,0.3333333333333333,0.0
G2019-48,Falling Wedge,bullish,1,0.7045770905631032,3,30,683,684,2019-06-06,2019,2,111.67069150365232,110.4438060956952,141.76973876569173,102.7584511892794,1.3974387018591932,0.0111086846001491,True,0.0517307760851599,0.0389652218027498,-0.072399958257765,-0.0320897822012146,0.006629895142806,-0.0801168380393663,0.0263381725083833,0.0328869256328687,-0.0626348438973565,0.0697108778555042,-0.0138282812326206,-0.0076334365525225,0.0302136720083321,0.005005997422784,-0.0032283614505507,0.0335025466460134,0.0247655862664475,0.0065254608445461,0.0081338505901087,-0.0192803179192427,-0.0093256358874106,0.005005997422784,0.0543216997400335,0.1504703184959093,0.1015713553401067,-0.0795798494072126,-0.1676629831260458,0.1082973308269115,-0.0237894162018751,-0.0407403877915354,0.0890669410534645,0.0642175435677936,0.2207193626230901,-0.0027904567324599,-0.1146591982429333,-6.521981773044416e-05,-0.0801010852315468,0.0714484095580756,-0.0181495674436897,0.0980519281963576,-0.006819415081305,-0.0427828531279578,0.0401985607455079,-0.0780870362287837,0.0011442299547874,0.1485744765912637,0.0333295883807938,0.0055520709567704,-0.0414343604574135,0.0241269122392246,0.1931865274212558,0.049178329316881,0.1090507068353598,-0.0119285541164132,0.0932671790027381,0.0974148495779931,0.0427941474819293,0.2042300574845905,0.0230629966028339,0.1966724496711178,-0.1137081796322969,-0.0558309520803017,-0.0901484005246424,-0.0288422447826808,0.1320230549312213,0.1420722800118048,-0.1318493596297103,-0.0622710640736299,-0.0052237303831992,time,743,60,115.39262968566766,0.0333295883807938,0.2176848108165072,0.0240945507378,0.4176209404960645,2.7275985045553157,0.3019055868613322,3.377270607649377,48,3,-0.0455975449350771,-0.0443956867334123,False,0.0515900412187292,1.0,0.1502721277723763,1.0,0.031193003847108,1.0,0.0
G2019-13,Falling Wedge,bullish,1,0.7043824875800816,5,30,746,747,2019-09-05,2019,4,143.7613396643204,131.47934568757285,166.5665693451341,128.1597738638593,1.1565851359665082,0.0934138659765813,True,0.0387439951477037,0.0282804049441427,-0.0632387349333034,-0.0318842966440897,0.0644681837172171,-0.0295059141981429,-0.0219677545122686,0.0481148864212905,0.0025132644877774,0.0719926071500329,0.0568495572595404,-0.0029244960168601,-0.0011712218690302,0.0336856974893229,0.0024313240757019,-0.0126880417258397,0.0106081241273374,0.0499998939178831,-0.0138552338397527,0.0073506995300178,-0.0036967458675264,0.0024955329079447,0.0302651285738411,0.0702430007008212,0.0917372194149346,0.1117336521621039,0.0628269241356433,0.00727575001113,0.0118551394649852,-0.0993771397524674,-0.0993771397524674,0.0008119875289398,0.0988017265385858,0.0607898269474318,0.0425926661977518,0.0482269081950421,-0.0089885151933962,-0.1086954433116967,-0.0296609674101817,0.0540652056232222,0.0212482060876963,-0.0840531349418213,-0.0692266127231455,-0.0586833753160888,0.0453542229744581,0.0698670063275349,0.1911229798464977,0.1321250543573233,0.3002287354045667,0.034963963634365,-0.0584544247093039,0.2722216160971442,0.2716326960232182,0.2506647712092036,-0.0355083275141457,0.0896635004990953,0.2789568878301525,0.125628985954332,-0.2665902705988879,0.0169713167342431,0.024074575146431,0.2318196879824909,0.0159967471199229,-0.1688147969909799,-0.3030990673582125,0.0658321205856415,0.0810662971898432,0.2584275476166118,0.1168388517537111,target,774,28,166.5665693451341,0.1586325623708253,0.1600637173195609,0.0113635728355514,1.46172698128413,1.4749144238350167,0.104710160191977,1.46172698128413,13,3,-0.0173522536179366,-0.0024144235607259,False,0.0390593766576457,1.0,0.0705046664554732,0.6666666666666666,0.1887361549600958,1.0,0.3333333333333333
G2020-17,Falling Wedge,bullish,1,0.6535045866610428,3,25,887,888,2020-07-14,2020,0,110.98614680990352,106.48779944939344,119.83354606759752,99.84480067409696,1.6831792821377891,0.0422428426896721,True,0.0156235327846718,0.0075592379227762,-0.0132303240766182,-0.0107390587435587,0.0535353161052594,0.0062632344151942,-0.0180178301304924,-0.0514217232555019,0.0058386637009846,0.0041303609183682,-0.0120792602314169,-0.0078304929476598,0.0278433219062272,0.0436429485907168,0.0008187352545607,0.0027905736021911,0.0109734752831325,0.0481975585095175,0.0056979095570435,0.0240130414534309,0.0196828836884941,0.0002236027737305,0.0086068859659916,0.1089282520903063,0.0767024907514823,0.042890857866491,0.0120735274282333,0.0419138103919352,0.0428445514896964,-0.031235993548072,0.0353967876835734,0.0111396114823019,0.0251673503454379,0.0184564930198081,0.0412801110508007,-0.0103927775941562,-0.0241702093209368,-0.0976551162347701,0.030361504999691,0.0593823781816886,0.0248612335229636,-0.0736998149626466,-0.0016798663293728,0.068108251607506,0.0226209265276338,0.097045071209916,0.1238798221925121,0.0627339350087841,0.0093140823810222,-0.0490666545736157,0.0106699922179571,-0.0042183336270216,0.1181958165533836,0.0148904082434968,0.0449950061375394,0.0386987562721796,0.1479189684792761,0.0704769309369568,0.0019952342103586,0.1282950801077458,0.2220733341311997,0.0563409787304829,0.1151505652137943,-0.003332714767237,0.0367993372539237,0.1324110053855796,-0.2085529657330923,0.0882790777493935,0.0753131269273459,target,904,17,119.83354606759752,0.0797162484868294,0.0854178934855787,0.0057612234651026,0.7941050524639792,0.8509028218874964,0.0573912690179839,0.7941050524639792,17,14,-0.1333188120260083,-0.0123205224599395,True,0.0151358967571817,0.7857142857142857,0.1081166966962077,0.8571428571428571,0.1257948790395915,0.7857142857142857,0.7142857142857143
G2020-2,Falling Wedge,bullish,1,0.7660139237983803,3,19,850,851,2020-05-20,2020,2,209.7318973177279,213.34527163231564,243.9597531522561,205.2901348382701,1.1219188243377731,-0.0169367443062675,True,0.1035429078548937,0.0827203926988,0.0770080000291766,-0.0163664291974752,-0.0024453898407726,0.0264228167411715,0.0047226564793714,0.0123761220011255,-0.0380276210086605,-0.0506734713992677,0.019036399569128,-0.0280858093910628,0.0015041473441388,-0.0161446611095111,0.0230974925858902,0.0224749414385798,0.0113682461222599,0.0264731295502831,0.0295739687885667,-0.0092938434891541,0.0144686801199915,0.0593115190024755,0.0952028631380809,0.0846889394748202,0.034182177300519,-0.0026369258787303,-0.0240181318010087,-0.0307765871963741,0.0583040659483742,-0.0356095495010153,0.0093945270611965,-0.0310074634202128,0.1314453715303651,0.0380621985131661,-0.0020646530040899,-0.058823963365576,0.0033415924830804,-0.0088273478967616,0.0531076014482028,-0.0791403828871691,0.0297255227802426,-0.0316344869679882,0.0830088479745563,0.0504717337035085,0.0177947669289655,0.0761831026521836,0.1245080229462036,-0.0154298649947954,0.0210682576244602,-0.0188356508636565,0.1017424841902083,-0.0090137322424865,0.0805723349318898,0.0817392697447976,0.0656035400131163,-0.0437706371633183,0.0528301328621463,0.1593785422606448,0.1309968626719353,0.031768726751473,0.3224796580090985,0.0610522604908592,0.0190849533138515,0.0800795800115383,0.0528301328621463,0.0902630527322563,-0.0833035310932432,-0.067160158364115,0.0680377190090235,target,898,48,243.9597531522561,0.1631981413999015,0.1796930346845297,0.0142013588432029,7.705917638060233,8.4847763187389,0.6705621807671311,7.705917638060233,2,5,0.1562885191734129,0.0766350638321333,False,0.1034557821059711,1.0,0.0839459548612204,1.0,0.1221779964893595,1.0,0.0
G2020-2,Falling Wedge,bullish,1,0.719187557482474,3,33,997,998,2020-12-17,2020,0,218.31360354712845,214.1400741967659,248.4730719476754,210.3253739319221,1.1566210099209504,0.019489716560608,False,-0.0061478610691747,-0.0008375031193057,0.0132549971695683,0.049347888183362,8.91019902526935e-05,0.0024200788835371,-0.0111703322283435,0.1035429078548937,-0.0109597382096351,-0.0235362064775872,0.0269875658914275,0.015725141417807,0.0092972583139538,0.0275410350754992,-0.0255304302201685,-0.0007016477672157,0.0215091296920706,0.0159464619676032,0.032943156486358,0.0129984120662389,0.0054386650549531,0.0044015392018439,-0.0196251102864957,,,,,,,,,,,,,,,,,,,,,,,,,,,,,,,,,,,,,,,,,,,,,,,time,1006,9,221.8744511437752,0.0163106995569244,0.0174016938291277,0.0248327364435537,0.4457617980670342,0.4755780280062195,0.6786640394773251,3.77548841900283,2,5,-0.0598979984336157,-0.0341538503579055,False,-0.0060814896388988,0.2,-0.0011300640044658,0.6,-0.0061306465338801,0.6,0.2
G2020-15,Falling Wedge,bullish,1,0.644044742768172,3,24,920,921,2020-08-28,2020,2,266.7850240792754,264.28118033940984,288.942012737198,261.12020890837454,1.1740687907813931,0.0094741658738239,True,0.0052538840587776,0.0274604866691023,0.0627941660066315,-0.01166800522124,-0.021652971814966,0.0101690712459658,0.0017645039482006,0.0178555736925103,0.0001836517853002,0.0183622577100786,-0.0496329032132305,0.016741085474166,0.0391259216223973,0.0315079009526864,0.0139089483824965,-0.0038323841573503,-0.0192924925056907,-0.0292558127018836,0.021051857421714,-0.0028465780221673,0.0339630835942417,0.0635642595640995,-0.0043866726294203,-0.0058988124752492,0.0364082525538844,-0.0063782828785473,-0.1526010319172438,-0.0656790869193789,0.0664237195808337,0.0870526658720884,0.0862649658793812,-0.1464450758630572,0.1087864031916208,0.0515976252680763,-0.006264776123076,0.0376049746261464,0.1302082700681868,0.044435782762727,0.0048843488719447,0.113110020116909,0.0739951958520865,-0.0477151306933636,0.0974917178230212,0.1166377710724742,0.0607584946073185,-0.0386072410351566,0.0649356785802717,0.0405575306817351,0.0440881549078888,0.2034717002313206,0.1546450580481326,-0.2077016163266911,-0.0235341126431893,0.1191362008402947,0.0565829768224972,0.0068649249540233,0.0707294317879818,0.0677174639332149,0.2253774221658453,0.0249043438796694,0.0899784761385964,0.0027710658124862,-0.1434227579517504,0.0851662256218579,-0.2141739519174079,0.0249043438796694,0.0531004743269496,-0.2245902503088704,0.0441348998701457,stop,926,6,261.12020890837454,-0.0212336325490951,0.0425658126331291,0.0417005187868367,-1.0,2.0046411057887004,1.9638900075349404,3.911334790186815,15,3,0.087050806746572,0.0884869378025781,False,0.0050694415352831,0.6666666666666666,-0.006336448704372,0.0,0.0638126665897178,0.6666666666666666,0.0
G2020-10,Falling Wedge,bullish,1,0.6813728290698763,3,21,888,889,2020-07-15,2020,0,51.50490471878405,51.6363387395632,60.20751178948302,46.92960243514909,0.9911514837769486,-0.0025453783902467,True,0.0336071853957964,0.0114988651273533,0.0232608481497031,-0.1471352285939792,0.0536046234728935,-0.0196576443864775,0.0021625074705611,-0.0262603280102134,0.004930482346025,-0.0310254730230056,-0.0189497805107164,0.0537862584503163,0.030177982144516,-0.0083010457952502,-0.0683535799027788,-0.0345640210243611,0.0141057683821763,-0.0055731716275908,-0.1128774983633341,0.0452449603582736,0.0038295155172605,-0.0258699788352256,0.0469804255848568,0.0973947067414331,0.0422020148189103,-0.0086531840961756,-0.1271686518074425,0.0171317837296305,0.0514378555405208,-0.0240493387388459,0.3582646451836566,-0.0137747645750709,-0.0206809084257851,-0.048963647446043,0.091066491544222,-0.0574834342652792,0.3084519424573022,-0.0134782317267053,-0.0110167498796515,-0.1173160527382042,-0.1245931761746921,0.0715009912962925,-0.1129832392303997,-0.6535439271000127,0.0245552971228371,0.1179595217079254,-0.0993806340428496,-0.1787020813477172,0.0607586632060284,-0.0608881230784922,-0.1211927455224295,0.0798148815808033,-0.0644976907893024,0.0733723059021795,-0.1402701774577209,-0.0370522884913744,-0.0290794323509905,0.108432559309052,-0.024811621317638,0.0093826278960149,0.0019525239855628,-0.0155666169520652,0.0242901574903993,-0.0175491155082341,-0.0417383851385657,-0.019935144106467,-0.1574288941682953,-0.2658985313858154,-0.0674853816979821,stop,926,38,46.92960243514909,-0.0888323608909876,0.141790225153111,0.0893056555169067,-1.0,1.5961550918038927,1.0053279527997665,1.90208351955818,10,16,-0.352337230555152,-0.1391123218778301,True,0.0338064941886576,0.8125,0.0975731476745377,0.875,-0.1010479820956062,0.3125,0.875
G2020-10,Falling Wedge,bullish,1,0.6490288735475567,3,64,966,967,2020-11-03,2020,2,44.34816437285234,42.05935777050507,60.18610323753597,38.4523937592902,1.1594528333301457,0.0544184867214576,False,0.1492076146260745,0.1105406194263285,0.0571179189002584,-0.0412470678318042,-0.0213733558365372,0.0078239240461526,-0.0749729381057026,-0.0276075016528047,0.0051328109802952,0.0429671728193681,-0.0346006709205726,-0.0172378815487901,0.0112765678607098,-0.0064252782696727,0.0120392467963894,0.0163939631674896,-0.0269221957812021,0.031696231218989,-0.0292049742476987,-0.0130768722896162,0.0158335485411782,0.150474845748405,0.1463032399463328,0.3364519148139988,0.2603795023337423,-0.0535667353864678,-0.1081571641138938,0.0397017100614331,0.2326442608591175,0.0108298845708534,-0.0770514809376461,0.0034881292626407,0.0184272273905707,-0.0412180248500841,-0.0929032435177867,0.1654460125602896,0.10660593564267,0.113162792599337,0.1051423132607174,0.0162662003220588,-0.0479832085824784,0.0079992265750612,-0.0040412711664555,-0.0356752439171523,0.1258233373196473,0.3122048819163772,,,,,,,,,,,,,,,,,,,,,,,,target,981,15,60.18610323753597,0.3571272698352945,0.4321121742836561,0.0330020215907282,2.686322094732005,3.250360807552514,0.2482422017531254,2.686322094732005,10,16,-0.0364571522542421,-0.1256001647719609,False,0.1483112418108889,0.9375,0.338437097101122,0.9375,0.4882525589245918,1.0,0.5625
G2020-16,Falling Wedge,bullish,1,0.6940964253247924,3,22,887,888,2020-07-14,2020,0,98.80105785608212,93.5107177900179,105.04399214855368,87.8570244016081,1.044201063822775,0.056574692089776,True,0.0116101523973646,0.0035458575354689,0.0234512396793644,-0.0448611203108619,0.0128118633606126,-0.013036718699126,-0.000704551562777,0.002125536150533,-0.0315124296506665,0.0163482005583155,0.0147058211868047,0.0276578800341706,0.1000778207738781,-0.038214189833247,-0.0290105302733885,0.019131620844391,0.0256508150646548,0.0246972752202834,-0.0216120604394708,0.0016404294242813,0.0777600834836191,-0.0206757547041747,0.0042885908820048,0.0994453285851886,0.0672195672463646,0.0250748279923851,-0.0930330992525712,-0.0297099760305443,0.0056991750939801,-0.020007514065546,0.0148461862077577,0.2074138948127999,0.0354496638145915,0.0324306528776356,0.0375202537200205,0.0634973028090564,-0.006765071668369,0.063588735821934,-0.0273821397965785,-0.0095940249080418,0.0090756946941179,-0.0496971293041201,0.0029696924402504,-0.0162917015376463,0.244893171824194,0.0749463988079233,0.1853687663146512,0.1242228791309232,0.0100462966832977,-0.0648881730310491,0.0975858538695235,0.0450624886972441,0.0052408838318083,0.0326917402436148,-0.3366215714420935,0.0386678369062065,0.1396080627862428,0.0899059000259758,0.0310443702170366,0.1275351027387796,-0.3636973115871762,0.1170987254168278,-0.1323911425995532,-0.0461981381059247,-0.0289002209036112,-0.2938723977417641,0.0981480417155711,0.0030084131233021,0.2069150282724383,target,906,19,105.04399214855368,0.0631869175081636,0.0800693704637852,0.0416131180183881,0.5704418136550368,0.7228540132485116,0.3756768560704602,0.5704418136550368,16,3,-0.2038752287407451,-0.0728832521373427,True,0.0115843636505092,0.6666666666666666,0.098572614462689,1.0,0.1808076145695649,1.0,1.0
G2020-32,Falling Wedge,bullish,1,0.6184364506663689,3,33,947,948,2020-10-07,2020,2,182.02938837405293,175.8747382382022,197.9880144370153,169.11782425734123,0.9386993030128086,0.0349945091461341,False,0.0194419035301707,0.0046248375662867,-0.0008664902559035,0.0150689460654536,0.012466983297807,-0.0049521880939168,-0.0174831637981454,-0.073126625824469,0.0218398734711697,0.0306472833698556,0.0052719932562843,0.0140141043904322,-0.0250794271898421,0.0546942745491465,0.022827641324923,-0.0033177902298303,0.0048376846292594,0.0082099198205802,0.0275773775202909,-0.0175135689184523,0.0076170944250379,-0.0207529802529187,0.0163428564523325,-0.0101868408535913,-0.0121993954880289,0.018728053986365,-0.0715333532143771,0.0375146660828646,0.0612376810748669,0.0570084113693609,0.0091977573886083,0.0172320254330131,0.0090551523951678,0.0597573935659956,0.0282001533495197,-0.0011019734021808,-0.0189478120770035,-0.0029871597540263,0.0344114863811453,0.0622881735599609,-0.1059354342347844,0.0684053442725807,0.0689966803305635,0.021797927986787,-0.0266123270937153,-0.0265224832236269,,,,,,,,,,,,,,,,,,,,,,,,stop,963,16,169.11782425734123,-0.0709312063949787,0.0391724653850461,0.0777785382073079,-1.0,0.5522599625179812,1.0965348280445129,1.2359947965023688,32,11,0.0999342379159642,0.0251682750537931,False,0.0193365342136746,0.8181818181818182,-0.008386837737097,0.3636363636363636,0.1980296718367412,0.9090909090909092,0.1818181818181818
G2020-5,Falling Wedge,bullish,1,0.7268846819707928,3,19,887,888,2020-07-14,2020,1,89.86642865470301,86.50339109619938,100.51246270455748,81.61385630650403,1.0377790032185876,0.0388775227870967,True,0.011824549892871,0.0037602550309754,0.0092689994413277,0.0066918086244416,0.1304606228197598,-0.0062748291409975,0.0108528294274679,0.0319870381124276,0.0245192330659815,-0.0799046249988574,0.0270842703101865,0.0297367957078169,-0.0030646285402395,0.0025373270049915,0.0196688255935715,-0.0799046249988574,0.013037268625256,-0.0083570843979462,0.1762043229620158,0.0025408071736832,0.1283723363561815,0.0333433313238515,-0.011615451330732,0.0695419986184713,0.0373162372796473,-0.0844537805065318,0.0759476431219681,0.0092534382644866,0.0380135675254855,-0.0162680642770544,0.0062985095678078,-0.0018138901601644,0.0987101590058234,0.0333803795338043,0.02555313355895,-0.0096917976008688,0.0253009258157015,-0.0712998640017443,0.1043277735076728,-0.0102104279720893,0.0256537427806566,-0.0005342569733884,0.048750172199423,-0.0400746251208186,-0.0528923301297769,0.0593444782115041,0.0611927610548022,4.687387107416008e-05,0.0145947990287405,-0.4269890061073011,0.1423339466695139,0.2919259808521903,0.0098595531004159,0.182353162394103,-0.3478154181115785,-0.0800466616936074,-0.006011908817359,-0.016024794664448,0.0284907699956324,-0.0142345457610455,-0.0519131030735116,-0.3844468034949037,-0.3189960548695378,-0.0590806092903538,0.1345639870393493,0.0825136719726704,-0.0019122381306266,0.1291280255884634,0.0957781234234619,time,947,60,95.3656035502187,0.0611927610548022,0.1004995262115778,0.0676532167022585,0.6663588834475113,1.0943901029956116,0.7367100481538356,1.2900261398105572,5,15,-0.3279986752468383,-0.1764998186831102,True,0.0118811861941824,0.6,0.0700371791892494,0.8666666666666667,0.0640089006343695,0.6666666666666666,0.8666666666666667
G2020-7,Falling Wedge,bullish,1,0.6240418492302262,5,45,943,944,2020-10-01,2020,1,100.5776045950401,99.79279964112548,111.98370364831382,93.9704523126557,0.9758580104195836,0.0078643444891508,True,0.1021594472541398,0.065740969987555,0.021366368447083,0.0336810292869174,-0.0573100472607222,0.0101241520731718,0.0017264769082765,-0.0025587772383981,0.0174315894831762,0.0337465647985906,0.0253268296148339,-0.0243864883988347,0.1386677762178914,-0.0011235504239502,0.0504967509617912,0.064519106572547,0.0085172372074526,0.0588242242663594,-0.0503894559445891,0.0017373874299491,0.0116825106109625,0.0038104419001296,0.0848649409285079,0.0462085363758615,0.0513938326555104,-0.0992144443868435,0.0968442656333663,-0.0362687026715388,-0.0275638439716829,0.0785548505373834,-0.0569936175259007,0.0278145366595388,-0.1466501601717256,-0.0260911174848998,-0.0536391241427505,0.0916156770329288,0.2222570727356454,-0.0513658333982516,0.0295030839795451,0.0734212526379616,-0.0024858889905545,0.0343116138454953,-0.008881744511113,0.2085589951538966,0.0727688788451041,0.0248837488855813,0.2976584209179247,0.1708676460753795,0.2082939511359949,-0.1235274147328163,-0.2725508095125013,-0.1313709672586659,-0.0772467844181514,-0.0928964914945494,-0.0342020439545889,0.0455596444177937,0.2250368776572968,0.1281143271573699,0.1355982686106067,0.0773660903458417,-0.1342692678213769,0.0513589407171624,0.0279870300844236,0.1256352448766613,-0.001041931168523,-0.1534537904219669,0.1176057737778333,0.3374727487221716,0.2746849510819239,target,948,5,111.98370364831382,0.1134059525398183,0.1157955383800103,0.0076189554948093,1.7263260427164635,1.7627015959819037,0.1159798140610735,1.7263260427164635,7,4,0.3726191175964444,0.0460911538019226,False,0.1023670035573598,1.0,0.045780724755904,0.75,0.2948352275063039,1.0,0.0
G2020-35,Falling Wedge,bullish,1,0.6215373088229864,3,21,883,884,2020-07-08,2020,0,75.40311817299333,73.60935897326681,105.14719461731556,64.10599447341929,0.6624571391450553,0.024368629543126,True,0.1028706192392439,0.087058042471414,0.0048037928521942,0.0615307702260017,-0.0337196682739838,0.0172966554695335,0.0317119665120484,-0.0274339952853327,-0.0462438627057106,-0.0383271685930832,0.2386826494967981,0.0443745373478516,0.0352059638432624,0.0446455206739864,-0.0399188027233472,0.031929010801599,0.0831767952208861,0.0440723767985204,-0.0108317086181503,0.0337601537226515,-0.0004311879526439,-0.1148206209563242,0.084897460346406,-0.0513909936188289,-0.0995857397293537,-0.058219262412718,0.082881037048027,0.0360021922522191,0.1772677380690541,-0.0310780480188441,0.0470759731918903,0.018812533269471,0.0173554204533776,-0.0712663049720514,0.0172653328008483,-0.0277353732347342,0.2367080841647393,-0.2701473781877919,0.0177500141663389,0.0017508815766458,0.0546069061566441,0.1381240678768458,0.0027631051122904,0.0318924142699887,0.2750038553207967,-0.0862316530639808,0.1077672174324659,0.0397543033824976,0.0025791100147902,-0.0062671929395157,-0.0615089526379769,0.1745837009505255,0.1189923337047258,0.0452508510716149,-0.0668563092152028,0.0549988222297923,-0.0668563092152028,0.0810185739874145,-0.0510412594302258,-0.0255940910885573,0.0629330089481576,0.5629054830238942,0.1904554834575056,-0.5976994958310156,0.0183701608046824,-0.2295657025940413,-0.4525908374778541,0.1268620651383778,0.1137187452873715,time,943,60,83.52910240422823,0.1077672174324659,0.2603938375413315,0.1265499311173475,0.7192967384734651,1.7380094106952697,0.8446627358063993,2.632889329648017,35,5,-0.5244274565345598,-0.3298276922064773,True,0.1013856750296485,1.0,-0.0534297838928848,0.2,0.1017994173520653,0.8,1.0
G2020-11,Falling Wedge,bullish,1,0.6172919294361728,3,20,879,880,2020-07-01,2020,2,189.74699947249752,179.37022799715987,220.80631713484692,179.4702735282374,0.8145238411736072,0.0578511361177616,True,-0.0222694985050355,-0.0227150308563084,-0.010503844003298,0.0198713006046251,0.009503606404047,-0.0130806540745763,0.003429801567973,0.0132942485187628,0.0480497566877888,0.0538593353816483,0.0015143475725729,0.0263163249257145,0.0018374955023428,-0.0177900528755043,-0.0617708397362114,0.0259021687245919,0.0120141791279997,0.0101710225285125,0.044412587869673,0.0626193278730309,0.0989870015199996,-0.0031260280679357,-0.0385450528076234,0.036492540816468,0.0055604380763303,0.104790219660646,0.0003408570493581,0.0477037026089979,0.0238427861949541,0.0655376046492526,-0.009821717949553,0.2161791565275646,-0.0269661744070538,-0.0226999525936479,-0.0262116663102157,-0.0225296596929012,0.0262140612714869,0.0361894432401119,0.1071304849400613,-0.0264991205859845,0.1476615181724951,0.0058286815053874,0.0832545704873131,0.1521564554538261,0.0526937542249419,-0.010247209405884,0.1865958039313338,0.1362966816802915,0.0768080810027149,0.1093862722992695,0.1454365545708369,0.0959094499897561,-0.0264365558618309,0.0881609782254251,0.0421567798578104,-0.0318969766725545,0.0949618877447204,-0.0583769907650466,0.1077531479821081,0.1019113159434059,0.1264484517542627,0.1374841880788635,0.0971411801376482,-0.0215409074525889,-0.0973398775610691,-0.1072267485932189,0.0131896416750907,0.4011658105033446,0.1218410197883863,target,920,41,220.80631713484692,0.1636880569848022,0.1700073940705951,0.0315794112799236,3.0222969680043867,3.138975690117648,0.5830746648274896,3.0222969680043867,11,3,-0.0705103372184415,-0.0074548122697676,False,-0.0222827004991483,0.0,0.036611155807196,1.0,0.1869724154801552,1.0,0.3333333333333333
G2020-33,Falling Wedge,bullish,1,0.8511554416917857,3,38,904,905,2020-08-06,2020,1,60.66539666333112,58.93360198289679,74.64869135986953,54.4237452216652,1.180340192755287,0.0293855223873285,True,0.0629606566765761,0.0523092188998497,0.0328713572919514,0.0003939674397632,0.0077703345395527,-0.0028933909699705,-0.01087814056841,0.041007373870689,-0.0214835724631479,0.0179919488348383,-0.1503040456342577,-0.007793593538469,0.0215852638163132,0.0517816189998117,-0.0003475018093686,-0.0747678674525456,0.0175816091857372,-0.003705889632369,0.0405890016085408,0.0398143062288605,-0.0392837417574211,0.0999569984475368,0.0599663548546943,0.1513526127644839,0.1150171672084046,0.0130110515673795,0.034187948997153,-0.0108357842642529,-0.0431212576689059,-0.25096397089964,-0.0958553621530876,0.067457252453239,0.0163548104562416,-0.060860050248395,-0.0377676859137446,-0.1230796964279793,-0.0366748518116729,0.1014389569163429,0.0290627951844018,0.0058933860013876,0.0698095571072652,0.0058933860013876,0.0723944015070086,-0.0678166026895188,0.0862029488931981,0.1626160511140935,0.1162019146170136,0.1325031240654876,0.2962261657282881,-0.2875285771079562,-0.0714510577047676,0.0326815965485287,0.0391478823857633,-0.0520427131708076,0.1745143916956686,0.0445520472592861,0.060673715907713,0.0459939905888233,-0.0430159740432078,0.1598906771044808,0.0422345436434616,-0.5816650442637987,0.1630836038938052,0.0482857889587893,-0.063606463526458,-0.0606870195894125,0.0468098085425157,0.1216349755563064,0.1104152976966625,target,932,28,74.64869135986953,0.2304986939117888,0.2539439701910702,0.0088057093946246,2.240319701800944,2.468194808037951,0.0855866205153466,2.240319701800944,33,3,-0.495136951276854,-0.2997463830059629,True,0.0627303505837842,1.0,0.1507306042842537,1.0,0.1166999995958576,0.6666666666666666,1.0
G2020-3,Falling Wedge,bullish,1,0.8489168838883762,3,32,899,900,2020-07-30,2020,2,57.712006688779226,56.82147131048493,74.14896514033597,53.10090695810891,1.262442182257131,0.0156725152966952,True,-0.0086830445315465,-0.0345497003145601,-0.0307512784098134,0.0313801686311459,-0.019817215352242,-0.0171941705998355,-0.0174575723453117,-0.0271235617592258,0.024272068407606,0.010220644734604,-0.012176924142855,0.0349628420276635,0.0278405490115387,0.0162335792991195,-0.0091757421658166,-0.0257051749189937,0.0096158783218589,-0.0283823079841389,-0.0313723751009028,0.0157830262872058,0.0535650146023041,0.0073678660469187,-0.009287310261088,0.0444383721028338,-0.0243864305714021,-0.0081897599464383,0.0477859414869676,-0.0111967643508851,0.0465956841973438,-0.1744051716825739,-0.017193750864895,0.0061272104650882,0.0065514793980601,0.0169150530298363,-0.0181289266503237,0.0831398603213637,0.0023944735419048,0.0510491853358847,0.429583543059282,-0.0540158378050567,0.3072905248070006,-0.0169144565427308,-0.1016921304432103,0.0346385131028459,0.0132481017935102,0.0122592334901851,0.0148359571700256,-0.050411550468125,-0.1121442061075167,-0.0024776985665434,-0.0131234546405213,-0.0437186740398859,-0.0687537118809087,-0.0546981324247982,0.1358749748130112,0.0016246317164894,-0.0382511295068995,-0.0098333870439326,-0.1340493599436597,9.984155638109726e-05,0.0304669841070366,-0.016765872822072,0.0261724053575853,0.240423408983202,-0.0863405916403943,-0.4301990744829507,-0.4770485150029103,-0.1087733443284456,0.0729117024649123,time,959,60,58.56821954821019,0.0148359571700256,0.1213506507759222,0.0728045609493509,0.185685174782913,1.5188111249655518,0.911213713408835,3.5646503896300024,3,4,-0.3883753110617063,-0.2574745459455425,True,-0.0086933068066689,0.25,0.0440417844689404,0.75,0.0135248573732534,0.75,1.0
G2020-51,Falling Wedge,bullish,1,0.7776149911813598,3,34,921,922,2020-08-31,2020,0,242.42593010372912,237.8850808347545,280.72344457971303,229.70143846444944,1.5237024294191657,0.0190884155199666,True,-0.0736839577040284,-0.0251416578121661,-0.0066195824344666,-0.0240414290193669,-0.0095459705510667,-0.012297807386906,0.0195835765980083,-0.0140437853077004,0.030852727270286,0.0470181131732834,0.0229896738014021,0.0178422440223908,-0.0095459705510667,-0.0043245306974472,-0.0211522830917448,-0.0352242587663664,0.001699736199473,-0.0035936098177458,-0.0351594140747714,0.0408399849169895,0.0168652562571789,-0.080124210217788,-0.0707848807201572,-0.0241115365329043,0.0230303246209464,-0.1051401327582484,0.0075049219224656,0.1413446976734902,-0.0678780690131798,0.0592911736383841,0.0115583820176066,0.0981392371371494,0.1232094440843423,-0.1240224409861575,0.0724102028191997,0.0386154449364271,0.0024112216628477,0.0282639134305529,0.3208127808365106,-0.003133956372493,-0.1264964252846149,-0.0269233658407217,0.0413861458788205,-0.0251923789962967,0.0204724729818439,-0.0484432000213007,-0.1463979362799848,-0.1876987018919987,0.0477776423313458,0.2748316218586955,0.2366327464099247,-0.0188955490575907,-0.0036589805796064,-0.050872433991746,-0.1261954294665938,-0.1504505947709541,0.1081279842697269,0.1138931799295466,0.1147390814391766,0.1299133874452136,0.2340280835084778,0.2211366861506234,0.1504902928188507,0.0029505309541284,-0.1224777146428339,-0.1232833941029383,-0.0915215876283765,0.2166710663096864,-0.2045897672392227,stop,924,3,229.70143846444944,-0.0524881626063479,0.0045322308243953,0.057015882997907,-1.0,0.0863476753489405,1.086261742967005,3.009748095378678,51,4,0.2680862529513681,0.1255560475635619,False,-0.0739043064764259,0.0,-0.0233371456253873,0.25,-0.1529437482765971,0.0,0.0
G2020-51,Falling Wedge,bullish,1,0.7300761623330889,8,65,999,1000,2020-12-21,2020,5,220.04933749946625,208.7450911742608,271.9848338491936,200.9222201425817,1.2102242851210925,0.0541533516386676,False,-0.0271464791256607,-0.0359727222093554,-0.0125248563091605,-0.0012505910976615,-0.0061310401962335,0.0378149203841138,0.027216949178296,0.0935851297759495,0.0282155114035886,0.0100767677115951,-0.0433966209833325,-0.0330699584020972,-0.0033280987753514,0.0419396799016027,0.0480597733995455,0.0985593764451677,-0.0129874821271973,-0.0461923761586006,0.0256231946329013,0.0408602409939573,0.1004448690219927,0.0043460674417927,-0.0470395519377041,,,,,,,,,,,,,,,,,,,,,,,,,,,,,,,,,,,,,,,,,,,,,,,time,1006,7,215.06643223097032,-0.0226444911178521,0.010061549941349,0.0440455186010876,-0.2605152243028614,0.1157538460971875,0.506724929175028,2.715280895740096,51,4,-0.1608646250961859,-0.0439925808544328,True,-0.0270339871920417,0.0,0.0922113008835182,1.0,-0.0450963077847597,0.25,0.75
G2020-34,Falling Wedge,bullish,1,0.7560987583477777,5,42,956,957,2020-10-20,2020,0,95.61417235005383,93.89977957821748,116.81557506333444,90.90646566767512,1.000857382238734,0.0182576868607906,False,0.0119183771999455,0.026801862091373,0.0451032036175713,-0.0416597336208649,0.0282001513489484,-0.1064264122524369,0.0169710700337584,-0.0199252905300805,-0.0035969257039474,-0.0184013144973164,0.0090065618549621,-0.0104221555135749,0.0210669029196899,0.0135963983318945,0.0128372470114321,-0.176271770425728,0.0663044878436407,0.0172144188291707,-0.009714600706442,-0.0444815087505592,0.0394717450175612,-0.050228721020289,0.022486189510576,0.271597249955716,0.2212372635100079,0.0772797598647114,-0.0814671026219409,-0.0307633366743154,0.0202925378189204,0.1216674445352512,-0.0496788760698181,0.0354550732151999,0.0417157429217787,0.0132806038129424,-0.0022982371020666,-0.021672338893209,0.0645674331906436,0.139583515191654,0.0275901425452123,0.1047207309343294,0.0835284864851944,0.139583515191654,-0.0022100430852701,-0.0363379377735127,0.102780007540197,0.2342163939043381,,,,,,,,,,,,,,,,,,,,,,,,target,970,14,116.81557506333444,0.2217391228955052,0.3639327481063227,0.0401168533459808,4.503552184472112,7.391524334240032,0.814778827305001,4.503552184472112,34,3,0.2508642162438939,-0.0567505310817226,False,0.0119901922861055,0.3333333333333333,0.2666295404333352,1.0,0.3455228047288738,1.0,0.0
G2020-9,Falling Wedge,bullish,1,0.6836261096218949,3,30,887,888,2020-07-14,2020,0,87.7104087176778,81.84818442025653,121.8475313576762,76.89850303297112,1.0100053349822666,0.0716231439822925,True,0.0314072203329303,0.0233429254710346,-0.0046490838523408,-0.0420830926795408,0.0261037759233451,-0.0364787367183703,-0.075181736464183,-0.1921580167127881,0.0105447513064236,0.0106081241273372,-0.0144288364806391,0.0336856974893224,-0.0043724309538472,-0.0017222449542545,0.0003589877925174,-0.0655697863294272,0.0025093244873044,0.0438701599872459,-0.019837137378758,-0.0043724309538472,-0.0383673334933715,-0.0299904849210884,0.0514837468718783,-0.011958693429149,-0.0441844547679729,-0.0187205807780441,-0.0917354101946001,0.0856778858704012,-0.0076999125724027,-0.1120811394378016,0.0073338776033609,0.0896644725147985,0.1441113433954912,-0.0014011304749894,0.1743442650368278,-0.177559055880367,0.0077392604915837,-0.0493290925704442,0.0955360680146131,-0.0170596517519641,-0.0172663449087485,-0.0598120601289171,-0.0197682614259756,-0.1078131196073302,-0.0109737348416067,-0.0076180773468432,-0.2040256252172938,-0.2651715124010219,0.7845296012911391,-0.0863116340884226,0.2110448128601698,0.0879630869851795,0.0898638907801312,0.0317946673786602,-0.0155972194113077,0.0087590349410251,-0.0289236619629101,0.1157712463368796,0.0335845118378763,-0.2411245965927574,0.0169713167342437,0.021703507970697,0.1725029870622048,0.0335845118378763,0.0188607555019026,-0.3935743554974584,0.1131132328378636,-0.1397017785237749,-0.2457663211312547,stop,927,40,76.89850303297112,-0.123268216882993,0.0525395813713313,0.123778810275015,-1.0,0.4262216384715149,1.004142133348993,3.15736407951514,9,3,-0.3882112767214544,-0.23722070254332,True,0.0312366920835896,1.0,-0.0126392983684609,0.3333333333333333,-0.2054761412936833,0.0,1.0
G2021-41,Falling Wedge,bullish,1,0.6750121375073208,3,35,944,945,2021-10-01,2021,2,149.28491904882677,148.705430414317,170.64964245099338,145.58019856204407,0.8463472785049805,0.0038968895278082,True,-0.0051765840449571,-0.0164006238735947,0.0109487941291324,0.0186218452039506,-0.049140380996445,-0.0520332904575989,-0.01481517545043,-0.0101279078191912,-0.013903260829879,0.0415324041897959,-0.0138846140378378,-0.0292512273614805,0.0208097088612311,-0.0228811739047777,0.0636418496979258,-0.0191272597183653,0.0230909328464425,-0.0314206060141601,0.0011654861607777,0.0051468307854318,0.0450578991235142,-0.0338938132190733,-0.0021534361044052,0.0125353271614052,-0.0480882947120926,-0.0110246725545389,0.0027969242251781,0.0178825044416532,0.0540858331752063,-0.0388494599714616,-0.0085616339738257,6.304567017401119e-05,0.0685935851491976,0.0540858331752063,-0.0260416089119966,0.0437705917306263,0.0142373370380062,0.1066495748045612,0.0179526497209512,-0.0732141780414216,-0.0116718145643687,0.0336321528921805,0.0333924336806144,-0.0658584523616651,-0.0039269681481413,0.0021356433025984,0.0902828755815767,-0.0149027414300297,0.1485407691792113,0.1090995757948314,-0.0729700680148999,0.1441403720194887,0.1757075415752766,-0.0495742116093064,-0.0100374329861103,0.0402074682255153,0.115499824391194,0.1512858585406729,0.0869920188363051,-0.0450913250174448,0.0023115625243512,-0.0263540449849625,0.0267297212083497,0.0024222665708677,0.0053278195237456,-0.0748882383275941,0.0032545059791966,0.0898351418041025,0.0491609193199372,stop,952,8,145.58019856204407,-0.0248164416766771,0.0093966137388963,0.025741859023243,-1.0,0.3786446848956348,1.0372904930780456,5.7668921254354855,41,9,0.064421696970832,0.0210397841092795,False,-0.0050658562081158,0.4444444444444444,0.0129393919678969,0.5555555555555556,0.0950612727378471,0.7777777777777778,0.1111111111111111
G2021-16,Falling Wedge,bullish,1,0.6413926375819734,3,39,955,956,2021-10-18,2021,2,185.89000392511116,178.7201741629591,203.846788097145,174.26226798811342,0.7040173964479969,0.0401176296729348,False,0.0014273717029891,-0.0133411681612054,-0.0171316368479417,-0.0129528620075656,-0.0139178217465856,0.0141596302036359,0.0810752786503783,0.0145871890599824,0.0144375161954046,-0.0427882379807376,-0.0054001486258622,0.0368828853158471,-0.0254587259797343,-0.005518542182144,-0.0103177894518964,0.0162111411784562,0.0052491180463651,0.0301626077098804,0.0188722148758837,-0.0036232442865352,0.0112049652067225,-0.021315040526884,-0.0027935531373443,0.0730857618372586,0.0318536584925555,0.0602323588028581,-0.0876663860754417,0.0194255693715434,0.0363713159234726,0.0679953462839335,0.0250530496622773,0.0375542216883244,-0.0236322448097031,0.0329162445232347,0.0360232669302633,0.0490371015382293,-0.0487219214896813,-0.0191489360012482,0.0895730263803946,0.0071377476387239,0.0175482538311495,0.0894627502477289,0.0464734383096492,0.0230310569504537,0.0347874440540389,0.0484131266492485,,,,,,,,,,,,,,,,,,,,,,,,target,980,25,203.846788097145,0.0965989767759005,0.09835882905576,0.018407212986357,1.5443061546399663,1.572440517940202,0.2942719814780855,1.5443061546399663,16,8,0.0183854361663535,0.0329595469384722,False,0.0014024660490668,0.625,0.0740671520056169,0.75,0.0640700451938199,0.5,0.0
G2021-17,Falling Wedge,bullish,1,0.6973071748052223,3,39,955,956,2021-10-18,2021,2,169.0551298538314,164.4903939279959,180.41021969752472,158.69961814812214,0.920575434681482,0.0277507750868033,False,0.0164468320459574,0.0016782921817628,-0.0015486677285579,-0.0171075478070479,0.0060694442828594,0.0876062683521272,-0.0020030407796429,-0.0351784992867935,0.0094854333004332,0.0528723687450554,0.0013767799427686,-0.0182623608205336,0.0138295757706159,-0.0056284069003339,0.0300285544314498,0.0292341629600385,0.0243233127026341,-0.021284615850889,-0.0183504756882356,0.0143649559516827,0.0312680370661091,0.010010482971948,0.006891543965173,0.056163571429058,0.0149314680843548,0.0224617445920032,-0.0137589782464161,-0.0670515324771364,0.0662797573558202,0.018246194063525,0.0607850638184541,0.0714876107827233,-0.0083589313333523,0.0119418156219037,0.0573607753688927,0.0028448367606408,0.0063449961781392,-0.1190906403753588,-0.0197838933652597,0.0286823086838325,0.0015756925254202,0.01278071452091,0.0803291678304649,0.0098280862563502,-0.0468528553140383,0.0473609747666821,,,,,,,,,,,,,,,,,,,,,,,,target,970,15,180.41021969752472,0.0671679697239071,0.0716099912801277,0.0079386087717016,1.0965261945899754,1.1690427975683093,0.1295988624124557,1.0965261945899754,17,22,0.0295767853116712,0.0371535270997882,False,0.0165133229152552,0.7727272727272727,0.0551132362927603,0.9545454545454546,0.0495988931362811,0.7272727272727273,0.1363636363636363
G2021-37,Falling Wedge,bullish,1,0.6091012634964884,3,38,1001,1002,2021-12-22,2021,1,492.5396343664466,479.6118020487975,575.8125004114086,453.3921220541838,0.7150586384727874,0.0269547835612555,False,0.0151894465204349,-0.0006184192541902,-0.0063566428085886,-0.0104268738965438,0.0519345592803537,0.0913848838076951,0.0486289703034878,0.0190343399537125,0.0566307636771201,0.013394323495725,-0.0347489688992496,-0.0393986720383556,0.0317220037127485,0.0323891325659613,-0.0256946796596561,0.017172808150949,0.0383923274461728,0.0504841832857689,0.0323891325659613,-0.0011775516317727,0.0265782070131064,0.0318252445206777,-0.0060184280218287,,,,,,,,,,,,,,,,,,,,,,,,,,,,,,,,,,,,,,,,,,,,,,,time,1007,6,495.2159392498711,0.0054336843102322,0.0320820749990403,0.0085907028836927,0.0683646220499729,0.403644894819905,0.1080850712437062,2.127156008809201,37,14,0.044802250388835,0.0467963990666155,False,0.0151277882162234,0.6428571428571429,-0.177223270059998,0.0,-0.1546293044486111,0.2142857142857142,0.3571428571428571
G2021-21,Falling Wedge,bullish,1,0.6767699271044928,5,35,889,890,2021-07-15,2021,3,147.3508463134117,148.3203126919385,162.80057262005312,140.12879227523752,1.2142879584911972,-0.0065363021485831,True,-0.0183812109052056,-0.0171198133234954,-0.0350634614981307,0.0256532622098999,-0.0189163382592373,-0.005543681087903,0.0056129982304098,-0.0126795637704347,-0.012997772346327,0.00191977921977,-0.0044477367671548,-0.0176896532552749,0.0272494279743338,-0.0274586567652258,0.0188938858867195,-0.029815615796936,0.016500101885545,0.0182114973406681,0.0044038480517059,0.0267730061772177,-0.0420335246527948,0.0205068141923014,-0.0163351417536632,0.0775755945078673,0.0567043756891945,0.0523493780033388,0.0463764297450395,0.0704227493238129,-0.0726360644827547,0.0136463458198328,0.0565930468419111,0.0086051559619357,-0.108415351241852,0.0079379804150698,0.0267533443330274,0.0168433975995778,0.1060795254773163,-0.0532147266584279,0.0611725044202693,0.0052412486445971,-0.0856489187080652,0.0744135498656777,0.1720307307861459,0.1575381175956933,0.0267533443330274,0.0484335051041086,0.007896098988511,0.0004357889826778,-0.0673502991216336,0.0755909506273266,0.2045413953395918,-0.33693515682802,-0.3483034483520824,0.0503888868151392,-0.0012363630773806,0.2109723898496893,0.0317683200154823,-0.036420180152352,0.2017370766152875,0.0972056888731314,-0.0814167426643529,0.0934957404771927,-0.3867805196306894,-0.0460614315485361,0.2219814791503636,-0.0659472170670417,0.0415298818409974,0.0423166434880097,0.0128422442560049,stop,891,2,140.12879227523752,-0.0490126403672838,0.0044195383931388,0.0770056156906615,-1.0,0.0901713998678776,1.57113787613987,2.1392426898189463,21,7,0.1452961509429544,0.1402879719646819,False,-0.0184477830779187,0.1428571428571428,0.0789227927691104,0.8571428571428571,0.0054564066948902,0.4285714285714285,0.0
G2021-58,Falling Wedge,bullish,1,0.7366908433198502,5,53,767,768,2021-01-20,2021,2,134.9961708491505,134.83327422959337,155.1720354174538,130.00779318905813,1.127249586123947,0.0012081336783362,True,-0.0031838776312332,0.0230326624430374,0.0067946404687286,-0.0062662397844819,-0.0060336400142475,-0.0371122695968032,0.0102367429257823,-0.0784279481493106,0.0081933706218648,0.0302228034454985,-0.01949403938069,-0.0216294409308303,0.0005997776432982,0.0090725808769187,0.0158900265785189,0.0241008249595073,-0.0002237996026362,-0.0780658514121943,-0.0398258508664582,-0.0172657073423835,0.0163782529209455,-0.0501490665810319,0.0084663640297669,-0.0016461370155456,-0.0178495522670316,0.0473430140446589,0.0128249033331697,-0.0150133240406837,0.0130638843945405,0.0181727307814369,-0.0750495292822513,0.1380268982610428,0.0154520809026761,0.0078060883572983,0.1380268982610428,0.0155471042599932,-0.0356416089255237,-0.0767525122217204,-0.0303367342760788,-0.0115888823955352,0.0071469502312722,0.1033976944014032,0.0041954639210861,0.0323792820470436,-0.036737129354457,-0.0152593006505663,0.1068196873535944,0.0180353632844993,0.07784024457713,0.096241216683635,0.0554944516683093,0.1081894394939138,-0.0518815615339934,0.1158241236612465,0.0613964776301116,0.0839726327560348,0.0541998575702216,0.0576490068179031,0.0443302967152121,0.050055028756011,-0.1511857400065184,0.0389429662505413,0.0096274218386891,0.0134454556318031,0.0267997393641568,-0.0388137250012575,0.0496512782199369,0.0286155329146067,0.0702999801532097,stop,789,22,130.00779318905813,-0.0369519937396339,0.0238222523345646,0.04853257023386,-1.0,0.6446811098317918,1.3133951736359228,4.044574397346192,58,16,0.0065100646680782,0.0073933184724486,False,-0.0030528924916648,0.4375,-0.0019895294348595,0.5,0.1061974320716496,0.875,0.125
G2021-58,Falling Wedge,bullish,1,0.6164472114491921,8,46,887,888,2021-07-13,2021,6,144.97886025728178,142.88989353934485,154.0053058086011,140.63382860113578,0.6405128899140001,0.0146194154547516,True,0.0211589364210134,0.035653420749783,0.0080584395944467,-0.1222673624534544,-0.0341226239509629,-0.0203429732231005,0.0085821363030573,0.0067946404687286,-0.013432990712333,0.0078946087844993,0.0415489722987205,0.0216492822262459,0.000216571550667,0.0018755097733689,0.0330058377616957,0.0040883857934792,-0.0103854540576547,-0.0230827035213837,0.0175882526058115,-0.0210030892757017,0.0104709197544774,-0.0392796004583013,0.0272660984578981,0.0534340736323548,0.0413626984872246,-0.0734169536187685,0.0236994279658675,-0.0180726422000672,0.0859557329458993,-0.0301689803802901,0.075305698177839,0.0140500688576987,0.0354384161041947,0.0133766108811974,-0.0068633358367691,0.0625593940726116,0.0017318654278,0.0107061075977961,0.0193069824443752,-0.0068633358367691,0.0440688841187291,0.0152885784548326,0.067141262438608,0.0386856654512519,0.0280051169548702,0.0334373454313094,0.0159095609618618,0.0184396256119827,-0.0444888552722965,0.0543377589013438,-0.0331882357088243,-0.0138977179957116,0.0410838415575636,0.038286097317961,0.0420388933510271,0.0719703774595523,-0.0168518308860324,0.0316093409319426,-0.0044802177518549,0.0989416360247981,-0.0207591120781412,-0.0088575591466684,0.1001201025289022,-0.0388137250012575,0.024189685135012,0.0439226943603585,0.032480213732867,0.0976864858894244,-0.0088569327056364,target,905,18,154.0053058086011,0.062260425659995,0.0626080489623415,0.0060078730835062,2.0774176727922025,2.089016674631878,0.2004621970901166,2.0774176727922025,58,16,0.0849814316287156,0.0296557912611192,False,0.0211669252882965,1.0,0.0534947434642297,1.0,0.0160183301028854,0.6875,0.0
G2021-50,Falling Wedge,bullish,1,0.6483189816340535,3,39,874,875,2021-06-23,2021,1,180.74186426255076,180.58550380620895,198.00705823583692,177.24511950607092,0.7690015980313308,0.0008658527569829,True,0.0130228253131676,0.0055620828221494,0.00550145687247,0.0190368189153966,0.0033547316173969,0.0121826196748995,-0.0144183889606461,0.0237058892579578,-0.014590159460582,-0.026445891392261,0.0152738314127012,0.0186096786915299,0.0129189132389797,-0.0213014620970019,0.0065347988405912,0.0005256494810075,0.0147025929185296,0.0119343962475773,0.0379904732311324,0.0228937015905963,-0.0047367048980335,0.0153841213105685,0.0060699719885271,0.0447404848883274,0.0198633345012575,0.047172269117689,0.0262235266509451,0.038214681843673,0.0538730359582719,-0.1041488130751605,-0.0469005261328389,0.0657762849958325,-0.0431413357864354,0.0146921563131385,-0.0671658913513146,-0.0202444347164227,-0.0423912723342561,-0.0036419064323027,-0.2085932973206389,0.0492713457603537,0.0006199860466238,0.0093725473607602,-0.0118940943017044,0.0043627115499145,-0.0136929364684216,0.0573522830044421,0.0595580032493288,0.0173728008842666,0.1022122674529724,0.0170633041040328,0.0801578699624148,-0.0019492844758446,-0.0442341815407412,0.0162556075567334,0.0626952789237991,-0.0054206936384658,-0.1157922972367746,0.0619747904112575,-0.0221008733193247,0.0003927057654486,-0.0043265720376159,0.0384936986876733,0.0936398698552904,0.0332339691511829,0.0119064307174698,0.1100817389121493,-0.0637311866134773,0.078870111619977,0.0370868755364209,time,934,60,191.50648880158948,0.0595580032493288,0.0944638821254406,0.0059117113820878,3.078470202633703,4.882706445527931,0.3055681242391725,4.937504786785511,50,7,0.0520149766878264,0.0558373334393511,False,0.0130313638771625,0.8571428571428571,0.0462079787312024,0.7142857142857143,0.0596334081129527,0.7142857142857143,0.2857142857142857
G2021-57,Falling Wedge,bullish,1,0.6486418648174854,3,34,896,897,2021-07-26,2021,0,123.72149706149568,123.0852416898536,132.89349128717666,120.5089377136964,0.9034729573059326,0.0051692255132038,True,0.003587512930286,0.0088613130105213,0.0079263524496184,0.0076827437240625,-0.0093796356834749,-0.0028691281560075,-0.0107376146092721,0.0036065514957428,0.008982534457643,0.0105348517968431,0.0832111590430773,-0.0163391013212776,0.019844273675307,0.0190396685234068,0.0612793749358357,0.1137521766415434,0.0002691964803271,-0.0095207835734452,-0.0567541278773447,0.042216070859347,0.014772792233421,-0.0117472519345694,-0.0102009922277531,-0.0034697469396883,-0.0201776984939258,0.0029288607747557,-0.0477164418525101,0.0666619330388249,0.0121275053370828,-0.0535739191964794,0.0517205475703144,0.0390005039257259,0.0072553879215044,-0.040208113572811,0.0355871973299055,-0.0131123542050648,0.0074508538028239,0.0086359226768575,0.0683289786182779,0.0314191745031224,0.0576650825717786,0.0039649214327037,-0.0256746270590382,0.0335943681264485,0.0145656119902497,-0.016500816626412,0.0009605811169919,-0.0267126759802043,0.158654992135163,0.0251749675422405,-0.0767978266248332,-0.0863405315515229,0.1225630086955695,0.0166038685000236,-0.0164819840341233,-0.0050608409977951,-0.0208400911983114,0.0138084576751982,0.1199480959792431,-0.2470957094892365,-0.2003228775218519,0.1159625476325498,0.0047301790786871,0.1126381027601846,-0.1357153944939008,0.1230658296338558,-0.2651210676327454,0.0522857058482726,0.0103776095201585,stop,935,39,120.5089377136964,-0.0259660562157799,0.0290719536270973,0.0269592720310923,-1.0,1.1196137521041742,1.0382505455221471,2.8550427346857283,57,11,0.1348536280445822,0.0788307348619712,False,0.0034689927831116,0.8181818181818182,-0.0037275197199988,0.4545454545454545,0.0023627230800202,0.4545454545454545,0.0
G2021-12,Falling Wedge,bullish,1,0.6888624491801623,3,46,904,905,2021-08-05,2021,0,134.26714419155732,131.50849945499124,144.2403795743003,122.59798152252992,0.8034154811362666,0.0209769311337191,True,0.0437389318436503,0.0369303366109812,-0.0184968622976242,0.057823997958587,0.022210426158876,0.1089388247885736,-0.017883890679504,-0.0051242036357473,0.0096441250442422,0.0328603116751786,-0.0138158225656109,-0.0091756371677065,-0.0172768422345342,0.0188141908470544,-0.0180089782292065,0.0182632284875663,0.0077950336390117,0.0101091114801576,-0.0095863146423793,0.0067677720620731,-0.035980660874244,0.0106888121045916,0.0358106007476825,0.0057801931206566,-0.0193048167360794,-0.0372260787177034,-0.0753005508440378,-0.0476993786206065,0.0245738305206089,0.0216188162799138,-0.0283348638640053,-0.0113628001726499,0.015945774625202,0.0346224402593531,-0.0230791823336233,-0.0024337107106313,-0.1064505308137861,-0.0717958886477045,0.0240826206405173,-0.0651235143843188,-0.0492056343079227,-0.0122610579904743,0.0221892988673657,-0.0033667251837162,-0.0405080373628244,0.0273359517587089,0.0872236377941899,0.0451034478831808,-0.0870535227679194,-0.0318636622076644,0.051923102002648,0.0238509434596012,0.4201943770903644,0.3365799401467946,0.0482322567503383,0.0915835801573796,0.0014501908828017,0.3105268410967563,-0.3872728196587131,-0.0014189262973289,-0.042621673439751,0.0051402219300842,0.1522397490054874,0.0156463517830656,-0.011778508574553,0.0210067450544515,0.4078207297096263,-0.0854357032461035,0.0252861271503216,target,940,36,144.2403795743003,0.0742790460227136,0.081358883119495,0.0405454241088197,0.8546658972553565,0.9361275698095808,0.4665217599182275,0.8546658972553565,12,16,0.1800842927710491,0.114489276865737,False,0.0438663482337687,0.9375,0.0057901275952604,0.625,0.0880880882202516,0.8125,0.0
G2021-14,Falling Wedge,bullish,1,0.6858033081722946,3,34,896,897,2021-07-26,2021,0,120.86836185150752,122.41212724732662,133.66565987161812,116.27734230682005,0.9320474387445076,-0.0126112128800769,True,0.0179373053335143,0.0232111054137497,-0.0088977659424492,-0.0295987153741417,0.0549705284151005,0.0109260364214605,-0.0009773761008263,0.033641795865551,0.0138810662840342,-0.0095365949407363,-0.0356009924049767,-0.0520226672245888,-0.0031111325169166,-6.250256182749325e-05,0.0173732357435232,0.0128066347032134,-0.0113812364652583,0.0059124407678308,-0.0929920174826903,0.010108845031483,0.0035872165713313,-0.0437993533067481,0.0241759330593959,0.0686231253970992,0.0519151738428618,0.016210383788336,0.0933644365326922,0.0415951627161643,-0.4655546713691836,0.0270436926629142,0.0178446312151394,0.0623577272381077,0.0316042746155593,0.0486377661968666,-0.0183266591409841,-0.0187216189355166,0.0328473462242511,0.2010820380168165,-0.0488907465925388,0.0215069476632989,0.0022142078662621,-0.0010963713584826,0.0274538328045299,0.0162993033616272,0.0571682541833531,0.0613911285126385,0.1384961897495467,0.1108229326523504,-0.059325537667087,-0.0437632315813362,-0.0017805789264671,-0.1216441439670497,-0.043039138521249,0.0414070933479377,0.0529179356073301,0.1083347550278615,0.1678632132879598,0.1179309797706091,0.0261748018740979,-0.1461704911145157,0.1596574253770104,0.2641409698708135,0.2613395903560949,0.1024381251073918,-0.0753645705726956,0.1927406970800356,0.1980733564869163,0.0603863554214736,0.0753803094362901,target,948,52,133.66565987161812,0.1058779801767537,0.1154462520880992,0.0043104907943763,2.787463197563401,3.0393683224310117,0.1134828453725814,2.787463197563401,14,5,0.1667032148082798,0.0994860898897873,False,0.0182605485543224,0.8,0.0687249879321509,1.0,0.1391592201136441,1.0,0.0
G2021-31,Falling Wedge,bullish,1,0.6164739963424037,3,18,954,955,2021-10-15,2021,1,255.3828154268667,252.6165782255769,278.5582404997108,243.65018110001824,1.0571821247786104,0.0109503391294443,False,0.0346490067611047,0.0140394947598556,0.0238380645674773,0.013188505077025,0.0855186423420488,-0.0155333384598406,0.0142708025680593,-0.0038328056953413,-0.0147943947223702,-0.0351827627916661,-0.0377892055470419,0.0442533177021184,-0.0139304124877565,0.0951806117852915,0.0164201500182596,0.0497131011092248,0.0354984412638954,0.0613285109701926,0.0084690048777718,0.000422326169857,0.0381154950504669,0.0764180054728578,0.0125704037975781,0.1573852973542526,0.1049044048504279,-0.0354068709000792,0.1734732960623746,-0.0120972737792608,0.0249317167876896,0.0106804156256363,-0.0396558244388642,-0.0434669026450392,-0.1807120027711665,0.0800103343845342,-0.0129828307352288,0.0536130649843418,-0.0302723293855032,-0.0113758490637744,-0.0246888455082402,0.176937888777797,0.1402487539432264,0.0785678949946098,0.0177960225171163,-0.117127660911611,0.0584498598082137,0.142039154466914,,,,,,,,,,,,,,,,,,,,,,,,target,967,13,278.5582404997108,0.0907477859624457,0.0955614426048321,0.0060205357985715,1.9752959503570693,2.0800742253449584,0.1310482658697536,1.9752959503570693,31,16,0.0245054403795426,0.0245379386818271,False,0.0344361298832801,0.9375,0.1579355070419552,0.9375,0.1961266618712842,0.75,0.3125
G2021-34,Falling Wedge,bullish,1,0.6576292215984832,3,18,990,991,2021-12-07,2021,0,216.42018427442792,213.13440592066692,227.54487191621504,202.12984395252943,0.941017881890712,0.015416461455707,False,-0.027802534010789,-0.0164090918877082,-0.0554337090237248,0.0412976063143002,-0.0155298966164942,-0.0022506811131379,0.0035054613878564,-0.0011667370757105,0.1070525567444935,0.0429297799931902,-0.2143509698122531,-0.0445314810814989,0.0257790513954974,-0.0564139075641971,-0.0227378123621965,-0.0062651295537219,0.0176152499992341,0.1630104914269741,0.0009474416419261,-0.0051426361792231,-0.0011667370757105,0.0313942233358284,-0.0282296422498606,,,,,,,,,,,,,,,,,,,,,,,,,,,,,,,,,,,,,,,,,,,,,,,time,1007,17,223.67926243581584,0.033541594956703,0.0501431718778172,0.0596851488923469,0.5079709788481467,0.7593937060597464,0.9039022606014704,0.7784760468398108,34,6,0.2004354499042366,0.1631763640587775,False,-0.0278459294994066,0.1666666666666666,0.0284129717719282,0.6666666666666666,-0.1809901138652598,0.0,0.0
G2021-30,Falling Wedge,bullish,1,0.7029797399053186,3,27,874,875,2021-06-23,2021,2,191.13600795547185,184.6739314885183,200.99728990325468,182.05027667659365,0.8746452085242062,0.0349918172796104,True,0.022573096075354,0.0151123535843358,-0.0072586246543506,-0.0368972483548493,0.0064767906655054,0.0378534103333467,0.0576489709806939,0.0280061145343755,-0.0184533934980155,0.0095699887707219,-0.0086067975709983,0.0269936777301265,-0.0355171774339602,0.002523962389916,0.0383928138754863,-0.0053790468006359,0.0552114237461924,0.0099445880734816,0.0620091986488149,0.0077319116398995,0.0062232774058073,0.0271929239757191,0.0093897578524901,0.0709416961121494,0.0460645457250794,0.0157463950547542,0.0076335229213797,0.0551179964672361,0.0793423270163515,0.0207500094984971,-0.0134825286368909,0.0551179964672361,0.0158164944020704,0.1370717354483877,0.0093572352139801,0.0473856830527386,-0.0108307146702646,-0.0255280844031839,0.0553777995805699,0.0520023609341946,0.0076566123508563,0.0041038581036911,0.1212598091979446,0.0740500153872285,0.0127580742458905,0.0349063662305159,0.0556296984375757,0.0134444960725135,0.0021523671951204,0.1143344073299144,0.0699715867086099,0.1240753182233489,-0.0847823148076172,0.1240753182233489,0.0531733261593603,0.2019408511556386,0.1247111827078277,0.0441161897736699,0.0593216745310711,0.1254500141161425,0.0780802276924936,-0.0845850309292141,0.0553265540194241,-0.0963754542202474,0.1247111827078277,-0.2145758043824601,0.1272189728951553,0.1336004088489442,0.0015326495401577,target,881,7,200.99728990325468,0.0515930098847736,0.0539515031156478,0.0035987775362376,1.0853591907024145,1.1349746775688638,0.0757072766828763,1.0853591907024145,30,3,0.2459140045343764,0.1518903425844762,False,0.0225623768569685,1.0,0.0717625792177681,1.0,0.0562224906073337,0.6666666666666666,0.0
G2021-28,Falling Wedge,bullish,1,0.6644296006788298,3,35,874,875,2021-06-23,2021,2,297.0116860373943,286.0253780570588,323.2345827633964,279.0799034692088,0.8939331836287264,0.0384102559533856,True,0.0404527213995546,0.0329919789085364,0.0214123661849785,-0.0369868990955638,-0.0179475659252791,-0.0358524332537973,0.0126963901255015,0.0287831874473234,0.0079465430426777,-0.0355898644966022,0.027955228775933,0.0038396628425942,-0.0042911401790325,0.0027976926271455,0.0223059290794511,0.0207036640795841,0.0065582539299824,0.0141300499671699,-0.0473576771651514,-0.03897338292443,0.027358071203773,0.0540635309711001,0.0387751410376867,0.0569702475703683,0.0320930971832984,0.0149871630011644,0.0505604008345226,-0.0221612050405405,0.0798586342067095,0.0892016129257065,-0.0062051441894146,-0.0298036724539889,-0.0349287040039617,0.0413178170892274,-0.0118656451445204,0.0360394014034048,0.1155476621965501,0.0002450132027953,0.1294538509546416,0.0619897177358796,-0.0015566481900716,0.0265083678293387,0.0677667978813301,0.0515039720472343,0.044728338399089,0.0218108610361135,0.1342080492697828,0.0920228469047206,0.2230988617953431,0.0423405265386227,0.1283728286436856,0.188607767873091,0.0311275667097583,0.0843164590447922,0.1470549256110229,0.0093761812297377,0.1096657376518945,0.2079141242099393,0.0453979469441576,0.1232973418496641,-0.0218322122849097,0.0595232192016235,0.1070825299958511,0.0256796037620423,0.1180885735385459,0.2013632940784673,0.118374348803788,0.0535885474129806,0.0340861406392778,target,902,28,323.2345827633964,0.0882891076639338,0.0966820126290604,0.0093648065444191,1.4623697686657495,1.6013849973506296,0.1551132449100075,1.4623697686657495,28,8,0.152374621901469,0.113570055280578,False,0.0402405052806958,1.0,0.057575859433955,0.75,0.12964896939801,0.875,0.0
G2021-13,Falling Wedge,bullish,1,0.6810422249137911,3,39,955,956,2021-10-18,2021,2,135.59765545799627,136.85956830319202,149.4158205308584,131.11289079489478,1.0016944600293942,-0.0092204941228527,False,0.0168096587412218,0.0020411188770272,-0.013697874658992,-0.0292509301792514,0.0055635145693446,-0.0123393903770838,0.0035577230231169,-0.0074656629972692,-0.0025026835117388,0.0189369391517459,0.0056350438388164,0.0427567987589332,-0.0009617562803015,0.0241619276042537,0.0012775965129261,0.1519095847961711,0.0092830091048874,-0.0218035120046204,0.0066126077593851,0.0199948223572166,-0.0222798074240263,-0.0112340054326341,0.0084019615106779,0.057019928887231,0.0157878255425278,0.0213160663177343,-0.0864957900117404,-0.1034917141182394,0.0163347258094019,-0.0060754708103782,0.0802640857683478,-0.0129455152299774,0.0343489397410552,-0.1166515995919453,0.0116006819110432,-0.1313527993055151,-0.0327095898971228,0.0039048746201308,-0.0383408808935018,0.0527363549028745,0.0259715104129056,0.1037483697457009,0.0114264567835911,-0.0383371707531828,0.0498488151561675,0.0647649113593635,,,,,,,,,,,,,,,,,,,,,,,,stop,986,31,131.11289079489478,-0.0330740575709342,0.0755047970642785,0.0392841120617347,-1.0,2.282900938366647,1.1877620995694764,3.0811349336903766,13,6,0.049136224556483,0.0270373019636147,False,0.0167776975488212,0.6666666666666666,0.0570438777918017,0.8333333333333334,0.0029683654422392,0.3333333333333333,0.0
G2021-6,Falling Wedge,bullish,1,0.6483014254883875,5,73,919,920,2021-08-26,2021,1,116.55819077287828,116.02808040244092,137.9000285252727,105.23488869826238,0.8640364387043413,0.004568811003325,True,0.0132380595651573,-0.0003379903296754,-0.0408040697792116,0.012899698896811,-0.0038632717366768,0.0183474829159244,0.0171848819885809,0.051244337260589,-0.026883286019144,-0.0506893651243881,-0.01601292936935,-0.0875098840448808,0.0320849162860399,0.0024274668325534,0.0502561981542364,0.0162941327983645,-0.0063111942912021,0.0192169018545182,-0.0255418039434563,0.0046499069754331,-0.0158854690277195,0.0137200151615475,0.0149968262757288,0.0355694532184096,0.0395681093150968,0.0192715384560997,-0.0303510397167703,0.062234099689171,-0.3310275977129685,-0.2401057542753819,0.0976273544450201,0.1023722257968522,0.0683894271554643,-0.1185183412784416,0.0842640837548036,0.0506106239015216,-0.067595889576648,0.004334949851247,0.0547469858213871,-0.0288751717502608,-0.0239740117247878,0.077116833448765,0.0625311580115264,0.0246204083360599,-0.0102661279944481,0.0426991654864991,0.0605703615892765,0.0085210566670799,0.1335450645477058,0.1576811930812498,0.0099165733888746,0.0195175095765531,0.0667112360031514,-0.1087204994246152,0.0028522747843295,-0.0239985797298697,-0.4236373864462699,-0.0279337862680585,0.0968328875797859,0.0744347674397574,0.0844628810109751,-0.0255404536060888,0.1902974835008408,-0.0279337862680585,0.0852185511633589,-0.1258843567425364,-0.0751978505453906,0.0623136089168441,0.0533234949911495,time,979,60,123.6181625341834,0.0605703615892765,0.1760885723117551,0.0378837165910265,0.6234905431986895,1.812595413351059,0.3899619948761547,1.8847715632560584,6,8,-0.0896127255362464,-0.0288173314746635,True,0.0131901388481654,0.75,0.0401835495552782,0.75,0.0592046851679985,0.75,0.5
G2021-3,Falling Wedge,bullish,1,0.6703028481196769,5,30,760,761,2021-01-08,2021,0,78.23786434228668,78.53925839828472,86.65297795019893,74.9498027266429,0.8980777704864021,-0.003837495567753,True,0.0628052153361005,0.0684953906852877,0.0335525409624501,-0.0013617309446622,-0.0095468601289031,0.0131985778411984,0.0057957610217482,0.0253057224028778,-0.0760267539485481,0.0166679649823215,0.0274626307493746,0.0142459235138059,-0.0905462450673088,-0.016333178208707,-0.0616762808350681,-0.0085602919004228,0.0131223839630152,-0.0698955110303471,-0.0394326895161676,0.0164701203204915,-0.0346060257965236,-0.2060676503318889,0.0852167949336637,0.1034231863464114,0.0699180765619731,-0.0405700005785282,0.0691360387565256,0.2914387949922734,0.0067690890575409,0.0283724468736579,0.0463075421699814,-0.2233256950563589,-0.0049689508511893,-0.0060659055083279,-0.052073110767929,-0.001828975931633,0.0317467199420296,0.0286763665955955,-0.1510742016156917,0.0026894416852294,0.0232628879718999,0.0615482889152843,-0.0911999787768187,0.0210816689516701,0.1144188451113976,0.095706120749581,0.2824606173043029,0.202874383170595,-0.1101244348869352,-0.4884187311438561,0.0636893945353112,0.0127883515195814,0.0573081769530718,0.0079904593179613,0.0550870532594238,0.2293147835551636,0.0022602646104747,-0.0251232616163195,0.1406867801839826,0.1297982377603694,-0.0646307030338962,0.2217979715160491,-0.0779830671447865,-0.1254032797596304,-0.0991001681882088,0.0356516063641023,-0.0042817081171491,-0.0177722774786474,0.2852838448939998,target,773,13,86.65297795019893,0.1075580689561841,0.1108497778297795,0.0213941921290621,2.5592931616230112,2.637617810735842,0.5090646396474695,2.5592931616230112,3,5,0.1862589170316977,0.1644942212041247,False,0.0624893409050958,1.0,0.102501066424419,1.0,0.279932737691473,1.0,0.0
G2021-4,Falling Wedge,bullish,1,0.67195565731421,5,45,767,768,2021-01-20,2021,3,128.789032665948,126.10998904280171,136.89547490774032,121.71592090556815,1.070362334261202,0.021243706731566,True,-0.0206131364932989,0.0056034035809717,0.0062729605041922,0.0723841575161132,0.0036112119885847,0.0280435412211288,-0.0229131834209673,0.0338712078649861,-0.0055238893479275,-0.0239863098838565,-0.0239863098838565,-0.0255604486489244,-0.0172575880167812,-0.0205964122733881,-0.0022003897733072,0.0048906220824749,-0.0296711587313356,0.0468091118335618,-0.0520002286208809,0.0164257161508618,0.0062729605041922,-0.0055238893479275,-0.0200812205791461,0.051526054499043,0.0353226392475569,-0.0567978841257497,-0.0610624739346856,-0.1355522702742124,-0.0083962789780728,-0.0874407462116267,0.0569303583441964,0.0430757390064102,-0.0619111045308081,-0.0344768441660209,-0.2398746048015574,0.0191505198406773,-0.0314521162734553,0.0066190388703244,0.047286800975576,0.0386500493653849,0.0221016875589235,0.0138102756325244,0.0104050740247363,-0.0139475275168172,-0.0179428676557249,0.0760673132415419,0.1661846141684926,0.0774002900993975,-0.0106007920073718,0.0805299208851526,0.0203514777975923,0.0452227662085515,0.0208773587854604,-0.0106007920073718,0.0822814953114616,0.0407317304894203,-0.0018578434066202,0.0071319665605193,-0.3204778492246204,0.0962224106999691,0.0453817261135054,0.1041796799606156,0.0882023947570762,-0.0073575252274196,0.2148659009647047,0.1375832599420843,0.0517823270431219,0.0322790390727107,0.1303481815325654,target,783,16,136.89547490774032,0.0629435758153316,0.0690755281732494,0.0265742434842479,1.1460927688433655,1.2577449297711198,0.4838706397001524,1.1460927688433655,4,11,0.2063894598427056,0.1315888582626305,False,-0.0204696972120401,0.0909090909090909,0.0512140366943261,1.0,0.1636339379366182,1.0,0.0
G2021-56,Falling Wedge,bullish,1,0.8118363694306848,3,34,894,895,2021-07-22,2021,2,145.4873133369001,141.72654080272628,148.68905639975324,137.70579015583303,1.7960626349751276,0.0265354146998377,True,0.0140875421296469,0.0069338098971603,0.0040729230787694,0.0065987020576392,-0.017972450917278,0.0285094990224992,-0.0619750841203623,0.0332183481348609,-0.0226473744503952,-0.0017548345962963,0.0256830293007928,0.0523420305891588,-0.0204846711256251,0.0119932961810105,-0.0700817559220687,0.0065308831009707,0.0050037981898343,0.006012911575725,0.0332183481348609,-0.0063134648679882,-0.0107288250322334,-0.0050155761661816,0.0142770555212622,-0.0084763953012526,-0.013824684298375,-0.0747746884639631,0.0934850287215485,-0.0931871966945708,0.0329780916679816,-0.0394010483341461,-0.015046389227432,0.0610179020519014,0.0155537414380733,-0.0265394563650809,-0.0513915328188916,-0.0310951125516846,-0.0254176833007669,-0.1211737958157932,0.004381291578239,0.0483424996166017,0.0096023589771061,0.064450657061047,0.1043015747342446,0.0354892700806781,-0.0633557065130346,-0.0048873855933555,-0.0283403876745073,-0.0506900084344069,0.1661528416509741,0.0618337766395944,0.0350149106187189,-0.0338970120884966,0.0669279521490684,0.0904126607727229,-0.010404695282482,0.0041124474877864,0.0478599267464576,-0.0512576950753612,-0.002358359251608,0.0698042368217837,0.0098894351037288,0.0016583763475233,0.0839449192878325,0.0649500652709267,0.0388805824204083,-0.0328530541594537,-0.01568847393838,-0.0855013319979904,-0.053814463150695,target,902,8,148.68905639975324,0.0220070258321354,0.0278855567961347,0.0059760328675546,0.4114545428128003,0.5213625462228403,0.1117309485665915,0.4114545428128003,56,6,0.1084853415339817,0.1059616053179641,False,0.0142179939591624,0.8333333333333334,-0.008473513846482,0.3333333333333333,-0.0284381420670672,0.6666666666666666,0.0
G2021-54,Falling Wedge,bullish,1,0.6880473712765742,5,72,920,921,2021-08-27,2021,0,122.8029487500927,122.41791281826184,137.5965641671507,116.68070687052813,1.0134728178545884,0.0031452580996251,True,0.0271766296582858,0.0224978831968236,-0.0171045009856323,0.0063551552734373,-0.0089779885503774,0.0234816130616315,0.0143428066513608,-0.0299889438359221,0.0096157019843452,-0.0023255812788584,-0.0128466549738975,-0.0346966791138472,0.0449881628318562,-0.0683037036359789,-0.0082463669094439,0.0099718977809606,0.0255191280251094,0.0059929627939612,-0.0146627338256651,-0.010586620432693,-0.0382479197604429,0.0664982173191828,0.0291377320373315,0.0441489876756351,0.0594760335867174,0.0503014587229728,0.0947790843975917,0.0218608379903613,-0.0310742274343182,-0.0349502931954548,0.424816667981386,-0.0583195479179807,-0.0821711698702599,0.2924874338242862,0.0105500066625627,0.2621744619445987,0.0069210725352635,0.0514435050751851,-0.0318897621221492,0.0228253140975647,0.0035436772908885,-0.0931837281097582,-0.1043456591456424,-0.0494740225122816,-0.0491889459062505,0.0087936794602068,0.0509932467767904,0.0108621927019154,-0.0141312673862191,-6.891098096206694e-05,0.1669280981240946,-0.0347706548520211,-0.0163621330594618,0.4786316260730434,-0.0347706548520211,-0.0394240026768281,0.1174289803045849,0.0220526628546309,-0.1316941670666443,-0.2285372234460523,0.0500694473798866,0.1136589461908403,0.0647501062611932,-0.0619690341599246,0.0242972213006638,0.1796264220494572,-0.0131256353412718,0.2112239108946625,0.0083025598962078,time,980,60,129.0650698206237,0.0509932467767904,0.0896841029170487,0.0222287035432153,1.0228477073787858,1.7989279925352584,0.4458743048212641,2.4163722551435938,54,5,0.0551110116534054,0.033574729538067,False,0.027392907902207,0.6,0.044078434239838,0.8,0.0442806833725341,0.6,0.0
G2021-5,Falling Wedge,bullish,1,0.6038503160937797,3,70,917,918,2021-08-24,2021,1,71.22291100231222,67.75395309917616,92.79377749016987,61.721455557371,0.967468354033642,0.0511993432775546,True,-0.0062019923537779,-0.0137661486641473,0.0310303253304435,0.1017608937899774,0.0182713297942329,-0.0303174779431566,-0.0663717798531079,0.0655333609559487,0.0251240503746221,-0.0126318405836065,-0.0559303605629754,0.0426012759177021,0.0149646797980556,0.0521654642832263,-0.0308397254691829,0.0076531855109938,0.0164125210557481,-0.0701586288290606,0.0030865195501315,-0.0048581815938771,-0.160719935891936,-0.004248622233193,-0.0033283450238272,0.0015720357846273,0.0214466627108097,0.0111211518475293,0.076565794828405,0.0623489040631777,0.0130979708309806,0.0952659394436368,0.2673478053414768,-0.0545053243652523,0.1597646510401447,0.0491528982893541,0.0614702018456572,-0.0771070736882412,0.0098668051862276,-0.0804132976732622,0.2673478053414768,-0.0068706195175808,-0.1239218872217731,-0.0202578273452667,-0.0238314510240625,-0.0582785015507023,-0.0793644867198499,-0.0258679371629763,-0.0344927745139268,-0.0823982770391159,-0.0272327106418102,-0.0110394998952545,-0.0106465886438201,-0.0090892050659432,-0.0572497561984719,-0.1725455833512723,-0.0415829299981851,-0.0123793032098965,0.0930000225723577,0.0325895586929569,0.1057512879016235,-0.0123793032098965,0.2209753287321718,0.0107047501861368,0.2179519240490868,0.0113501587739059,-0.0572142008654482,0.0317528332005196,0.1482061082404062,-0.0129550094751788,-0.0568911686036262,time,977,60,68.76623519288398,-0.0344927745139268,0.1144703357604989,0.0600069481410807,-0.2585578413395836,0.8580696487521401,0.4498120894992002,2.270269708978372,5,6,-0.1432697372642313,-0.0263619344701928,True,-0.0062690334183691,0.1666666666666666,0.0010169744151482,0.5,-0.0354134171356593,0.5,0.8333333333333334
G2021-49,Falling Wedge,bullish,1,0.6106883412345507,3,17,991,992,2021-12-08,2021,1,193.02268225892905,188.47916648168703,196.33129918216616,184.00272958307,1.0720087981760735,0.024106196255295,False,-0.0127949130807041,-0.0180283459829109,0.0131855314112045,0.0161148650193574,0.0499981948415513,0.0033487018489235,-0.0030286760639618,-0.0185211559745785,-0.1982243734223121,-0.0267522421931319,-0.1006164620035127,-0.0052105438980841,0.026354134801364,-0.0296343582027314,-0.002538592403951,-0.0105768797100458,-0.0465150258844152,0.0055093771062562,-0.0023391864974491,0.0136790580167358,-0.0123781872343948,0.0260481861495704,0.0023099686339761,,,,,,,,,,,,,,,,,,,,,,,,,,,,,,,,,,,,,,,,,,,,,,,stop,999,8,184.00272958307,-0.0467300141636166,0.0034152220205655,0.0478558927745097,-1.0,0.0730841212375364,1.0240932649185812,0.3668108960363295,49,4,0.183197168678501,0.1388491274538381,False,-0.0128433063668183,0.25,-0.0306684228138193,0.0,-0.0699894464110773,0.25,0.0
G2021-11,Falling Wedge,bullish,1,0.6340817293814551,3,42,956,957,2021-10-19,2021,0,221.2775511467723,219.04826583978752,242.92402423930216,212.42547685334023,0.7820053486209221,0.0101771420031022,False,0.0050169219018194,-0.0056894847287303,0.0050169219018194,0.0342309484780689,-0.0647416468947079,0.0193910879639205,0.0214932106842538,0.0472465350449462,0.0723964982349181,0.000179819618937,0.0446480344331081,0.0155239181548292,0.00159794021202,0.0053661727804759,0.0203319995488264,0.0214223281958974,0.0211257936934921,0.0147214113409595,0.0126854044521815,0.0051625198805702,-0.0198378490117643,-0.0121802918383017,-0.008272115941903,-0.0056722691817771,-0.0459045365780969,-0.0136273904280672,-0.0308559655531905,-0.0133812191960983,0.0059965450370293,-0.0034859171675433,0.0213734550529014,0.0519906235724656,0.0362882775508672,0.0098578533757449,0.0319521681840582,0.0346409185286666,0.0061888985595563,0.0846684705016045,0.0614059955180588,0.0320128261585148,-0.0085906241730285,-0.0047117815118808,0.0083613224204883,0.0325536533081907,0.1016317969253726,-0.0278857645149626,,,,,,,,,,,,,,,,,,,,,,,,stop,983,27,212.42547685334023,-0.0400043937921228,0.026132718116268,0.0532078577350707,-1.0,0.6532461972068119,1.3300503442586282,2.4453560120468905,11,7,0.1117104753899047,0.0760280907322878,False,0.00480958647524,0.7142857142857143,-0.0066815139064311,0.4285714285714285,-0.0536162852835683,0.2857142857142857,0.1428571428571428
G2021-43,Falling Wedge,bullish,1,0.7631224383167875,5,63,934,935,2021-09-17,2021,0,155.94304325187738,155.2022323922999,177.99972665051985,150.48315396194846,2.3178052963604543,0.0047731971902631,True,-0.0076905262536525,-0.0284546714205716,0.063450640244612,0.0125064414166715,-0.0004403381149753,0.0014105445640881,-0.0172301632190617,0.0061843180621139,-0.0020510025946133,-0.0434974299392639,-0.0445049780098135,0.0605075166878317,-0.0167499007217132,-0.0248379162784309,-0.0199539720582744,9.024258620082826e-05,0.034036331416243,0.0275333726915332,0.0318300067238515,0.022739465308704,-0.0117022437839122,-0.0525592890597365,-0.0090286085497552,0.0400208815934377,0.0147495386270868,0.0060297638193922,0.0203528408185955,-0.0147509391120113,-0.0846864837756501,0.1151158330384916,-0.0494025077868272,-0.0952076182439205,0.057310218754174,0.0278662851323963,-0.0333210126298956,0.1352407594890572,-0.0107848406992662,0.0855429440809438,0.0114361868243935,-0.0658957735410232,0.0860348059349984,0.0305037244353989,0.0882561987282315,-0.0691729259848143,0.1091167567897786,0.0225416707898155,0.147917187003022,0.0750464164444186,-0.0668797989097869,0.1173609973243809,-0.0222302055900425,0.1387295989468935,0.3392855868893998,0.0755567321123753,0.0359600125008214,-0.1263846385373105,0.259645797169471,-0.063849938987688,-0.0722398259091166,-0.1489175127855818,0.1079934987667601,-0.1208970343111162,-0.0059080165428543,0.0189908498926263,0.0328985637299408,0.2207833850011751,0.0595809435081045,-0.0940636874722914,0.113646421663214,stop,944,10,150.48315396194846,-0.0350120734857672,0.0132875054380317,0.0461102933731038,-1.0,0.3795120972607693,1.3169826514801526,4.039767516774977,43,5,0.01828702360148,0.0120321084280641,False,-0.0076665518427378,0.4,0.0398936935436431,1.0,0.146516365680508,1.0,0.2
G2021-59,Falling Wedge,bullish,1,0.7181629228049854,5,39,767,768,2021-01-20,2021,2,116.47615417087032,116.47086662754748,124.8114260617306,112.32775279801544,1.150538115571643,4.539799072467154e-05,True,-0.0315579775232325,-0.0053414374489617,0.0134392678185628,0.0434029896420129,-0.0460468654642667,-0.0091859179837232,0.0097060706871907,0.0135827339661369,0.0192767446139507,-0.0054471491136538,0.0261767988554419,0.0128163854310572,-0.0259741231653223,0.0201534402938199,0.0215340512513875,-0.0094168010952825,-0.0260899219395455,-0.0124789863868106,-0.0009970436523993,0.0137841700501595,-0.0200667826982059,0.016515110017869,-0.0342921860796514,0.0025925867241265,-0.0136108285273595,0.0188609905334709,0.0081476073318631,0.0131405650338729,0.0406249434783572,0.0699236281591935,-0.0208628444993745,-0.0552705966837844,-0.0252558688549781,0.0736428978830585,0.0727728428030123,-0.0151370266979815,0.0848143421474578,-0.0529703445955683,-0.0110371973766484,0.0125188436077252,0.0818781219846271,-0.0022828977324902,-0.035181458819967,-0.0592954984270849,0.0155840126647319,-0.0081381663728481,0.0979653141616598,0.0091809900925647,0.1966655223526519,0.0997561876418506,0.0048418451593672,-0.0530870556164858,-0.0746645260804323,-0.0213755096367843,-0.2118027690875622,0.0011660512958104,-0.2920379196654827,0.0627887853422324,0.0971074397024889,0.0142951378885409,-0.0168930377578747,0.0440994865302044,0.0441407352602967,-0.0231892472177041,0.0813433158781384,-0.0467722345188974,0.0617010367982777,0.0309192339404036,0.0980151902512078,stop,772,5,112.32775279801544,-0.035615885520818,0.0112386534552826,0.0385093389867436,-1.0,0.3155517065190876,1.081240531398112,2.009273245689831,59,11,0.093470630793623,0.0618846122498766,False,-0.0313763919276143,0.0909090909090909,0.0023187786010426,0.5454545454545454,0.0960312382445993,0.9090909090909092,0.0
G2021-60,Falling Wedge,bullish,1,0.684282386110382,5,77,952,953,2021-10-13,2021,0,147.16375422692337,146.36619364717657,159.97671336323538,143.90849858527235,0.8180781772668453,0.0054490764559291,False,0.0010560567302349,-0.0293030749300049,0.0002844313252965,0.021977697828452,0.0240549134383416,0.0104666978312353,-0.0223969448287709,0.0138222475612859,-0.0107778516627575,0.0285554376362973,0.0305021804601226,-0.0217917050516531,-0.0015731609608685,-0.0024187999763527,-0.0155375650442463,0.0140131856642236,0.0056921435312613,-0.0100534362756299,-0.0028902259202732,-0.0057859436522563,0.0207456716579275,0.0008368738349369,-0.0028302356395936,0.0355597233399322,-0.0203300601535469,-0.0270122735597763,0.0826633878534919,-0.1307463035149777,-0.0101062856747318,0.0307241277045726,-0.0101333254355749,0.0257890707079657,0.0379529510389067,0.0511805431655554,0.0143945156481319,0.0276140371086461,0.008065278561701,-0.0434532358828403,0.0368499702819389,-0.0265632847048126,-0.0326314666681136,0.0152181731988203,0.0009341831136482,-0.0123826133770108,0.0195224169572327,0.0326657300137936,,,,,,,,,,,,,,,,,,,,,,,,target,994,42,159.97671336323538,0.0870659980347789,0.1004913065231047,0.0186132126959003,3.936083843115146,4.543015837492876,0.8414670182903503,3.936083843115146,60,12,-0.0120904569724235,-0.004298534083563,False,0.001032084764756,0.4166666666666667,0.0353996972190411,0.9166666666666666,0.1454993870639615,1.0,0.25
G2021-24,Falling Wedge,bullish,1,0.6021779952827888,3,30,881,882,2021-07-02,2021,1,188.51185631486263,184.35894721678403,198.49864486632688,181.6081150533084,0.9117023602014652,0.0225262140014028,True,-0.0236182600997559,-0.0312255764929417,0.0103610886442273,-0.0289672123562687,0.0188133567342105,-0.0064751881188755,0.0411185101860407,-0.0120228162003107,-0.0313478238604741,-0.0396664991632649,-0.0051170121313245,-0.0002608000110536,0.0289144945922412,0.0161385409145893,0.0086828781307601,-0.0177293260784372,-0.0428277950883602,-0.0314517582403707,-0.0033889955981034,0.0202007930395426,0.0483709936081684,0.0053006910146522,-0.0225505661006354,-0.0324552307417093,-0.0412384652822711,0.0740342218766121,-0.0406187129596318,0.0409237329239431,0.0969431669215061,0.035074625485084,0.0189242246824028,0.1261244908840562,0.0740342218766121,-0.3558844533397408,-0.0324552307417093,0.0042777657798733,0.0004121913447272,-0.0349320315845179,-0.0244795718262414,-0.0037627764031762,0.061035050229466,-0.1151592630192122,-0.0119389688286221,-0.0144734370723894,-0.0147175345947253,-0.0266233163234251,-0.0827993093404362,-0.0858641883682682,-0.1689506547908031,-0.0264365558618308,0.0422903359426958,0.1129188059905501,0.16208700657414,-0.0471888662229983,0.0111283713800278,-0.0353812748477107,0.1172676503106289,0.0847956620592218,0.1294709413416048,0.0481050485936254,0.0482436894320912,-0.1216124811943176,0.1130094378057338,0.0555534937838648,-0.0354824346119542,-0.0709007870690076,-0.0975736530706341,0.1151287225001767,-0.1046229322426914,stop,884,3,181.6081150533084,-0.0366223185984824,0.0164608173187796,0.0493165670735977,-1.0,0.4494750182054763,1.3466260182565637,1.4465763088600845,24,3,0.1085092808307026,0.0803566400478414,False,-0.0237201965954246,0.0,-0.0325501808071057,0.0,-0.0830241078384084,0.0,0.0
G2021-19,Falling Wedge,bullish,1,0.6242460402241713,3,36,875,876,2021-06-24,2021,0,110.45802798617824,109.25086547485805,118.65101518589744,104.73423798199168,1.0158140859545102,0.0110494549043,True,0.0083766057348346,-0.0022595011781403,-0.0001712788177917,0.0205136198491724,0.0079060703615536,0.0277535566694233,0.1703395356302477,-0.0171746252248206,0.0332211111105564,0.0369069183061345,0.0628197236258791,-0.027776900582759,0.0472278120266682,0.0249032016960604,0.0026594917638118,-0.0828618445846802,0.0371149195101616,0.0918424086226288,0.0067933666330901,-0.0004132028063666,0.1791154142282018,0.0198084979911463,-0.0236497840655812,-0.0560896187488849,-0.0890551339675517,-0.0353179318560206,-0.0416475675377553,-0.3003767740277792,-0.0672691168017467,-0.0304724132954136,-0.0413021588965378,0.202284590063374,0.0664411049873965,0.0386618733104695,0.0618807636180551,-0.3331204235122674,-0.0726762567642693,-0.0089148205552297,0.1854997407048282,0.0525192509143503,-0.3003767740277792,0.0033810422490112,0.0056921723049616,0.1008209721763204,-0.0666222917354597,-0.0270438678148103,-0.0741963951728823,-0.0965737339341286,0.0569480517682075,-0.0046460336172743,0.1531980804326971,-0.0561772382391738,0.0357852758062609,-0.1553321724630461,-0.1598837176247129,0.1528334591291984,0.0661443014596347,0.1336071942583852,0.07235996810556,-0.1069333590721577,0.0732486009817199,-0.0447216338324428,0.0689066527625832,0.1249625940006211,-0.0874937873571207,0.0596687559659372,-0.2231756363040595,-0.0055630551836675,-0.0818832102217398,stop,884,9,104.73423798199168,-0.0518186872293501,0.0399783222754276,0.0681861977225115,-1.0,0.771503957606706,1.3158611568200993,1.431391996164533,19,4,0.3095072461490022,0.061034559136808,False,0.0083905908530324,0.5,-0.0566999512001042,0.0,-0.0750599972553969,0.0,0.0
G2021-51,Falling Wedge,bullish,1,0.6555055276478373,5,29,762,763,2021-01-12,2021,0,104.53910202584224,104.12658662437832,110.9635337834232,100.63109464386837,1.0743678477526637,0.0039616721803434,True,0.0039252220351997,-0.0098064740959895,-0.1047847300200005,-0.0106630150744467,-0.0119829610654993,-0.0140340598735728,-0.1901663402838854,0.023436015851002,0.0155411990546283,0.0114261347595054,-0.0124442110701908,0.0106562811972097,0.0091722033981271,0.0043097577900381,-0.0051243156472547,0.0228539529324927,0.0603503427936584,-0.0033383503463264,0.0111676318434914,0.0159797853209728,0.0118866261449515,-0.0125877427507645,0.0123425117874929,0.0177773556468416,-0.0122997493581646,0.0116129502425221,-0.0348500497465584,-0.0062904840104792,0.1307801236583268,0.079721633319532,-0.0273614878343283,0.0584749391916554,0.0936985872755482,0.0224808428533904,-0.0383617787492146,-0.033990134371208,-0.0080060409163735,-0.055155053264347,0.058658157806722,-0.0019700254235849,-0.0104952492556916,0.0148796692099302,-0.0507212850433873,-0.0028345331309341,0.0143784727298839,0.0070448929197714,0.1704729693905029,0.080299853395674,-0.0086961590818396,-0.2010400141879096,0.0210133954057529,0.0220567186769589,0.045875975490953,-0.0534260920581264,-0.0968797014202516,0.2006238151946306,-0.0314812024578869,0.1207435373869134,0.0245710373507035,-0.0068907228874386,0.0535684827829066,-0.0148146201172465,-0.0347515733116652,-0.0082413449318272,-0.1503431187554543,0.0277531173648581,-0.0171029150205924,-0.1721905672993061,0.1844555669842963,stop,772,10,100.63109464386837,-0.0373832117001333,0.0323769607902918,0.0386867361335528,-1.0,0.866082910425171,1.034869246759097,1.6439149493970555,51,5,0.050553168867252,0.0008993027356751,False,0.0039002710576044,0.8,0.017715003744824,0.8,0.1690227063602943,1.0,0.0
G2021-1,Falling Wedge,bullish,1,0.8282323388511059,3,41,834,835,2021-04-27,2021,0,93.76862083192344,92.21777804391668,110.0582035386143,88.19734232481177,0.8845084799133004,0.0168171779986741,True,0.0644839848883993,0.0697254953523438,-0.0537314765667217,-0.0638453612435687,0.0512538408452261,0.0494761816031366,0.0775172717965568,0.0037258661307246,-0.0057244569780678,0.0669511614533699,0.0170273505622455,-0.0320628611440939,0.014556736231003,-0.0320628611440939,0.0904398198243585,-0.0071038114871694,0.0583050041294699,0.0194084064954929,-0.0163074375302203,-0.0125754354268529,0.1312995345997589,-0.0666398185301485,0.049988602207379,0.0901281639106317,0.0890987560319822,0.0212482060876961,-0.09561933657555,0.0279654946818934,-0.0398617689879966,-0.0099288674369507,0.0653296665745211,-0.0987403461026183,-0.0060572295516601,-0.0175055201194545,-0.0751408810716877,-0.0692266127231456,-0.1050150644035571,-0.125661697890512,-0.0551746289627201,-0.1020231588449386,-0.0002280688246116,-0.1050877952903326,-0.6060334070843372,0.049482634599028,0.0627583794251782,0.1543541640357195,-0.0626776914913306,-0.1083317634466317,-0.1706415603536497,0.3568181974490039,0.1168864156038742,0.0982693673013908,0.0287719515432265,0.1749638986788544,0.1190139500752016,-0.1343859788661503,0.3430737967838491,0.0935234724731843,-0.2284101222406541,0.0414620724606362,0.0965092808567298,0.0837826761896993,-0.6132386210168455,0.0012236614203604,-0.2028686422775869,0.1544197919595535,0.033348016353921,0.0067235260472844,-0.0826399490134248,target,859,25,110.0582035386143,0.1737210440141727,0.1740677513016814,0.000712149717518,2.9238500078388454,2.9296853406337444,0.0119859915012818,2.9238500078388454,1,3,0.7414291471872603,0.2568756696335386,False,0.0644619896676129,1.0,0.0898711018122827,1.0,-0.0626901717284461,0.0,0.0
G2021-9,Falling Wedge,bullish,1,0.7139682966264892,5,46,876,877,2021-06-25,2021,1,178.4806732775492,176.00830564566317,188.7305177559449,170.5099023372485,0.8726074594973628,0.0140468804742848,True,0.0107607899516284,-0.0045727797854711,0.0197619456728841,-0.0333999307450618,7.069081176513947e-05,0.0060373207887556,-0.0299881409654108,-0.0442526046115954,0.0111919597654988,-0.0131496739099905,0.0166710173482222,-0.0055546410151025,0.016849183127962,0.0145873916468164,0.004725241494073,-0.0134948684674343,0.0099955455953093,0.0232621319758705,-0.0218442702774676,-0.0009866048011284,0.0164308715909802,-0.0227090021349695,0.0130506118071296,0.0357398344400978,0.0033170992398616,-0.2145162927268701,0.1007749196372451,0.0484738874367189,0.0558740900518104,-0.0988667852725021,0.0163870210415639,0.0132232214356409,0.0316935160948383,0.0185982536417581,0.0365549754940586,0.0511988823430766,0.0090657789601944,-0.0313454664821658,0.0650568110080791,0.0203919553061506,-0.0504537877117545,0.0124822866746225,0.1087127540329979,0.0325071893658823,0.0754101255258792,0.0206786676472366,0.021869081314771,0.0034941203086995,0.018146718237719,-0.2102655914542798,0.0044881308419271,0.1200215108785509,0.0308611258312905,0.0739240271377053,0.058263883206747,-0.0010857849235835,-0.0910101224836953,0.0277951483767331,-0.0437385194334726,0.0350269530617122,-0.0423109127890962,-0.008639434560921,0.1063913642818839,0.0337314779411692,-0.0150431375703234,0.115505298995737,0.0070153617310069,-0.010254589152022,0.0114279359070316,target,908,32,188.7305177559449,0.0574283158516357,0.0605843602774385,0.0430181554949607,1.285928871267883,1.3565986895615028,0.9632580604065436,1.285928871267883,9,6,0.1208556123280595,0.1079684746369049,False,0.0107493449252775,1.0,0.0361203267057947,0.6666666666666666,0.0204762556450296,0.6666666666666666,0.0
G2022-2,Falling Wedge,bullish,1,0.6767677561454217,3,29,796,797,2022-03-01,2022,2,166.94456390384863,167.70797295237583,203.77298402639383,159.90714416094625,0.9058036529767856,-0.0045520140461299,True,-0.0499165609495351,-0.0126336009308541,-0.0130673003546816,0.0181154442602604,0.014367647462719,-0.0301424410944418,0.0410362388353344,-0.0115350951463859,0.0031801161764464,0.0067141159273163,0.0295304464038226,0.0151579552747469,-0.0362261657570123,-0.0160167657305262,-0.0057331137950709,0.0121818026572886,0.0234628815380557,0.0162496136152114,0.0080544349231905,-0.00707891785469,-0.0002123986250359,0.0225058841687768,-0.0544437800938013,0.0230440701887766,-0.0477603798823988,-0.0182756813804414,0.0199158932545686,0.0019546547101665,0.0492782153345472,0.1798174814483124,-0.0103769870356857,-0.0520720655439377,-0.0245274888915401,0.0197242721159087,-0.0324123797807461,0.1888420896355975,0.0297674586443499,0.0096155399489807,0.0290649586273521,-0.0988134666506383,-0.0541544088243286,0.031878137972064,0.0626254833327661,-0.0002397312897827,-0.0475937164507803,0.0088431572299399,-0.1057601904470391,-0.0276660279034267,0.0509566376272856,-0.2563006384395729,-0.167624808713624,0.1385145640920988,-0.0018849342392432,0.0521979492873914,0.034758080400268,0.1345013007494224,0.0793985917126647,-0.0229649138031331,0.1313116740694682,0.1174479331234754,0.1092596361064859,0.1133404977811123,-0.104711916380624,0.1401611202038111,-0.0100130204299643,0.2017862923489572,-0.0064345006765437,-0.1227824027512273,-0.1363060475504645,stop,800,4,159.90714416094625,-0.042154231191113,0.0330036190691637,0.045187929451557,-1.0,0.7829254178432627,1.071966637149428,5.233227726637824,2,12,-0.187329577101601,-0.1460200514252,True,-0.0498236538517322,0.0833333333333333,0.0227472162077298,0.8333333333333334,-0.1052984162641388,0.1666666666666666,0.9166666666666666
G2022-2,Falling Wedge,bullish,1,0.6797824370188543,3,27,856,857,2022-05-25,2022,0,150.8578602907967,148.75815700196142,172.42574088363835,141.50093079019814,0.8807890371251571,0.0141148783445037,True,0.0318665248387262,-0.0150894756312991,0.0738895600023141,0.0120013243521623,0.0200789846843749,0.0249575846174752,0.0277467951196395,-0.0145496558957894,-0.0538439735360063,0.0245603348178737,0.0330997328751656,0.0123276091408048,-0.0297929748510192,0.0141819157702085,0.013458421096248,0.0011586432688583,-0.0038651425446086,-0.0119217899082707,0.0072413727147906,0.0202289157706336,-0.0086853604013418,0.0076141353078471,0.0233722032186581,-0.0482358255634972,-0.0309158052070218,0.0621228295709546,-0.0311497187919026,0.0891485960503526,-0.0091666464377112,0.134061816724982,0.0727330516813786,-0.04950909287112,-0.0766908313985562,0.0741698941809436,-0.2152971154294419,-0.0194582888017873,0.0541249447637974,-0.0481963818922989,-0.0559603092320381,0.1233410885864068,-0.046328314939007,0.0436296398876792,-0.024378414049859,-0.0141056960400256,0.0199158932545686,-0.052386172804363,0.0535464543275907,0.012245362992225,0.0095575390039925,0.0247553359627126,-0.1507303308172537,-0.13107908413153,0.0770018857768102,-0.0022938773319615,-0.0014899223099364,0.0368835179401938,0.1180757643860805,-0.0412254214469355,-0.1758021868730443,-0.1957616634150345,0.1585638347079461,-0.0800135830296859,-0.0108866076308374,-0.2320905186531143,0.2300662349363866,0.1639726368870913,0.0143398390343956,0.233627826609261,0.0512728933473139,stop,868,12,141.50093079019814,-0.0620248058839092,0.0406178152947021,0.068247754288026,-1.0,0.6548640453744559,1.100329994031165,2.3050168959231696,2,12,-0.2686205910116177,-0.1868032055939416,True,0.0319355504092662,0.9166666666666666,-0.0489740703241358,0.0,0.0550470376405897,0.8333333333333334,0.9166666666666666
G2022-27,Falling Wedge,bullish,1,0.7944466358482792,5,54,810,811,2022-03-21,2022,3,321.2495489928544,306.9352155975412,397.17380964337485,282.3574170268925,1.0923789772495789,0.0466363345354363,True,0.0397876796456697,0.0172469340690022,0.0125867773125465,0.0082788994249971,-0.1446602355035503,-0.0027709758029725,0.0287534448204951,0.0070037233528275,0.0239485660111098,0.005780366831434,-0.0945317868699864,-0.0405397207940601,0.0483681430273248,0.0364860940270612,0.0195437886862566,0.0525610670049749,0.0069696984350686,0.0255579475018588,-0.0322774823355738,-0.039533473992553,0.0510038348681238,0.0165480443730079,0.0403338436267502,-0.0420781642415338,-0.040239089005011,0.0815986229801906,-0.0480599325996549,0.0380660483583004,0.1271525374716258,-0.0046787923851479,0.096452135713511,0.0502625521169264,0.0694168316271275,0.0245182600461704,0.0168119782629865,0.0199976028029664,-0.1112059941470219,-0.1153093736176298,0.0888103344123167,0.0862340864136339,0.0502625521169264,-0.0336392534323776,0.0614446663214829,0.031430348070101,-0.1161248063239649,-0.0627501844519573,-0.2185108201344819,-0.0690021944884869,0.0266690849830344,0.0540365452597075,0.0861859803062365,0.0423120651241757,0.0329160926755836,-0.0015945286489956,-0.0306138606298599,0.205124719455906,0.1959894818111058,0.1745499112598223,-0.1037823202058494,0.0058480773779734,0.1597470974833628,0.1182643443337041,0.0827240786886458,-0.2685661102985814,0.1222818857209944,-0.1876903079487257,0.168527864229153,0.0949955895584153,-0.2674071046612724,stop,833,23,282.3574170268925,-0.1210651721936797,0.066503250798356,0.1442473409073158,-1.0,0.5493177731739756,1.1914850348252866,1.952175332454617,27,13,-0.0596282865200087,-0.0608876184849119,False,0.0391128719034336,0.9230769230769232,-0.0418081891468991,0.2307692307692307,-0.2178714017707525,0.0,0.3076923076923077
G2022-27,Falling Wedge,bullish,1,0.6483292680518505,3,34,947,948,2022-10-05,2022,1,245.96366510638623,241.4987548737074,308.3325808796935,229.6741587404963,0.9644145944285336,0.0184883364513153,True,-0.0808671686836806,-0.0301243673338503,-0.0633606446545972,-0.0014430023484539,0.0152334288544138,0.0550559102331147,-0.0954358068929237,-0.0027772230058111,-0.0352378279142769,-0.0428765828835382,0.028339226768306,0.0015979391951144,0.0155890692471185,-0.0179813923619328,-0.0974131009037464,0.0041597817337897,0.0115960154547203,-0.0092154416038851,0.0013607223203513,0.0359867908012128,-0.0158084183218919,-0.0061144069087273,-0.0699299205240984,-0.1002446971229223,-0.0982483300045822,0.0456609389542579,0.0437496841215017,-0.0256811402766549,-0.0029285360672665,0.0374859996875729,-0.0091030654943207,0.0989138257304902,-0.0877135346905222,-0.0106920372316619,0.0055390558932284,0.0632916465015298,0.0696329114399616,0.023454602842539,0.0593962807455483,-0.0296179873727294,-0.0037450723838654,0.0286820426224678,0.0005055432060374,0.0190981463005055,-0.0336392534323776,-0.1148591996777345,-0.0365675353542082,-0.0593728452327583,0.260122124151745,0.0856587211409947,0.0188478932717086,0.0021398149626667,0.0925954889817042,0.2904993670891673,0.1935295983583707,-0.035807175283082,0.0964306870460227,-0.035807175283082,-0.2570897965784227,0.0641111934824789,0.1257927375488441,0.0428892009126429,0.1277379736480215,-0.0015945286489956,0.0681910044363502,0.2742594080004343,0.0300352500443641,-0.1353216657183394,-0.1019285414323879,stop,950,3,229.6741587404963,-0.0662272875094956,0.0205829035252585,0.0766836275854056,-1.0,0.3107918850263544,1.157885676269176,3.8287787470286414,27,13,-0.252507445350712,-0.1586029435914463,True,-0.0807977863578892,0.0,-0.0984602940770265,0.1538461538461538,-0.0379562880708559,0.2307692307692307,0.8461538461538461
G2022-46,Falling Wedge,bullish,1,0.6923547745741679,8,83,879,880,2022-06-29,2022,3,183.43011201601172,189.44062156170924,234.8787740644564,172.3614467217537,1.513927572267882,-0.0317276701065911,True,0.0417816015806444,0.0078938115498194,-0.014226885251302,-0.0090474778335326,-0.0089870239352461,-0.008861385110477,0.0019385324165939,0.0060722830543376,0.0130211178997241,0.0135439390587221,0.0032475534423066,0.0188114120178009,-0.0316455772559555,-0.0127432718179895,-0.0074614561404775,0.0092805885046918,0.0266414237930354,0.0093651210363221,0.0043979475607975,0.0222296568990372,0.009976532193447,-0.0425966717019837,0.0416337836391518,0.1056867782083244,0.0264025268196592,0.0325480420520329,0.0503244785344974,-0.0276158171959814,-0.1175899239603451,-0.0451982526010736,0.0769581412196007,-0.1389987950889478,-0.0200466953705806,0.07661598435979,-0.1354458767615558,0.0266719999716369,0.0466377856474859,0.063651504861701,0.0252624236986132,0.0457483217668559,-0.0093648240396831,0.0279970216751817,-3.9366471664692426e-05,0.0195963628172151,0.0426078801364397,0.1036707584457634,-0.02167366833758,-0.0036572592933326,0.1212186670560209,-0.0380733028636534,-0.0368330975749201,-0.0984162657220162,0.0244540885605659,-0.0537481850611251,-0.1046820162368823,-0.0675151691462453,-0.0836869643144401,0.1013137830986186,0.0811470339675095,0.1036518272286304,-0.0675151691462453,0.0116110552448791,0.0921633162319903,0.0289346888890305,0.0608647080768653,0.0363535351323012,0.0811470339675095,0.0183505617664132,-0.0322106747953203,time,939,60,179.45450860505156,-0.02167366833758,0.1514150884263054,0.0370796439456146,-0.3591764052186641,2.509253454918324,0.6144844985046461,4.648136038148528,46,21,-0.2003992386368693,-0.1124923858948678,True,0.0417029207926707,1.0,0.1050251997972866,0.9523809523809524,-0.0219463664265036,0.5238095238095238,0.8571428571428571
G2022-43,Falling Wedge,bullish,1,0.7369086850333344,5,51,807,808,2022-03-16,2022,0,240.73028887335187,235.49600351863967,286.399048185081,220.10626858831216,0.8967312850205064,0.0222266419663377,True,0.008225316801566,-0.0185020622974561,0.0151778574305219,-0.0268177395856232,0.0185389557377773,0.0128650762895694,-0.0075982269689195,-0.0110350264837654,0.0064525334062097,0.0077194513080467,-0.0089238794196555,0.0045647075498413,-0.0109369447061679,0.0048179254749098,0.0330745985420888,0.002405589014194,-0.000140536819782,0.0047369147725699,0.0241369110552764,-0.0004019052968199,0.039212382270602,0.0179693532936453,0.00193441695834,-0.0257523811906423,-0.0513461221162754,0.0572406970285044,-0.0145321440255821,-0.1035148327573773,0.1000594126973761,0.0436447550532994,0.0281906541260423,-0.1604171171831645,0.0757207485293038,-0.0202951033315272,-0.0989874876572324,-0.0076282648530962,-0.0199399342408087,0.0049957123564225,0.0229314003504974,0.0723111281902997,-0.0369370105989395,-0.0190808886058752,0.086950938719746,-0.0846424766785803,-0.0744030333613711,-0.0183357388785392,-0.0912347955442265,0.0069665473341951,0.3114304624996464,0.158506980959578,-0.0229491862294832,0.1711679128827212,0.1548378371473451,0.0555110516530543,-0.0684466075047689,-0.1260636242697973,0.1687924588422555,-0.0222277956451167,0.1709095783109004,-0.0022982699654893,0.0853092448027532,0.0690725825435165,-0.0031980453462302,-0.0610435041729074,0.161780065763238,0.1546127018320036,0.0772063660754363,-0.0176943109339479,-0.1619955905064619,stop,834,27,220.10626858831216,-0.085672726857774,0.05206700903504,0.1034568968790932,-1.0,0.6077431050079326,1.2075826307109714,2.2143480602012624,43,6,-0.1242207461255767,-0.0520043630626837,True,0.008191084591229,0.8333333333333334,-0.025324265490294,0.3333333333333333,-0.0917609660477146,0.1666666666666666,0.6666666666666666
G2022-32,Falling Wedge,bullish,1,0.7550905702906856,5,55,811,812,2022-03-22,2022,4,425.5229382585353,395.6448066389,502.511157689228,347.7331046570914,1.612861495132924,0.0755175630218865,True,0.0316494222125764,-0.0011086100572945,0.073602596721489,-0.0026107758662352,-0.0135328250438354,0.0519885435820659,0.0154978332409168,-0.0262163486601773,0.0016445858725115,0.0163855698004948,0.0010976219020462,-0.0121779491165966,0.0393920180386848,0.0319480501464559,0.0050473670128763,-0.0135328250438354,0.001172017224011,0.0188617600593692,0.008644008612699,-0.0137612371318237,0.0574351175627072,-0.0590278204455819,0.0225565567891643,-0.0649105655100829,-0.0599876709704001,0.1737330720950913,0.1340080717665539,0.0846246379236337,0.0468487720106898,-0.0487127408959748,0.0311107023613177,-0.0583802620338839,-0.1671247718502196,0.1348320718278826,-0.0852793595938331,0.1286487331966177,-0.0519589481661955,0.0088223540302958,0.027103528552044,0.0857560566466459,0.0296862155125567,0.1259796080334032,-0.0340006244619585,0.0734515300670004,0.3508819172971633,-0.1144120937260244,-0.2584658343530785,-0.0788771746335754,0.0595469242283293,0.0668049620246666,0.0905518958106712,-0.1579617314845561,0.157055863032105,-0.0353801137013277,-0.1394639902588463,-0.1548271190679949,0.2045186551683517,0.0990081381905692,-0.1928526572013371,-0.0252646917451043,-0.0200147492512311,0.0555106205122355,-0.0920189417103152,0.1690193931803711,0.0450702394951498,0.3436575250084526,0.0171943267886203,0.0751125026892181,-0.2867291869384799,stop,843,32,347.7331046570914,-0.1828099653565115,0.0429249313757354,0.1835193109390847,-1.0,0.2348062989455978,1.003880234762858,0.989695129380811,32,13,-0.1560216874217554,-0.104323945638472,True,0.031332796715983,0.7692307692307693,-0.0676333599755907,0.0769230769230769,-0.2522190340590438,0.1538461538461538,0.6923076923076923
G2022-32,Falling Wedge,bullish,1,0.7107204075556411,3,31,961,962,2022-10-25,2022,0,376.50508983689184,366.70818474332737,433.1545271121888,337.767451912042,1.1488757456576946,0.0267158070126569,False,0.0351702436968393,0.0275712062444992,-0.0377697695456198,0.0188617600593692,0.0269782080932796,-0.0171770816979879,-0.0133253008324318,0.0407691529655402,0.0035812020404824,0.0387368622242971,-0.006837628937681,-0.0034647547587068,0.0265060268602179,0.0157429339358963,-0.0266713273357985,-0.0104996699996033,0.015499659687294,-0.0027485935222801,0.0250253119096552,0.0367334515009487,-0.0751869795716649,-0.0254473480773018,0.033704937946944,0.0629996649888315,0.0150986757252928,0.0138481518227164,-0.1106290067366572,0.0708307855855534,-0.0918160233169664,0.0642023234177981,0.019859241174982,0.1616825790238256,-0.044391873764946,-0.0260964956797742,-0.1186242748013189,0.1367538908087842,-0.0993435788393397,-0.0497971485447131,-0.0736846437230254,-0.0434236000045618,0.0822970857241867,0.1402422267425709,-0.0298763616326891,0.0690309928608752,-0.1671247718502196,0.0678026900754775,,,,,,,,,,,,,,,,,,,,,,,,time,1007,46,376.5490177483549,0.0001166728223571,0.1402499210101312,0.0418373890200101,0.0011339852870815,1.363139621780157,0.4066326899455877,1.4623874946943245,32,13,0.036265008566219,-0.0192448498224075,False,0.0350360371691209,0.7692307692307693,0.0767611416048902,0.5384615384615384,0.1648716045357089,0.6153846153846154,0.4615384615384615
G2022-1,Falling Wedge,bullish,1,0.7273090053531773,3,32,856,857,2022-05-25,2022,2,252.8902129422661,247.84416162221123,299.5891912709426,233.23933221635275,0.8385012736437442,0.0203597748158639,True,0.0268737886285566,-0.0200822118414687,0.0379226326912032,-0.0780658996222324,0.0468417859979743,-0.0067051473527176,0.0335429090952366,0.0271740890936682,0.0368034463480619,0.0033913178995494,0.0167333191483247,0.0079012464358683,-0.0061084952673129,0.0296331078524672,0.0292822689045366,0.0415489295187014,0.0196358615886917,0.0108803352145705,0.0408814902242518,0.0119992803586894,0.0434126553940401,-0.0130764999227322,0.0101923569485145,-0.1479485368116914,-0.130628516455216,-0.018467057678516,0.0234452804472236,-0.0394801841146603,0.0631980913982994,-0.0023860530146317,0.055720262326107,-0.2392358322648451,-0.0427202088192426,0.0545035764306585,0.0215936598692609,0.1566667417978993,-0.0417080357922801,0.0074093571596858,0.0559149982881981,-0.020964120159912,0.083558640155249,0.1202646641251112,-0.0222894373150391,0.0106223247013201,0.131786644225909,-0.1658202023999811,-0.0760667570363173,-0.1173678483716831,0.2728133230291658,0.1208799885541693,0.0576766992778048,0.0408805194310886,0.0398171501369524,-0.2107551880403394,0.2148900544219281,0.1548975673606167,0.1938530158077294,0.0590572570930567,0.0176115107824836,0.1875502195944722,-0.1159476003786621,0.1057695143273285,0.1873493784495414,0.0255293108814187,0.0234326430734557,-0.0101103794187064,0.0322333075571461,0.0122105900780189,-0.1465487011372508,stop,868,12,233.23933221635275,-0.0777051847807156,0.0511184000323351,0.1048428541996432,-1.0,0.6578505691298661,1.3492388506057893,2.3764318241011617,1,14,0.1843568111624698,0.1450316146167356,False,0.0260238471695095,0.7142857142857143,-0.1502043689679613,0.0,-0.0762885643321678,0.2857142857142857,0.1428571428571428
G2022-1,Falling Wedge,bullish,1,0.6120959480817559,3,31,892,893,2022-07-19,2022,2,211.90340467340997,199.3223138134861,265.4117327177062,195.4821571768168,0.6713143674302958,0.0631193297891199,True,0.0177050592835816,0.0217306070653504,0.0237519905154486,0.004829540043141,0.028484328836992,-0.0349758714167282,0.1338391949143433,-0.0465825737079562,0.0164971249268461,0.003105501334518,0.0164817478166316,0.0455877752295674,0.0263915137627588,-0.0212293978906693,-0.0019839795542405,0.0611594822519623,0.0020602529531568,0.022475610335864,0.0252731959506489,0.047034427319897,0.0518857614781786,0.0240735998881032,-0.0037029019658415,0.134222644120729,0.0393616836909829,0.064545227832409,0.2275588029155977,0.0319153519194963,0.090338858444301,-0.0174569702707496,0.0379046687818955,-0.0505194721668501,0.1139778100645063,0.0330425227650892,0.0030700783287558,0.0429906188337021,0.120370241227466,0.055616698407046,-0.024161715038616,0.0083846293474176,0.0476559993600109,-0.024161715038616,0.1261803753594339,0.0420969554922954,-0.024161715038616,0.0889632815444302,0.021045013090051,0.1088104062920619,0.1909775613727784,0.0769401084503025,-0.0310060090307333,0.0171109920353333,-0.0795414785020097,0.0297630109945867,0.2584286416274679,0.2657837436357164,0.0504957089949404,0.1316847993561953,-0.0250511887647275,-0.0102758730184661,-0.0689204843205073,0.2218876532321876,0.0122105900780189,0.0910641740559443,0.019443820888064,0.1938530158077294,0.2148900544219281,-0.0219955290622567,-0.0558421525225736,time,952,60,216.36291459858825,0.021045013090051,0.18131764157826,0.0444113273177445,0.2715694971471243,2.339762894734856,0.5730935768824946,3.258481309376607,1,14,-0.0408978867926795,-0.0592594501624796,False,0.0174708971603083,0.6428571428571429,0.1356770688437423,0.9285714285714286,0.0205445606248245,0.5714285714285714,0.4285714285714285
G2022-52,Falling Wedge,bullish,1,0.6463883337775429,5,87,810,811,2022-03-21,2022,4,211.77794939279036,203.6433647367737,268.01026768273937,195.89017574900168,0.7908946539254179,0.0399452477449056,True,0.0195136142962881,-0.0030271312803793,-0.0356792957371013,0.0237452366615673,0.0153437704439041,0.0143400713486763,-0.0045734371650935,0.0102030554410608,-0.0274020860278089,-0.002467729841852,-0.083565037012509,-0.0148730973418245,0.002879243267164,0.049213092028064,0.0194033967877083,-0.0220599598960462,0.0188176308663867,0.017036869337071,0.0317642692597823,-0.0174356853034175,-0.0262466523643118,0.0140646569119053,0.0203881987131219,0.0817050321598629,0.0835441073963857,-0.1393683874132935,-0.0113437563096523,-0.0917891136758755,-0.095339774687869,-0.0575297171733211,0.0538696978745854,-0.0085792953660845,0.0761361307787062,0.0804242285313454,-0.0354369861233506,-0.1274759730938173,-0.0360788356985921,0.0642730744702115,0.0691280144880868,-0.0267118148543236,-0.0152062604570589,0.0357133474834105,0.060753247671039,0.0225217119127889,-0.0709955712686196,0.0943568338054471,-0.1385943805860234,0.0109142450599715,-0.1344764844487461,0.0866939677145017,-0.0095660970807108,-0.0552843115479352,-0.0235992688987455,0.2274847257823129,-0.0153060898684255,-0.1707339582359779,0.0696488479233785,0.024469880851037,0.2189715246507517,0.0914322508956138,-0.0094078642947218,0.0452287318319359,-0.082950753327984,0.0629638276195847,-0.0085027282808778,0.0182183706917944,0.076709024569852,0.0298055846234495,-0.1606843396445278,stop,844,34,195.89017574900168,-0.0750209060449499,0.1136819948739558,0.0898989391193628,-1.0,1.5153375354576712,1.198318493587622,3.5393453828524963,52,9,-0.0053322355175511,-0.0055180880427871,False,0.0194706447180494,1.0,0.0815642541182131,1.0,-0.136277776831822,0.1111111111111111,0.3333333333333333
G2022-56,Falling Wedge,bullish,1,0.625094448722059,5,103,908,909,2022-08-10,2022,0,147.85182920025315,146.61997297348805,173.51455995184855,140.36336274646692,0.8952285524605816,0.0084016945425835,True,0.009396981455878,0.0007443755207585,0.0215274740999962,0.0088659807700102,-0.0044907816297524,0.0073902715588829,0.0135578325315306,0.0268856259283254,0.0035822537599963,0.0225612020626473,0.012903789114073,0.0137629634606757,0.0100363410730484,-0.0174176861759789,-0.0017439723273184,-0.0003808810686339,-0.0045498929226216,-0.0023499992990843,-0.0231824988770825,0.0009817609479829,-0.0075670098954043,0.0121285368813635,0.0047719159562452,-0.065737286882691,-0.0122843689236132,0.0616391684122534,-0.0393088819174418,-0.0196605654876883,-0.0615946475939053,-0.11331841865149,-0.0508279096504841,0.0565449960246,0.0228394369566617,0.0419226675793706,-0.0061995740829564,-0.0013972336775788,-0.0226107490042746,-0.0045342531474232,0.0161288903416971,0.009949273052028,0.0403928174440526,0.0531767046761195,-0.0122011107224087,0.0144439574828107,0.0746808230322344,-0.0687405564359999,-0.0988392488743673,0.0204447602560814,0.093256488554599,0.1028314687092109,0.0503876455904619,0.0170518881716641,0.073568226833069,0.0775152459165819,-0.0012861765659448,0.0664469955958393,0.0405462887782399,-0.0939570946670054,-0.0783031971577806,0.0612348718327822,0.1116289900427665,0.0226254539969603,0.0424413040916553,0.0485340201063135,0.0154719150408084,0.0019104692309144,0.0122254628825977,-0.1401978760694691,-0.1250358684200806,stop,924,16,140.36336274646692,-0.050648453213546,0.0285595798484768,0.0526332435642904,-1.0,0.5638786189197688,1.0391875807613704,3.426967445199693,56,7,-0.0676102442020798,-0.0388964944596138,False,0.0092832855623603,0.7142857142857143,-0.064804756211956,0.1428571428571428,-0.0953803868462371,0.4285714285714285,0.4285714285714285
G2022-10,Falling Wedge,bullish,1,0.8279035424133646,3,30,857,858,2022-05-26,2022,0,182.87152360358508,180.56886763702084,194.27554918467973,171.82877738100584,2.134579561176287,0.0127522313048615,True,0.0096989658282955,0.0032515831273294,-0.2108972822614299,-0.0020118339393453,0.0083589541069915,-0.0046863859714216,-0.0022469949917374,0.0096989658282955,-0.0029729182240713,-0.0393930155895657,-0.0097201867311614,-0.0201686947202822,0.0529654910510248,0.0151753907047125,0.0084307116988411,0.0069550921222738,0.0022286788644725,0.0226909227001474,0.0217626138821385,0.0049457288076764,0.0176565771419112,-0.0114443552246192,0.0163325928655529,-0.048164403221942,-0.0049160413265706,0.058749869998331,0.0139173671350611,-0.0869390941101007,0.0250102671090177,0.0030309455485395,0.0260446214822125,0.0096518000380874,-0.1031407161194629,0.0155967596798649,0.0109888530722959,0.0280522143902539,-0.0029005701581846,-0.0371160200123324,0.0358908887957032,0.2057480658959172,0.0274933317034038,0.0860867908648959,-0.0346144857887326,0.0083071061461668,-0.0825307015095812,-0.0585307679300098,0.0006094291522782,-0.014641856508774,-0.0618875931732461,0.0968050810837977,0.0484722080064996,-0.0484661957164754,0.0693404561123591,-0.0277982643565144,0.3637801034555343,-0.0472389143308313,0.0590043431148361,0.078995334167256,-0.0130963887833159,-0.2805320146506852,-0.0852632115274468,0.1052248554340351,0.0871040313730304,0.1683551186624226,-0.0290373718642393,-0.1523001873015126,-0.1245087151001944,0.0614462979813996,-0.0128105194770572,stop,868,11,171.82877738100584,-0.0603852694229029,0.0242354580449599,0.0717101014858955,-1.0,0.401347187427931,1.1875429582615602,1.0327164412939878,10,8,-0.1282857656866312,-0.0752676142904021,True,0.009722542468296,0.625,-0.0502342151574567,0.125,-0.0030969164527052,0.625,0.75
G2022-16,Falling Wedge,bullish,1,0.6832690945456364,8,62,897,898,2022-07-26,2022,3,172.71212597928533,170.2051483173264,203.09109895793017,158.1868361342476,0.7356323013060151,0.014729152947154,True,0.0173439702454081,-0.0173959910049723,-0.009143776557547,0.0274147359129934,-0.0574408291574062,-0.0018364867718645,0.2398718357728444,0.0379156690004398,0.0171928927156859,0.0309052795031643,0.0474544787050459,0.0137666791095838,0.0168902408605744,-0.0079989759415955,0.054194330747521,-0.0228029639694484,-0.0081718120302295,0.0182389151196669,0.0276224065078702,-0.0121966963839503,-0.0189310029397101,0.1769524139481937,-0.0111508964621834,0.0826294434755146,0.0370112173775658,-0.0705535699898355,0.0551885826678362,-0.0601863366580218,-0.0383472245868625,0.0565906743337107,-0.0083142940792482,-0.0458941531495096,0.1059669243934795,-0.0027235672563467,-0.0089729318598678,-0.0266091177401601,-0.0782209351060058,-0.0356493022129283,0.0127620760354925,0.0391742192435509,-0.0507747443760702,0.1150407621041298,0.0394766859308004,-0.0378593998757526,0.1669332486032042,0.0762780636544348,0.107205870250195,0.168941893804363,0.0454547304832266,-0.1251327889240875,0.2420436400682077,0.0920879058931469,0.1927406970800353,-0.0176170858537115,0.0781250855287942,-0.333539702604872,0.0852540807810531,0.1100737773579665,0.1528217690207758,0.132651196974759,0.0633151987153775,-0.466996931016219,-0.0108591182430267,0.0529172891590496,0.0951317065304233,0.0924947278577164,0.0635052224319216,0.1537528660946043,0.0722946568834379,time,957,60,191.22787974765595,0.107205870250195,0.1339367135344494,0.0113789345754382,1.2747252527078572,1.5925668119535663,0.1353005690674415,2.091453823141654,16,5,-0.0894738293634143,-0.0673790687297045,True,0.0175681468407138,0.8,0.0837998242353863,0.8,0.1077311643828442,1.0,0.6
G2022-8,Falling Wedge,bullish,1,0.6869215329521197,13,145,899,900,2022-07-28,2022,0,193.70515265924232,186.0460212302374,221.96340077237213,168.44726269821018,1.1674712166609014,0.0411679399449587,True,0.0283587365548068,0.012189797429619,0.0058804319713792,0.0030727788628204,0.0035173178474894,0.0113768022182081,-0.0326794302033743,0.0485849620402556,0.0340373368547484,-0.0377097054975864,0.0458949600678137,0.0332394175623682,0.0041904287468605,-0.0174607084596903,0.0007521512795967,-0.0030250523422548,0.0399635086414877,-0.0079902189823197,-0.004553111708459,-0.0044310689114739,0.0213164610841227,0.0309269502313207,0.0196135259896411,0.0506465769021053,0.021376149442823,-0.0028292459783492,-0.0692628107694321,-0.0336679308957258,-0.017296176058539,0.0166874002133223,-0.0432786804198466,-0.0102582882438507,0.0583006219040072,0.081657208161588,0.0440179402754146,-0.0557999983697394,0.099865929724509,0.0023409973557473,0.0282978382594001,-0.0165780020762855,-0.0105989974609846,-0.0204835370631371,0.086320436792239,-0.0303166433400257,-0.0566066927204327,0.0481210084376114,-0.0486726386214232,0.0292320294985686,0.0717774936345756,0.0995369125571357,-0.0491999716525082,0.0868074271421068,0.0026620029856279,0.0126101350153793,-0.0343274367153705,0.0402941877848779,0.1229513538883972,0.131211724938457,-0.0456248578569834,0.1671607808836914,0.0509693030283751,0.0427290630882792,0.0979730480441805,-0.0109495981791398,0.0227104684860532,-0.0422653915144098,0.1395279063956886,0.0019009038811761,-0.0940954114132027,time,959,60,184.2770117647514,-0.0486726386214232,0.0840491092955953,0.0988888985747845,-0.3732750799467674,0.6445805873766406,0.7583883382295887,1.1187889470073176,8,5,-0.021431945102506,-0.0237511996285891,False,0.0281436640699982,0.8,0.051113317426338,0.8,-0.048552028474831,0.2,0.4
G2022-30,Falling Wedge,bullish,1,0.7650839172806088,13,99,866,867,2022-06-09,2022,8,203.2473452463328,210.52667562367543,253.77279042440372,188.94465943749515,1.1277040287571904,-0.0345767601933482,True,-0.1040673775501443,-0.0325775834124641,0.03037983757212,-0.0196002494634509,0.0124584657420636,0.0131550494240657,-0.0414617347550472,0.0352492511308133,0.0046707269816996,-0.0183638347452133,0.0148616510863597,0.0262674992282729,0.0430200987860225,-0.0233005267975654,0.011523638111387,0.0608722428433583,0.0017609191855965,-0.0086988451327549,-0.0309376145588559,0.0761350156803204,0.0259032653242532,-0.0377439141051834,-0.1128749246270574,-0.1059924026476019,-0.0832253565801564,0.0698345000399531,0.0435783688188191,0.0349407677191024,0.0552365972838535,0.0663409271653303,0.0001501039579174,0.0506988360305522,0.0587646411894471,-0.0814482863965404,0.1298258254752307,-0.0153411012067611,-0.078694041138012,0.1230843880457921,0.0935890225495783,0.0436113759302219,0.0143837680832539,-0.1495069413857737,-0.0222009922917396,-0.0012668011319582,0.0519153625428043,-0.1303672187116555,-0.0977277250369876,-0.091568942547335,0.1833355280932613,-0.0560534559284606,-0.0082428892759307,0.1180792993991062,0.1147781880601352,0.298756350708109,0.0009377292629506,0.0058882660491903,-0.0763524254488778,-0.0075639247447539,0.1552582522988403,-0.0377253931547023,0.1282688059024297,-0.0082568359049086,0.0328638034816153,0.0189557262431343,-0.0121158461772615,0.0356881874299725,0.1398078690776558,0.2709855764975819,-0.162592365630442,stop,871,5,188.94465943749515,-0.0703708370286608,0.0099402211146389,0.1143251848875378,-1.0,0.1412548370085535,1.6246102748639342,3.532584428782684,30,11,-0.1093403316382084,-0.0544576209206905,True,-0.1037960779508019,0.0,-0.1060129063884607,0.0,-0.0930109451467735,0.2727272727272727,0.5454545454545454
G2022-29,Falling Wedge,bullish,1,0.6586885730176323,3,27,808,809,2022-03-17,2022,1,337.1222440159047,323.4871267553008,369.0373864109306,299.4263558139668,1.1169432232610932,0.0421504169188102,True,0.0500135475595051,0.0214974473829709,-0.033455730240563,-0.0480280264412742,0.000961706254144,0.0254127821243121,-0.0480280264412742,-0.0019696012487423,0.064333473179116,-0.0093681340063995,0.0291353316964142,0.0417183373424616,0.0141400426109499,0.0673141600532563,0.0360793430083965,-0.0109199018335196,0.0070670653386299,0.0384578082588618,0.0038259567118654,0.0150533286487561,0.0235389881232286,-0.0054174846270027,0.0395209766339242,-0.0907199089334273,-0.0902406676661812,-0.0327065447312646,-0.0157506486151735,0.098130297085335,-0.0278634610591815,0.0837321282452587,0.0076262717749007,0.0987092227194614,0.1537500208968707,0.0258230238112495,0.2527248746637507,0.0417383349177591,0.1097157881511576,0.1440910098896692,-0.0261981718447533,-0.0030223978460278,0.1321641464002982,-0.0272140453599912,-0.0794388065643637,0.0391489708590642,0.1564232937246457,-0.1472990742893605,-0.1685887354854393,-0.0247532933752808,-0.110780376456231,0.1144608294196785,0.1130248544957261,0.1576387037195985,-0.0003152509986055,0.0271406859688809,0.0009135627877714,0.3843334631615018,0.0783221385060566,0.0916165500929278,0.0684237923272224,0.0782934645825212,-0.0485640353367591,0.073861598610788,0.4116237015647024,0.1868446423377632,-0.1858090126742797,0.0470144657999325,0.039164126738771,-0.1263098931611224,-0.2386336360597815,stop,835,27,299.4263558139668,-0.1118166744291115,0.0887355280729348,0.1153022040726938,-1.0,0.7935804612861252,1.031171823535067,0.8466478419093242,29,15,-0.0341521617604927,-0.0174933297030092,False,0.0499687119577313,1.0,-0.0910344065330973,0.0,-0.1693795381190261,0.0,0.4666666666666667
G2022-29,Falling Wedge,bullish,1,0.6291910096692959,3,27,888,889,2022-07-13,2022,0,271.5571411099682,270.42579698083546,329.40472702776515,239.58146006094125,0.6760002230023568,0.0041835658497215,True,0.1265683908686232,0.0699320437936235,0.0362005500484601,0.0514795932148122,0.1078968923286458,-0.0059581746554304,0.071098519955641,-0.072487674972172,0.019018494425353,0.0190372316871558,-0.0096713427458479,0.0560969075699562,0.0285683727870043,0.1015588710039545,0.0170789447109387,-0.0554009932902112,0.0151101981709496,0.0161716430472402,0.0047091308598024,-0.0359193300688707,0.0179357725600928,0.0006844969253376,0.1074079856904826,0.1955632939217142,0.0714230521168921,0.0429453405617448,0.1512463422869809,0.1389022594741067,-0.0685445233432305,-0.2874088204393706,0.0155120008765767,-0.044390595564058,-0.0748683098375804,0.0585845671536076,0.0192158833411035,-0.052983954269699,-0.037059485941321,-0.0805765678216759,0.0536019505137597,0.0204422508186357,0.1453783754611717,0.0572181813904697,0.0590822392989485,-0.0927196825179639,0.0409015085530062,0.1923393459219536,0.038149992127844,0.0351441237374279,-0.197460455452782,0.1060359243641488,-0.1111009694246127,-0.1910705329040577,0.0023594246671443,-0.135407793844875,0.1591140404568591,-0.046087706415095,0.1826842472163037,-0.097527593388783,0.025985222379889,0.041148744157903,0.0808549537943568,0.184884973893002,-0.1367233785126861,0.3447433542022502,-0.0559507746415877,0.0389867258234155,-0.1057958327524686,-0.2388713428371385,0.0456099305887847,target,903,15,329.40472702776515,0.2130217812772279,0.2326294399556127,0.0169640477144483,1.809111925688204,1.975632217356058,0.1440691221533455,1.809111925688204,29,15,-0.2812664197823383,-0.1899685299483865,True,0.1267859950223845,1.0,0.1955288494751017,1.0,0.0388717035240095,0.6666666666666666,1.0
G2022-29,Falling Wedge,bullish,1,0.6267951574333843,5,39,949,950,2022-10-07,2022,3,265.03467476001066,275.73602545684435,344.1407662605727,252.50259849556664,1.1208274494847823,-0.0388101289235003,False,-0.1019161591079484,-0.0845239324091139,-0.0062722332722627,0.0746110819040586,-0.0035316975673453,-0.0807231560957394,-0.0030201075864185,-0.0276353895387186,0.0773443712839818,-0.0206758630596997,0.0360793430083965,-0.0213901121516406,0.0293546166773963,0.0404321709469053,-0.00204697730584,0.0219997791529253,0.053757169586466,0.0703739025491865,0.0398246582680816,0.0210584933920614,-0.0090649970492193,0.0013270032037751,-0.116506261925266,0.0183703222073177,-0.0156719075955806,-0.0288367115879131,0.2051105417072614,0.0155020329885184,0.1622776933242233,0.0494256389657268,-0.0804164333229818,0.0123991592869618,-0.0156205319637819,-0.0261981718447533,0.0882757526891038,0.0688164927405718,0.1274341202891018,0.0531849386926051,-0.0426178656616883,0.1069786980836253,-0.0037416350469398,-0.15315530585989,0.0426723659860281,0.1171925688881787,0.1241998036536575,-0.022773835393063,,,,,,,,,,,,,,,,,,,,,,,,stop,950,1,252.50259849556664,-0.0472846667168808,0.0017168639306327,0.0533119982015777,-1.0,0.0363091050405952,1.1274690487042207,6.312289347057496,29,15,-0.1749631971760827,-0.1649621043338844,True,-0.1018096650189658,0.0,0.0182771408564218,0.5333333333333333,0.0976405363526612,0.7333333333333333,0.8666666666666667
G2022-45,Falling Wedge,bullish,1,0.7257252629007487,3,33,856,857,2022-05-25,2022,1,200.18838672826627,197.63619423383307,264.38575218654546,186.69449679142144,0.7292761751009648,0.0129135885475186,True,0.0433220935447427,-0.0036339069252826,0.0010944808140107,0.0288116669067826,0.0609041119567086,0.0484115469993902,0.0149525523250397,-0.0269212666511993,0.0154107123803151,0.0171072139141665,0.0283559914163094,0.0122653989151548,-0.0120486177976932,0.0929811413658361,0.005255139574896,-0.0204520422041708,-0.0044272529522784,0.0351113714164703,-0.0686263661201768,-0.0884867779531131,0.024940598878258,0.0162317704673304,0.0342785248621408,0.0273682167365902,0.0446882370930656,-0.1960689501211892,-0.016571613492216,0.0398503887409322,0.0089266599365602,-0.0890554101625857,0.1016655332311249,0.0409254485687113,0.0397659622972104,0.1379538034960337,0.0402376440133582,0.0427381086145171,-0.0438246823605134,-0.0590527833678553,0.0512251610667178,0.0120731862641916,0.0472094312215094,-0.174793125989829,0.0326100759035283,0.0055046565486682,0.1053081118883225,0.0210368364217304,0.1177892038132042,0.0764881124778384,0.0484490058089861,-0.067829461071398,0.1676506887181572,0.078176736534046,0.0637476830001639,0.1062551159160409,0.0288503903485908,0.1458360027302245,0.0659271288436778,-0.0255061007437834,0.1070088412174059,0.1117032672112037,-0.1369988424311187,0.0331392330425457,0.0599544087384709,0.1032378911294389,-0.1387617692910242,0.1119989959358589,0.1724252857881878,0.0570292003765535,0.0631745187230928,stop,871,15,186.69449679142144,-0.0674059577449979,0.0504215529591036,0.0713863422093619,-1.0,0.7480281364720369,1.0590509295843276,4.757513642006924,45,5,-0.1004387518825979,-0.0771369685253897,True,0.0433085750972783,1.0,0.0271193375627849,1.0,0.1181133827739531,1.0,0.8
G2022-19,Falling Wedge,bullish,1,0.8019358126039814,3,25,892,893,2022-07-19,2022,2,177.96616240944505,165.94045991308758,238.71150242052957,160.09038184820952,0.6190219234377102,0.0724699841295848,True,0.0131973074491977,0.0172228552309665,0.0365518737742742,0.002355678790866,-0.1047807297492027,-0.05707185575101,0.0087213681757996,-0.066272758169334,-0.0645718913220779,-0.0180029213394996,-0.030995662587285,-0.0170288046623329,-0.3974899422213344,-0.0094712617170352,0.0586397378406464,0.0190359035157605,-0.0135325520494594,0.0343821533948589,-0.0356448727044925,-0.0177651345292376,-0.0391917753228007,0.0242441659782068,0.0475917714819322,0.0531888748455282,-0.0416720855842178,0.1224729418164962,-0.0696044089340139,0.2446205498883336,0.1225547378432285,-0.0256742346185544,0.0541327375959406,-0.1086899936533357,-0.0213829865077214,-0.0288782261553948,-0.0196883919794038,0.1219794474389512,0.0633087806462591,-0.1271620330601589,0.2185811292067281,-0.5227369265504542,0.0481606079715331,-0.0325343051028573,0.0429322700031118,0.0181587896402115,0.1490447608496812,0.0407091125285992,0.1645289130743183,0.2522943062763293,0.2655735314072969,0.0490050702576778,-0.140352978633688,0.1576579017984096,0.3970831937554822,0.0405979118216059,0.1648044728509283,-0.0980100733474194,-0.188182846752104,0.1194365897599687,0.2832646441352267,-0.1169647596079829,0.0647630567222175,0.2000220013248597,-0.0416374809927367,0.232016090985097,0.2099969084371962,-0.1601013686352226,0.0916265901068038,-0.0859667654360296,0.092297328576439,time,952,60,207.24674167467865,0.1645289130743183,0.2195532083233657,0.0395135860232746,1.6380028365715067,2.1858089942501624,0.3933859695529645,3.398192308469797,19,12,0.1571072437952789,0.0723227670379274,False,0.0130809903200424,0.75,0.0528862137199059,0.6666666666666666,0.1645636220227606,0.9166666666666666,0.0833333333333333
G2022-59,Falling Wedge,bullish,1,0.6664727506179056,5,56,909,910,2022-08-11,2022,0,177.0354483601379,173.6228930529789,199.47468938366316,162.94280855750753,0.8210093683166733,0.0196549847036455,True,0.0369329031812999,0.0230475039672666,0.0241631376435482,-0.014611066643384,0.0191537988458616,0.1589610138855166,6.406028359218219e-05,0.063046529362529,-0.0159380658754314,-0.0039719921865266,0.0045611500106983,-0.0168521563070761,0.0190030673968875,0.0205269795342626,0.0080509245487723,0.0534374869461311,-0.0029111009476207,-0.0298292438507506,0.0057467249210478,0.0001173356319923,-0.0048671273955768,0.0084889543438182,0.0221158826738853,0.0058513125206491,0.0424126748931846,0.0477114136729668,0.0242787187612849,0.0127453932876764,0.0538584956239835,0.0186587440683478,-0.0435619631321428,-0.0107839693824113,0.0309746848192178,0.064960094301534,0.0188975876164192,0.1258790846699533,-0.0435619631321428,-0.0116131167106094,0.0380237039313631,0.0292086251887409,-0.1060411126005099,0.0395086760014333,0.0708154215569152,-0.0095606591566174,-0.0096820393598084,-0.0111844784806305,0.0610928384643736,0.1656682555624153,0.0935524061302559,0.1249559718825537,0.1465847364109653,-0.0918362942740571,0.0959790120160151,0.4436826581180646,0.1535942285992881,0.0211560785946971,-0.078829911282835,0.1442139922734504,-0.0237994973462131,0.0100511966306495,-0.0833172702568133,-0.001909817478797,0.1098431306809519,0.1551346045157413,0.1009440163970254,-0.0672732237035113,0.0451837827179557,0.0326224593473403,-0.0054337745342627,stop,939,30,162.94280855750753,-0.0796034914655179,0.0405175844967708,0.0803673285457334,-1.0,0.5089925548595058,1.0095955223339217,1.592266696501884,59,7,-0.0355093376975267,-0.0113940323621026,False,0.0368987881742882,1.0,0.0059005828338875,0.7142857142857143,0.0701461409990749,0.7142857142857143,0.1428571428571428
G2022-31,Falling Wedge,bullish,1,0.8350970028221738,5,73,810,811,2022-03-21,2022,1,224.4340912047922,219.3982279711788,280.55060679587586,203.3727433188677,1.5947119755964962,0.0229530715912387,True,0.026396793408691,0.0038560478320235,-0.0076757367252937,0.0103887934085942,0.0020161052719529,0.0023026152281138,-0.0219576847388019,0.0502309578782482,0.0147907773483522,0.0687666873093659,0.0637311305846384,0.0140318940503292,0.008246218982062,-0.0927021473304119,-0.0532799834754851,0.0208942747400509,-0.0206639222493365,0.0106413116538799,0.0463896560119392,-0.0585393969146007,-0.0330799599045588,0.0447291257769986,0.0229337575633892,-0.0507838613081065,-0.0489447860715837,-0.1015803975618938,0.0320549675449211,0.006583718011093,-0.0442223540006165,-0.0065075977711364,0.0399591927650615,0.123856142509068,-0.0728011279131233,0.0762086283694132,0.1250453666606441,0.0674992692829699,0.0648799464153107,0.0627302156247371,-0.0617786639546245,0.0212008898184479,-0.071363135854892,-0.0045945616869818,0.0085651931962258,0.1299715660110423,0.019689017332398,-0.0715536750480097,-0.2100554129770955,-0.0605467873311005,0.3248219233451417,0.0220352358620041,-0.165235909509313,0.0669676488703949,0.0041999411631425,0.0181059417175641,-0.0564402038851261,0.2906741453874575,-0.0515976536576533,0.0965002823702316,0.2659223995415247,-0.0718293076974556,-0.2314691243640887,-0.2262374695553919,-0.1662257136744975,0.0852357451372296,0.0121318908625456,0.2523504019488654,0.06708735452566,-0.0734808901782909,-0.2332312448875927,stop,834,24,203.3727433188677,-0.0938420173729596,0.0537576582582385,0.097441996548301,-1.0,0.5728527557606482,1.0383621247296284,2.6644313505018764,31,8,0.0622026430310085,-0.0007587457770603,False,0.0266242673618847,0.625,-0.0515770722843885,0.125,-0.2125739701668845,0.0,0.25
G2022-31,Falling Wedge,bullish,1,0.6422314794408017,5,80,887,888,2022-07-12,2022,2,169.6838345083652,176.8998688710176,246.11483292562173,163.51586637062053,0.6405579822647759,-0.0407916320611508,True,0.0827666049140176,0.0369918918558767,-0.0116717919677815,-0.0856742734256698,0.0111500868242142,-0.0300134955925982,0.0016382321484289,0.0144558259541551,-0.0338861522354208,0.0323088700975016,-0.0099349235026254,-0.0186041015841085,-0.0018576805037533,0.1037786557984961,0.0032953721377078,-0.0207931380973884,0.0223852591504318,-0.0207512755337777,0.001718423402145,0.0114349528688444,0.0674232145323039,0.0875778107863558,0.0765676113511446,0.1232773384986791,0.026636347463302,-0.0911823879663724,-0.0190080278773193,0.125808671241361,0.0248438912241204,0.0326470332989692,0.0765895962510823,0.0777329406440234,-0.0727410749360379,0.0069569610772757,-0.1189044314847793,0.0292305358492315,0.1246808777565333,0.0617543903839741,-0.1248823891356907,0.0322159298118045,-0.0158052407690649,0.2673600508908378,0.0855782690268123,0.0211651018949821,0.0063976734296868,0.0967554199681076,-0.0094218759538041,-0.0188567038152186,-0.2100554129770955,-0.1814552671369471,-0.0793617151515483,-0.0073388262299196,-0.0709122291068694,0.0261018715122935,0.0407049687909866,0.095694688497439,-0.0049124571325742,0.3512058920592908,0.0156657868416083,0.0017259988764759,0.1244968934569488,0.0483973473761349,0.2518137287057596,-0.043361187557665,-0.0229262193441605,0.3083937867930564,-0.0384963410662477,-0.0721375175784388,-0.0360840654352305,stop,938,51,163.51586637062053,-0.0363497687072872,0.2235803943187047,0.0452729880295372,-1.0,6.1508065187188485,1.2454821485689715,12.391600720104163,31,8,-0.3060616710526573,-0.2017172661614265,True,0.0826985371751834,1.0,0.1241141314759104,0.875,-0.0022565239640147,0.375,1.0
G2022-31,Falling Wedge,bullish,1,0.6633508474833825,3,39,947,948,2022-10-05,2022,1,167.54386516216087,163.03637181312274,217.3748784269094,154.1252208700647,0.9152989452217032,0.0276471642426192,True,-0.0898390404987831,-0.0390962391489528,-0.0147257880213896,-0.0267012474032235,-0.0081756005108606,0.0533352807525151,-0.0299883834200753,0.0041561304041233,0.0023026152281138,-0.0179723504358175,-0.0403370579039703,0.0114526276020567,-0.0015843426094683,-0.0482674867590835,-0.0493016953164799,0.0285021504859521,-0.0028679720163263,0.0061154441321507,-0.023510099697974,0.0144558259541551,-0.0876400799232526,-0.0213385369274473,-0.0772345121794679,-0.015893006699568,-0.0138966395812278,0.1031003652000164,0.1912843910085973,0.0063976734296868,0.1461113766487281,0.0154056698346201,-0.122241160720352,-0.0055983781290761,0.080372400169044,0.0223116430856074,-0.1504215194342089,0.0536488260201681,-0.0416358306656402,0.0751146727085299,-0.0841562682977428,0.0648799464153107,-0.0442223540006165,-0.051970290263964,-0.0844622324083678,0.1053419789679619,-0.1563458065633562,-0.0220387618498153,-0.0139861419896791,-0.0367914518682293,-0.107533585221401,0.0838669403193639,0.0419223531637253,-0.010807100305465,-0.1140842916758348,-0.0596396972752977,-0.0028378638608619,-0.248831448957596,0.0409581669692378,0.2889037495088593,-0.0100366107525801,-0.0097027322503032,0.1289293659705672,0.2782447167463688,0.1476739333073675,-0.1179137087356682,0.164593786786064,-0.043361187557665,-0.145841657558656,-0.148147467463044,-0.0218039250475382,stop,951,4,154.1252208700647,-0.0800903350242555,0.0125537639048593,0.0930364734354883,-1.0,0.1567450542073198,1.161644203477386,3.7135654079525713,31,8,-0.2514040762596501,-0.1773525728177682,True,-0.0897876932579133,0.0,-0.0162068731734507,0.375,-0.0155174061699649,0.5,0.75
G2022-35,Falling Wedge,bullish,1,0.6932453468152716,13,172,890,891,2022-07-15,2022,0,217.9826092089041,214.7533373487784,253.2245261114716,190.28427838182637,0.7851220958553207,0.015037120726469,True,-0.0140492680702567,-0.0313260090954418,0.0237429612551824,-0.0072354999047439,0.0134089662071035,-0.0374396510529807,0.0079076534111663,-0.024715724453866,0.0162553255758881,0.0275264673660098,-0.0374396510529807,-0.0100126536926054,0.0109501917615053,0.0241462544410826,0.0310698600814309,0.0385990207957529,-0.0036184213122992,0.1408532504001465,-0.0131203651924985,0.0272621217734181,0.021275760317625,0.028523842650513,-0.0279462535389992,0.0458034738749013,-0.0538925399582654,0.0408575012765104,-0.017151512026907,-0.2042186192287522,0.1112083447551859,0.0044277713081031,0.1383535300940357,-0.0505077217286435,-0.0010139584295041,0.0259563603271775,0.2831850949934817,-0.0312256473647627,-0.0034836088515416,0.0882051389294236,3.70140536956054e-05,0.065145645899902,0.1189549533857661,0.0818805496979542,0.0232719685460065,0.061577111943269,0.0233505198361156,0.0078629520040755,-0.0456890487905129,0.0235243953824049,-0.0391615564143683,0.0711473000167104,0.1038675431785709,0.0218956454643819,0.0373480261159817,0.0382663288468776,0.1566942278169167,0.0127170855507128,0.0870090736321771,0.0235542097038548,0.1508666121525597,0.0415692548097772,0.094819772720081,-0.2161831180991223,0.073916357843017,0.1244836369009783,0.1151038969083693,0.0609006824415576,-0.0160288782882409,0.0112767508482061,-0.0933921913979629,time,950,60,208.0231911412752,-0.0456890487905129,0.0682674976451443,0.0845848601503387,-0.3595674457715933,0.5372571854150701,0.6656729111313864,1.2723480386809112,35,4,-0.0246223760967434,0.0164392803393509,False,-0.0140167474360178,0.5,0.0452870888165028,1.0,-0.0435888953874828,0.5,0.25
G2022-35,Falling Wedge,bullish,1,0.6690024753912385,3,56,953,954,2022-10-13,2022,0,213.07917997827988,210.07882232469225,239.4864099373723,200.86712582691052,0.9589937191491836,0.0142820567079835,False,0.0086915645944749,0.0172110005054703,-0.0142251605948083,0.023570410561104,0.0400960492415438,0.0782978591308229,0.0205948056481983,-0.018525599094487,0.0498756578825558,-0.0244894622684167,-0.0226670215022225,0.0740578982218989,-0.0129041589595654,0.018979507512947,0.0205948056481983,0.012742975486145,0.0107893911364824,0.0810657055244425,-0.0002769491835957,0.1458438627342511,0.029189629059116,-0.0341739321357807,-0.0152302491079665,0.1441727680938151,0.0732457347517427,0.0786978964301874,-0.0627682126955083,-0.0074604840898265,-0.0318717352633181,0.0888033432997916,0.0518927950373033,0.0186230966931759,-0.0156690454427445,0.0193597756327856,-0.0160550598693564,0.0450352803342453,-0.0018882212175705,0.0020612825256549,0.0305545175906074,0.0108855000867027,0.0893975497479246,-0.0026278429798313,-0.0012037266000957,-0.0270884584033833,0.009884897557266,0.1302446106751146,,,,,,,,,,,,,,,,,,,,,,,,target,965,12,239.4864099373723,0.1239315355061165,0.1245084506588606,0.0136345305262313,2.162390506279517,2.172456675831341,0.237898927396456,2.162390506279517,35,4,-0.0544123457904818,-0.0095930146552287,False,0.0087028386334812,0.25,0.1424381294704599,1.0,0.1368156435346732,1.0,0.25
G2022-15,Falling Wedge,bullish,1,0.8557310443583991,13,121,902,903,2022-08-02,2022,10,139.88822788774442,136.23266593476734,188.68551940950996,122.86135968892938,1.2168640433984008,0.0268332262889685,True,0.0110910669199821,0.0085320289863317,0.0024383765326332,0.0022079499572802,-0.0003722124755352,-0.1099674751472458,-0.0193986016180363,-0.004674285364963,0.0130830759510365,0.0033182701414458,0.1171793917046972,0.0351315391810476,0.0250778726677796,-0.0171911810259794,0.0273614453977242,0.0385727847119752,-0.0585394549140142,0.0040477295628666,0.1056631567897277,-0.0438161145593131,0.0196562210535806,-0.0050876145264265,0.0043565232189681,-0.0014827040939114,0.0279837558077146,0.0577885310419665,0.0399034568072271,0.0285764436237867,-7.490072428140149e-05,0.0483732439673183,-0.0552093663425991,0.0184405587755913,0.0278688500568662,-0.1109439225701466,0.0406885863209178,-0.0415183855961732,0.0281947845161654,0.0376922284885823,-0.0216537573416701,-0.0906829141308984,-0.0104022733409067,0.0679146660138714,-0.0399509666919121,0.0367803796730723,0.0511904861700402,-0.0071314905297524,0.0104631462471338,0.0755637190864734,0.0964047705509045,0.4605886339666802,0.1167535518023994,0.0180338251420917,-0.0214093742651937,-0.0278320327301525,-0.0209260371825172,0.0467894207628316,0.1152837308348426,-0.0394768954220181,0.3330134853609658,0.0142027924816561,-0.4991467376426475,0.0531931999041732,0.0436928755429,-0.018945040014946,0.0755729119010486,-0.0438624638881047,0.0759918822692371,0.0173647181633498,-0.0293012146297412,time,962,60,141.35189887438628,0.0104631462471338,0.0861778911249418,0.1092974379219956,0.0859624312322873,0.7080146702145765,0.8979587276445099,2.865899409802297,15,13,-0.1836245802254963,-0.1146595737846006,True,0.0110669149773373,0.7692307692307693,-0.0013441157511737,0.5384615384615384,0.0110023623075236,0.5384615384615384,0.8461538461538461
G2022-15,Falling Wedge,bullish,1,0.6688836755784628,3,26,1004,1005,2022-12-27,2022,0,137.16816083256575,135.20211169292736,160.17625274347097,128.31110399634122,0.4886515308003726,0.0145415564521929,False,,,,,,,,,,,,,,,,,,,,,,,,,,,,,,,,,,,,,,,,,,,,,,,,,,,,,,,,,,,,,,,,,,,,,,time,1007,3,138.29382335806432,0.0082064417767662,0.0129300779982915,0.008589821997527,0.127092164622306,0.2002465436592259,0.1330295274228078,2.5977130254831704,15,13,0.0231267630652183,-0.0355107321622067,False,0.0383880826259373,1.0,0.0966003055197705,1.0,-0.1739253613154128,0.0,0.1538461538461538
G2022-17,Falling Wedge,bullish,1,0.8354659445685324,8,108,892,893,2022-07-19,2022,0,160.6538446557288,155.418447749228,213.42443386487025,140.16529959615565,1.1406800467324465,0.0336858138935234,True,-0.010787009550604,-0.0067614617688352,0.0019613254759898,-0.0512036719419584,0.0064122199123588,-0.0273337891369055,-0.0358053474394334,-0.080150933072531,-0.0091250111810851,-0.0215108777854595,0.0186221485454789,-0.0124171786394172,-0.0553297883187551,-0.0004106751011718,0.0086179415733911,-0.0150039631969102,-0.0253572822576654,-0.0023353352135104,0.0088276885726503,0.0089111254220932,0.0009075137877516,-0.0694186254816232,0.0067701162232315,0.1178856989945031,0.023024738564757,-0.0193691571463603,0.0757023736264674,0.1206494849663986,0.1413535666557437,0.0965067793024723,0.108017570945458,-0.0117235338624451,0.1732831300989381,0.0210357554190283,0.032532961496545,-0.0427796074056484,0.0144368279624749,0.0925513444803951,0.0626105162822587,0.0233546707812559,-0.0332710363870706,-0.0296482026954746,-0.3020897695732931,-0.1273007921260265,0.0312750763520692,0.0965293010358438,-0.0421317611605602,0.0456336320414506,-0.0369762976365491,-0.2260465252122567,0.1908113172522292,0.0141457299818228,0.0685561287206584,-0.0039680274670379,-0.0985885698036169,0.1076893212783913,-0.2446318592985967,-0.0678937036499681,0.0287305283278163,0.1230341899654758,0.2441766734318455,0.0712805468500685,-0.0371832710200239,0.0762036988665852,0.0452474393363786,0.0329780919947222,-0.0959364380596957,0.0845930839377355,-0.0559428640503594,time,952,60,153.88521524316786,-0.0421317611605602,0.1246281513814628,0.0483769231384845,-0.3303616431952706,0.9772285739934974,0.3793309223380333,2.5756142788911576,17,8,-0.2219618480904809,-0.1144687463381183,True,-0.0108336406816834,0.375,0.1185874793968939,1.0,-0.038888884492483,0.25,1.0
G2022-34,Falling Wedge,bullish,1,0.7760982659313154,13,191,893,894,2022-07-20,2022,9,229.5434625226719,215.3432062971018,340.02407168818047,197.73110069597385,0.7749938791408368,0.0659424389083278,True,-0.030825825235871,-0.0482806626446923,0.0245574539505293,-0.0595888147892846,0.0052285059857322,0.0434295949828276,0.0136726310784129,0.0111585757764796,0.1728767328004108,-0.0409099372466716,0.0427468780724673,-0.0231391396198048,-0.0553146688305852,0.0279809186607746,-0.0306659934802587,-0.0172663353857671,-0.0422809369891675,-0.0351149142462803,0.0453720340122425,0.003242142353663,-0.0665694704014595,0.0365762775734574,-0.0336254019487569,0.081003386928363,-0.0014250723816948,-0.0136234498586971,-0.1884352543552085,-0.0191545138108308,0.0244023611756114,0.0243440538134049,0.0119936233586959,0.0526956691253479,0.0161808275715833,-0.0555578513265113,0.0782366172603066,-0.0887658457049185,-0.0028520181132778,0.2994589306312958,0.1077611336929047,0.0860380043952715,0.0622983282419347,-0.0225523831441848,-0.0449029597478874,0.0036214684791553,-0.019589249382617,0.0654235123132941,-0.0688217960591418,-0.0011167337818341,0.0631204521412795,-0.0936358025680619,0.0306646178672742,0.0658117388769095,-0.1208756482643044,-0.0543512720089267,0.1733634145569413,0.084867448603332,0.1917795441853336,-0.1304208259068415,0.0082473337203943,0.1540025265289633,0.1597509464584554,-0.046119832054199,0.11207934376664,0.0772278833100397,0.0161560235654523,0.0938192316227974,0.1043481793844258,0.1149228485346791,-0.119059703675171,time,953,60,213.7458691582273,-0.0688217960591418,0.1090426542182824,0.1222473783034823,-0.4965866241087039,0.7868019529100446,0.8820812064494509,3.472882955605934,34,9,-0.1336877973655164,-0.0916195852507534,True,-0.0314631698870037,0.1111111111111111,0.0798596746557941,1.0,-0.0682567249906642,0.3333333333333333,0.7777777777777778
G2022-34,Falling Wedge,bullish,1,0.6077550592518743,5,48,964,965,2022-10-28,2022,4,221.63249359530863,212.3984654538353,255.7054807823212,198.74495575661356,1.1060155936114069,0.0434750228620663,False,-0.0293506400041113,-0.003240615679347,0.022932013971102,-0.0082507877508978,0.0133430016895736,0.0085222289941024,-0.0121080972438164,-0.0215212428655821,0.0414271848301384,-0.0257867907199377,0.0164488429972384,0.0168597802487484,0.009054093114732,0.0318833477163023,0.0113386032318185,0.0300991286796481,0.0937889710058124,0.0272033310514623,0.0442417144695035,-0.0143668754699857,0.0146934856140223,-0.0090112261185872,-0.0438901753763812,0.0806525233790049,0.0561466757057529,0.0550811801988078,-0.0449029597478874,0.0848210599420826,0.2115862001528432,0.0485780821500241,0.0135755526092167,0.0882460881727986,-0.0253981598691499,0.1176278474600103,0.1219946032309984,0.1029520316227483,0.0031057510766665,0.0236212545500396,-0.0341076415490876,0.0031057510766665,0.0051734728462431,-0.0619125749985448,0.0026308025387318,0.0942680540389124,-0.0684841504436515,0.0435744111260815,,,,,,,,,,,,,,,,,,,,,,,,time,1007,43,239.6755414335761,0.081409758765848,0.1410794495863221,0.0595599590943291,0.7883350304182875,1.366149143137927,0.576751520654759,1.4887135272980978,34,9,-0.0372618628297227,-0.0383974881109114,False,-0.0293090459293774,0.3333333333333333,0.07827676680742,0.8888888888888888,0.1211685138848635,1.0,0.4444444444444444
G2022-12,Falling Wedge,bullish,1,0.6279657113946228,5,59,807,808,2022-03-16,2022,0,161.5944710014166,156.75892704990918,222.77745702067196,144.5808795028653,1.222223405011435,0.0308470084767029,True,0.0128921827936125,-0.0138351963054095,0.0564138582771049,0.033746564798591,0.0056471527380048,-0.0216498430311555,0.0238925655591231,-0.002870547079225,-0.0826022383185253,0.0140422704322547,0.0475320717142617,0.0403561061625452,-0.0286585188816422,0.0099044608751739,0.0716909736521353,-0.0291277341411571,0.0185225253104066,-0.0190671973722127,-0.0098961204226385,-0.0345329647951849,-0.0205842066456513,-0.0411961477885933,0.0113140312414318,-0.0064039548967833,-0.0319976958224164,0.0249331223804569,0.0353921789655087,-0.0485157355325068,0.0526915812787334,-0.1163554770058166,0.065468612903512,0.0306556948880873,-0.1988286342394972,-0.0753491760949846,0.0633758192660243,-0.0107322274299191,0.0160468733771821,-0.0394808166292435,0.0828404008902188,-0.0329523210823662,-0.1041448942772397,-0.1619564051768666,0.0038512326455975,-0.2955577928865239,0.0121564055942411,0.0284191230114867,-0.150665726627228,-0.0524643837488063,0.2191543234331332,0.3470985103917159,0.2445405971652618,0.1414173810160039,0.1905159472894428,0.1618985011945988,-0.0230753053119943,-0.3300479772827246,0.2586289524973573,0.0380529850408057,0.0540811481993777,0.0674242954511807,-0.0124192644056544,0.0064629930686446,-0.2150845537027775,0.089139551249062,-0.1629079139047751,0.0330353802532772,0.1012768000201638,0.0716694082810904,-0.2147088146243875,stop,838,31,144.5808795028653,-0.1052857278662842,0.0890966395475308,0.1268169874885295,-1.0,0.8462366301032369,1.204503117930576,3.5961240767103773,12,4,-0.1907420170244751,-0.1507015355724317,True,0.0129444020182249,0.75,-0.0065708740644037,0.25,-0.151644148857261,0.0,1.0
G2022-12,Falling Wedge,bullish,1,0.6400067063372912,8,91,896,897,2022-07-25,2022,4,140.5032925215639,135.7465899461656,186.1941920225348,123.47492203631136,0.8741947372047273,0.0350410465359365,True,0.0677104734345199,0.0247233436008404,0.0716909736521353,0.0123009455085048,0.0141455531551746,0.0164376726623667,-0.1041228806694781,0.033095460305339,0.0102917516115821,-0.0139879653235855,-0.0239721465640743,0.0040550952167799,0.0236459650931926,0.0251197950270267,-0.0431327686361411,-0.0230235909992096,0.0462133728029592,-0.0074926760166688,-0.0476173989940252,-0.0329450997158679,-0.0821366365596187,0.032949545608355,0.0721347250762826,0.0650302923166621,0.0154923979601337,0.0030486717149833,0.0414841666320346,-0.1641401538119331,0.010429282294208,0.2300502782124778,-0.0712978295975056,-0.040589991494226,-0.0212503938566569,-0.0729501149219238,-0.0830295353925635,-0.0064039548967833,0.0451238904649804,0.087749072941033,0.0519913087985952,-0.1147535607153282,-0.37767835771083,-0.0008186726051185,0.0419643124788591,-0.130706812006908,-0.1287378315564509,0.1000561035681149,-0.0977252287609974,-0.0439332467654867,0.0470719744660312,-0.0509492114267161,-0.090606643330546,-0.1692803596723845,0.1281143271573697,0.1391305735577628,0.2001309124687222,0.0073455716496855,0.1665462997175018,0.0120853829526805,-0.0961366348137374,-0.0533803923565595,0.043887457288458,0.0843175101083189,0.033771147825979,-0.0063576021661055,0.1164831477655037,0.0141606607650133,-0.0367208345560381,-0.2038512212340755,-0.1120133320693406,stop,944,48,123.47492203631136,-0.1211955263086741,0.1545713064899083,0.1383326556604339,-1.0,1.275387889287506,1.141400676029188,2.6832220699298017,12,4,-0.2003345198707061,-0.1689085530904328,True,0.0678174071898817,1.0,0.0646473981373431,1.0,-0.0991259372706905,0.0,1.0
G2022-12,Falling Wedge,bullish,1,0.6117064266123302,3,31,956,957,2022-10-18,2022,1,125.50072369411788,121.31240795114286,158.89554639321068,110.901727343576,0.8571989927956166,0.0345250400491745,False,0.05729218807788,0.0141202262136086,0.0125825424613426,-1.4718185862294677e-06,-0.0331630633264125,-0.0305073711555369,0.0194742448110805,-0.0208655175975858,0.0092211054209425,0.0017968486722899,0.0123878749484029,0.0016191099382047,-0.0210617489515309,0.0407800622125198,0.0265277967911163,0.0359170165935858,-0.0380332931882808,0.0141455531551746,-0.005299263950392,-0.0381816756696004,-0.0281390841061858,-0.0237002952081285,0.060517219576259,0.2616089315735437,0.1816610722675389,-0.1252717278518857,0.0793635183886398,-0.2251672516249139,0.0389595883515334,0.0174689700990735,0.2417601466682981,0.0405631511632087,0.0795326443138952,-0.0892255571376401,0.0168718104531881,0.0508931715619105,-0.1466501601717259,0.0692792818853518,-0.1641401538119331,-0.0663105806363654,0.0758294200220417,0.0172654250423536,0.0422226456330925,0.072434721453896,-0.1402513280750439,0.2673375447871949,,,,,,,,,,,,,,,,,,,,,,,,target,974,18,158.89554639321068,0.2660926703537247,0.3198689189578015,0.0276185418149576,2.287473871301657,2.74976305579864,0.2374236489911026,2.287473871301657,12,4,-0.2154229162798783,-0.168902694996388,True,0.0573849912837055,1.0,0.2608393598296755,1.0,0.2929949355858831,1.0,1.0
G2022-20,Falling Wedge,bullish,1,0.6597273494649789,3,21,778,779,2022-02-02,2022,1,75.24458090435658,73.61882814949797,88.91083359872414,66.82153289224982,0.8684088557505123,0.0220833826851629,True,0.0982415839476678,0.083628184982947,-0.0480899234740136,0.010452976364129,0.0099884014106161,-0.1320792223508335,0.0083192371886637,-0.0003820367013599,0.032951346714352,-0.03810474692563,-0.0189346238897925,0.029601310218801,-0.1540335045832638,-0.0625780270198108,-0.0072784217040577,-0.0306163879465778,0.0360678338660493,0.1007159765066341,0.0224576949659904,0.0029773897770364,0.0150118188881256,0.0321626022051488,0.1078110992721574,-0.0889884937528485,-0.0551931536312553,0.2235890688430954,-0.2614374716150633,-0.0329761789338771,0.0294925775098824,-0.038152882087878,0.2158983788679416,0.0310134202075829,-0.0530206897521271,0.0848951274758222,-0.1167542365648175,-0.0081780653276087,-0.0209973799345326,0.293837568798434,-0.2078125461822023,-0.1476734598695818,0.0113199341422303,0.0916216440681116,0.1039592247069103,-0.0167409479228254,-0.4643810584921687,-0.0748635951497149,-0.0362332520098361,0.0473016232170263,0.0625401172640416,0.1639595024659406,-0.6412796052058163,0.0891641316498754,0.0215436189385782,0.2052955332953272,0.1533796844014252,0.0944775672557427,-0.1020670127746228,0.1205207173230007,-0.1278697362508528,0.0538024198669686,-0.0180015433756544,0.0664270778734317,-0.0941402739028027,-0.0184054294239651,0.2580587599931663,0.2951574668093644,0.0849792514936489,-0.04824683017577,-0.0671980228858875,stop,799,21,66.82153289224982,-0.1119422543241127,0.1207396419369062,0.1481186419911796,-1.0,1.078588622910183,1.323170083410357,1.6224830577630025,20,7,-0.0084222848189546,-0.0828937269097974,False,0.0978969206519687,1.0,-0.0904189553928927,0.0,-0.0318174099611674,0.4285714285714285,0.2857142857142857
G2022-36,Falling Wedge,bullish,1,0.6208762169173868,3,22,856,857,2022-05-25,2022,2,133.13375829438857,131.7739737304778,152.90658296676668,127.84301262778943,0.66986801274743,0.0103190677598596,True,0.0054087559088391,-0.0415472445611861,-0.0263338335222478,-0.0710183531028401,-0.0411998046457244,0.0014528697956834,-0.0009445140738673,0.0106200852504096,0.067158111570406,0.0099104200503297,-0.0041638899774586,0.0097458872834592,-0.0008050410021065,-0.0575300551474275,0.0027010616281522,0.0002526476988198,0.0085830639356256,0.0064833491197635,0.0021692755111917,0.0043061810821112,0.0411316439490938,0.020913010812392,0.0062371500980508,-0.0891409451809369,-0.0718209248244615,-0.1345771330628327,0.0030979898967293,-0.0401488969078551,-0.0005968511700051,-0.0069208919516351,-0.0014671859538473,-0.0545020290693339,0.0682683883891983,0.0114481865639644,-0.0247846353749546,-0.0227213486547062,-0.0519016514551157,0.0222815245512157,-0.032559371102056,0.102510218026836,0.032067988579316,0.0022028497331048,0.0039720242726399,-0.0506297604930041,0.0125886541635988,-0.0810223486299998,-0.0470346286567255,-0.0883357199920913,-0.1918888562342258,0.0707338564278809,-0.0676634315919029,0.019945294905709,-0.0245061472425904,-0.0079075117336123,-0.0191899772133867,-0.0956664372493732,0.1161057116060881,-0.1644356608324756,-0.2000861001191869,0.1034486146275786,-0.0818337502879222,0.0118428126101886,0.015182066633774,-0.2000861001191869,0.0682668896334883,0.0304257389327979,-0.0573459260667575,-0.0158745849092102,-0.0125079537456093,stop,866,10,127.84301262778943,-0.0397400759535391,0.0146389466564761,0.0564152273451765,-1.0,0.3683673547476572,1.4196054232793285,3.7372472461122914,36,4,-0.0427440036824366,-0.068868534869403,False,0.0053584424358012,0.5,-0.0890842858363532,0.0,-0.0471908045294088,0.25,0.0
G2022-53,Falling Wedge,bullish,1,0.6484534118696812,3,35,874,875,2022-06-22,2022,0,152.610763974051,149.29175902359805,174.9337278637597,143.12573123670182,0.9927875254448104,0.0222316688620991,True,0.0353550602587517,0.0255314047057961,0.0064046033815121,0.0097568666021494,0.0036467749473674,0.0019873193772712,0.0067140936463467,0.0316727917484764,0.0824561050185357,-0.0010941462880199,0.004954640710546,-0.0263796573640316,-0.0156667428851694,-0.0209548923636569,0.0190537197448927,0.0135713035990017,0.0238279390899827,0.0076577551359302,-0.0033029532799775,0.0038862791353735,0.027617036344544,-0.0096660353045852,0.0270479202089273,0.0287617941269333,-0.0300476129555979,-0.0643990858623574,0.0021167093627707,0.0173515380596127,-0.0032310522239041,-0.0052185042670584,0.0497266952014385,0.007195423862381,-0.0017054033568246,0.0273547724164728,-0.026914932346619,-0.0021721858630451,-0.0323883391893317,-0.0168182491333027,-0.0474349839217531,0.0647355501679807,-0.0370969921145064,0.0202023081360909,0.0166931177057383,-0.0059508329253173,0.0730618092440098,0.0270064259793095,0.0045513956731082,-0.0233368365136088,0.0292684309864379,-0.0103017741249753,-0.009820054860648,-0.0425445415356484,-0.064763863582121,0.0679758892193798,0.0133251486672147,-0.036650357808371,-0.0400878094038359,-0.0377398871400188,0.0087047103445401,-0.0360061612122903,-0.0690883659967734,0.0114703168361991,-0.0020908394021875,0.0247153812085871,0.0024876139231719,-0.0354670550640093,0.0118979744411686,0.0020172002631539,0.0151862978851595,time,934,60,153.30535594487225,0.0045513956731082,0.0970447685775872,0.0052220481196353,0.073230318761701,1.5614154091417096,0.084020875321674,2.35349360490952,53,15,-0.0397917670326432,-0.0167752218041767,False,0.0352894803719648,1.0,0.028578684389938,0.8,0.0041101315204076,0.6,0.3333333333333333
G2022-53,Falling Wedge,bullish,1,0.6472418421483097,3,48,953,954,2022-10-13,2022,0,150.3301223340771,147.32357022455523,172.70959551525794,141.9983705869251,0.9707501680302192,0.020407814614723,False,-0.0175237509549825,-0.0090043150439872,0.0137370484158148,0.0032399406846659,0.0284977187208261,-0.0822380151074503,0.0014963012770499,0.0144553954591981,-0.0062785602468833,-0.0020888640903374,-0.0153871271039272,0.010520405838887,0.0392477916755984,0.0382673520205694,-0.0084085992558526,0.0008384550528575,-0.0042691844305795,-0.0298924814862541,0.0558485348198405,0.0131212909761635,-0.0101114740494773,0.0080826985956101,-0.0209576823432985,0.0608649874068778,-0.0100620459351945,-0.0175914345069342,0.0349352626960628,-0.0144590686122417,-0.0289235872406324,0.0258049851498816,-0.0675962998636364,0.0096045378074804,-0.0381108845875335,0.0475925053537058,0.0166843934737375,0.0388312606223895,0.0581939360292307,-0.0117962854864139,0.0533837132198271,0.0221967492427743,0.0068046439687261,0.0378686399044718,-0.017843380144188,-0.0304466943866669,-0.0031136790018778,0.0547640217249697,,,,,,,,,,,,,,,,,,,,,,,,time,1007,54,164.87112395069946,0.0967271321998131,0.1305644614343485,0.0230930872880028,1.7452514258592555,2.355779679419489,0.4166694762915459,2.6860465674377205,53,15,-0.0899481717193233,-0.0541773025444293,True,-0.0175791067175167,0.1333333333333333,0.0607503108521528,0.9333333333333332,0.0986123251834139,0.8,0.6
G2022-6,Falling Wedge,bullish,1,0.6922410423512687,3,47,796,797,2022-03-01,2022,1,209.84022958663343,207.3163637980957,245.713335435432,196.58668972043196,1.1826414113512949,0.0121739825178281,True,-0.0306147131048862,0.0066682469137946,-0.0436042436661706,-0.0233700585044802,0.0240225240909623,0.0099120000309496,0.0313805196406653,-0.0127210526832154,-0.0297565007703993,-0.0063252725598712,-0.0381119129086066,-0.0017397418900003,-0.0200086565137459,0.1120941430188768,0.0232585041117976,0.0324672555132448,0.0099998429951755,-0.0568213975764353,0.0255549256066389,-0.0386626258512582,0.0383856826308268,0.0188077234874564,-0.0333527960150068,0.0593899359718599,-0.0114145140993155,-0.0116777556903115,-0.0364371426767761,-0.0449144119542754,0.0033162310539318,-0.0600576156621905,-0.0011865006112575,0.0070726136077523,0.0633338190937815,-0.0359821150804687,0.1008694253769484,0.0250971697608068,-0.0346369809257759,0.0434243378591767,-0.0238005561463164,-0.0018503822279316,-0.1271740493766013,0.0818127569088738,-0.0766063221033084,0.0662214754436834,-0.0352451902938238,0.064310995654064,-0.0841046226859423,-0.0060104601423299,0.1315370322009381,0.0552400078621151,0.0560385673789791,0.0744423012301054,-0.0284107814320814,0.2088849906403627,-0.050865943991461,-0.065403540767101,-0.0354324393775982,0.2251711515947709,0.3155811242699622,0.0464962510221351,-0.0777205074774902,-0.0240665853391489,0.0279987774986776,0.0291186918732266,0.1307290467740716,0.3181007835921905,-0.0890167071672959,-0.1087812615196389,-0.1410866706292283,stop,821,25,196.58668972043196,-0.0631601475670791,0.0699054435846616,0.073678908868554,-1.0,1.1067967108597832,1.1665411134497998,2.706681098857237,6,6,0.0045173126530608,-0.0092351876935294,False,-0.0313583368913877,0.0,0.0575662982750322,1.0,-0.0838198452795162,0.3333333333333333,0.3333333333333333
G2022-6,Falling Wedge,bullish,1,0.611004212583499,8,91,884,885,2022-07-07,2022,0,197.85380862051227,194.9383050898162,233.1356371077021,177.76535108228353,0.8059535314910088,0.0149560320089618,True,-0.047681596916356,-0.0235123828936693,0.0060975797671565,-0.100653600530285,0.0266284029997669,0.0451526566214623,0.0430061502800045,0.0356952734348376,-0.0079379716211021,0.019235571369625,-0.0100275573763071,-0.045619939494845,0.0070471656180084,-0.0153956472634041,-0.0132781642118964,0.0320561157467078,-0.0064656584724497,0.0573060127450484,0.0172883638385561,0.0034335328429946,-0.0070413674584639,0.0271007289245739,-0.0533629793043555,0.0633363130267932,-0.0061244812743301,0.0694153780038624,0.0106188283664039,0.1326476177905593,-0.0355632861519894,-0.1242123900963206,-0.0363975011966353,-0.0147709531871985,-0.0105043267844052,0.017400276449367,-0.0047203003804361,0.0231725151898358,-0.0261309489403452,0.0668544353786519,0.0313111058553934,-0.0313389977911012,0.0022253392237694,-0.0242912136319465,-0.029006151112167,0.0044947868255249,0.1148295937163372,0.0565346226504352,-0.1297863895212656,-0.0558771947827904,-0.0350054107389957,-0.1729703970663624,-0.0978270863669356,0.1162548158123133,0.047080174914821,-0.0221907998604631,0.033233635523248,0.065384034314935,0.4085056615938929,0.117801956283946,0.1333589186210428,0.0560385673789791,-0.0293970092833377,0.0656602664482897,-0.0030109954436227,0.0855800787388325,-0.0275526155826431,0.0466240906118864,0.0427049050148808,-0.0534444527438138,-0.1686278064298103,stop,938,54,177.76535108228353,-0.1015318212891156,0.1318442149453535,0.1158137401468384,-1.0,1.298550673782579,1.1406644604262,1.756323422047104,6,6,-0.1565136439840914,-0.0486913680109616,True,-0.0474909754054386,0.1666666666666666,0.0626768179208173,1.0,-0.1273011282026716,0.0,0.6666666666666666
G2022-33,Falling Wedge,bullish,1,0.6980359802555102,8,46,801,802,2022-03-08,2022,7,280.7716834530693,280.08151654084736,367.4423546699363,254.47057936102212,0.9390991296084152,0.0024641644359322,True,-0.0035172216880698,-0.0059399061755351,0.0258119138533732,0.0300394240388373,-0.0023348566991251,0.0588823212972429,0.0391095890795727,0.0337817172446897,-0.0457949217742535,-0.0053130411187966,0.1058612016960898,0.0149579534463488,0.0028522648821176,0.047768734705561,-0.0143965845876007,0.0105905935043997,0.0477913269466441,-0.0861687826222573,0.0020414977879552,-0.066613436192457,-0.0159383709233923,-0.021718876121473,-0.0115777051102437,-0.1022499021141424,-0.1664432733896982,0.0423762100770244,0.1599684082191625,0.0358965765171088,0.0936036856868982,0.0723194289051714,-0.0539180753397341,0.017361338671443,-0.5453462499687358,0.0331719670134547,-0.0080757217607407,0.0453266165994912,-0.1101628234705102,-0.0382618565413376,-0.0161911244870444,0.0765259586972599,-0.0372326593398366,0.258167700260127,0.1962852893952871,0.0667047616535412,-0.0316744739421789,-0.1150921499564349,-0.0631632395726061,-0.0479838347926817,0.0226584486080843,0.1586824936475168,0.2052493575461966,-0.0226799264685794,-0.0398629571213936,0.0728366084600478,0.6892138076716283,0.1577336680304393,0.0695851732530521,-0.1297164193974591,-0.0346958569029146,0.1592957023480541,0.4199644342490636,0.0268008705499578,0.1467719842575623,0.1651301243732978,0.4110264204736944,-0.1200446336170587,0.0326363684268842,-0.0584111947629614,-0.1797719632538618,stop,821,20,254.47057936102212,-0.0936743469590064,0.0573776040106092,0.1063764258355448,-1.0,0.6125220604496842,1.1355982645077534,3.2953244439298786,33,5,-0.0577063545443161,-0.0634512213561434,False,-0.0035026398965716,0.6,-0.1026140749540642,0.0,-0.0655736188741788,0.0,0.8
G2022-33,Falling Wedge,bullish,1,0.6516654522331937,3,36,945,946,2022-10-03,2022,0,248.7554039097947,239.77296508452517,277.69383027425704,222.69930796853123,1.0306692269554745,0.0374622669494997,True,0.0020414977879552,0.0352855642513398,0.037313765016804,0.0120795147718975,0.139059798051522,0.0208523148295944,0.1021746816425261,-0.0242527117833852,0.0529956975598533,0.0124865573569896,-0.067881609623609,-0.0321315515296063,0.0084967270856006,0.069351743819237,0.0263594459136295,0.0191022674243541,0.0358301550245647,0.0898063363314463,0.0397913428435396,0.0118736158117327,0.2307160522698652,0.0314815896492577,-0.0387337888353354,0.0175577604126826,-0.0195256491581907,0.0040141943901537,0.1982735646053146,-0.0741186079843863,0.1225935194168656,0.0184305655938303,-0.0755406366457585,-0.0776438940208213,0.0058704812427421,0.0934217418665761,-0.0100692454201622,0.0257996991249551,-0.0754268827262732,-0.1269914753284958,-0.1381300627739068,0.1470644076353968,-0.0234788713957969,0.0418081355376636,-0.296563266495737,0.0663659940195835,0.0175577604126826,0.0253959043599613,0.1160539778589773,0.0999705140295732,0.2394010358545701,0.1645520477441664,0.0149945192067679,0.0655405077741009,-0.0072076922908718,0.015285455606443,0.1830526374551371,-0.4007164936996937,-0.0199031589431311,0.261862479685917,0.0302043471884767,0.4134866229372216,0.1898357095669669,0.0342776365005401,0.0370219587660549,0.1409449933668165,0.4494792136110936,-0.3705653379385696,0.1793202653759995,0.0364306014981268,0.0331891103956706,target,974,29,277.69383027425704,0.1163328551244506,0.1228573531926099,0.0975854487238172,1.1106201953545276,1.172909041539017,0.9316402490892356,1.1106201953545276,33,5,-0.0595038447764264,-0.0914887905431928,False,0.0021074617268204,0.4,0.0172431666962788,0.8,0.1146052340799249,1.0,0.2
G2022-51,Falling Wedge,bullish,1,0.6971302846443954,5,65,885,886,2022-07-08,2022,0,204.09957842098933,204.6640024173173,236.04318299023845,190.36605753142769,0.7974697340294267,-0.0027578078688068,True,0.0189143789006938,0.0207803155452668,0.0622628085456862,0.0042238458145347,-0.0113347107035084,-0.0306137243500568,-0.0178532158614919,0.0349406369118452,-0.0011695721706811,0.003198812243065,-0.0297723597017899,-0.0048802279725045,-0.0036726953239457,-0.0048220002019666,0.0033165268603947,0.0157629328467103,0.0075918762261242,-0.0075719979300646,-0.0280586416900274,0.0092057805227441,0.0058317625505361,0.061376484458935,0.0155162628469668,0.0792694783728036,0.0076870548494576,0.0406683185419791,0.0231345787589272,-0.0094938959321493,0.0957439745460035,-0.0187081999658412,0.0098950139812432,0.0119579285684818,-0.0226398584187982,0.0161402960052239,-0.0561094486975605,0.0261286215748899,0.0732769446775698,-0.0076544766327031,-0.042888859805947,0.0230153583385137,-0.0076544766327031,-0.0569251605449084,-0.0625566284735819,0.0783357248784806,-0.0383669577842711,0.0755045385236611,0.0947352159252474,0.1406961009858301,-0.0156067852826312,0.0468566145980038,0.0241441967177409,0.0632966551162952,-0.0100933622035451,-0.0799541431254121,-0.0268946383200625,0.1229822527665047,0.0250773558006167,0.0883978642812366,0.0941304510416973,0.070740730198384,0.1370203985859828,-0.02746043995172,0.1039927371807634,0.0872306385183858,0.074010670740199,0.0459047709097009,0.0649328723501805,0.1287715019233637,0.0438611988329632,target,910,25,236.04318299023845,0.1565098998066527,0.159810967716024,0.0294157329757555,2.3259588583382307,2.3750174045085584,0.4371594689792408,2.3259588583382307,51,4,0.0765686094891293,0.0644018475525767,False,0.0189548953238251,1.0,0.0798267378365247,1.0,0.0983901679508554,0.75,0.25
G2022-51,Falling Wedge,bullish,1,0.7026290614395556,3,25,948,949,2022-10-06,2022,2,221.4813016581957,223.15638473355975,239.46227327404745,216.40473944301016,1.0290437477447203,-0.0075063192897844,False,0.003037577646104,0.0111683059745124,0.0075133965886866,-0.0113347107035084,-0.0175691728512418,0.0021629391204585,0.0362964638241909,-0.0233706766390353,0.0487671503330389,-0.0504252827425129,0.003164911597042,-0.0158018764105225,0.0543725435320519,-0.0002307907074402,-0.0158018764105225,-0.0081765845332881,0.0055118743597,-0.0011776369509783,-0.0219244639689434,0.0280433199811269,-0.093594698073313,-0.0658929484534486,0.0100109836015269,0.1096744850205309,0.1041455345807378,0.0642572325685368,-0.0467615419868351,0.0203983511334464,-0.0267531515922966,0.0277498702997371,0.0787141287573534,-0.0202136763224584,0.0532611762000845,-0.0268863333368423,0.1109694713792888,0.0671195820002725,-0.040647464372244,0.0556747177708991,0.0502990812565784,0.0435171977983073,0.0429617234417942,0.1101070321980846,0.0430605590230663,-0.0380547757115964,-0.0187081999658412,0.0821712359935641,,,,,,,,,,,,,,,,,,,,,,,,stop,949,1,216.40473944301016,-0.0229209516883733,0.0063641618859399,0.0251658813718996,-1.0,0.2776569652283758,1.0979422544948263,3.541958288635783,51,4,0.0523334189283959,0.075772264376337,False,0.0025510606387083,0.75,0.1089203075943866,1.0,0.0975659747383079,1.0,0.25
G2022-3,Falling Wedge,bullish,1,0.7247367849902622,3,37,892,893,2022-07-19,2022,2,191.2462018336785,177.57779971596892,228.8747108441978,174.41360724156038,1.397448438802006,0.0769713451769975,True,0.0299541615508558,0.0339797093326246,0.0175981313748048,0.0202040095849851,-0.0563293722164588,0.0337544816600663,-0.0287632206554231,-0.0323925100572118,0.014262605971254,-0.0349718222783395,-0.0490841423565218,0.0159587926256257,0.068839214667322,0.0242741530081205,0.0054957378472442,-0.0974285831453298,0.0097929235843043,-0.0230449419207011,0.0458064001392157,-0.0507305045026147,0.0052928835822632,-0.024309734415301,0.0367429364259906,0.1668501094319756,0.0719891490022295,-0.0575612609063275,0.0740915980750656,0.0708944483687377,-0.0132611746973952,-0.0522420733243412,0.018832568675936,0.1350911867092608,0.0114745866486547,0.0429392886906501,0.0625631942793274,0.0382890358421328,0.0656203200721674,0.0988685660977779,0.010796811277385,-0.066249174124375,-0.0167736796075764,0.0304231202759761,0.0839489837749609,-0.0402691744165856,0.0269584470053789,0.1406283284961351,0.0426778047262108,0.1304431979282218,0.1299023395967695,0.1203493942582378,0.1127264273448447,0.1532791530186312,0.2577220284787602,-0.0134120941945731,0.0734735709334293,0.1630951928919854,-0.0313903673186799,0.1340687365596642,0.1081929158386159,0.0291892613293789,0.0887574570411029,-0.0473260846063973,-0.1192937431372738,-0.1676445273120872,0.1893260237614014,-0.0575960995294418,0.087832913348238,-0.001512280961421,-0.0178092061408484,time,952,60,199.4081698901657,0.0426778047262108,0.1735232020457933,0.0256758292141065,0.4848906692203644,1.9715114707755863,0.2917200191126436,2.235455075246624,3,13,-0.1718255927761287,-0.0941790330099348,True,0.0298398054908927,1.0,0.1666277242853229,1.0,0.0422938558303799,0.6923076923076923,0.9230769230769232
G2022-40,Falling Wedge,bullish,1,0.7685807863671005,13,157,892,893,2022-07-19,2022,0,188.0215007839621,182.60455351447283,271.91167476130454,159.72037687417293,0.9561637525993754,0.0296649079403155,True,0.0077293311130433,0.011754878894812,0.0219211548860662,0.0061811128587203,-0.0023228296236816,-0.0216178060771148,0.0127486979012645,0.0196157722833285,0.0498803031415779,-0.0287206160737784,-0.0392371185602605,-0.0220190864034732,0.0262323816364922,-0.0025950881058325,0.0102810581325654,-0.0049363938814136,0.0247344491415395,-0.0143383784285067,-0.0232552859400434,-0.0051392363370279,0.0068438544045383,0.0112190938123712,0.0064555291746767,0.159094987770453,0.0642340273407069,-0.0065963548873211,0.0069329227567693,0.0188061010404057,0.0557154948943194,0.0396311028376481,0.0571924110396744,0.0446657860838592,-0.1238737941443095,0.0688207671155503,0.1039658462942052,-0.0308081341771724,0.0287702582803033,0.0319291230551912,-0.0199011222596493,-0.0315211901545746,0.0448550536368379,0.1402713019578756,-0.0283268641054345,0.0609745657604501,0.0158952421597771,0.1352250619112327,-0.0597865991721709,0.0279787940298399,-0.2436355696500591,0.0556771129012356,0.0951512003066914,-0.072981593843893,0.0656645730909852,0.1928165412423885,0.0250078664407089,0.2022195140887366,0.2104868664785855,0.1228849632008339,0.1365170590247264,-0.0597865991721709,-0.2646687253107409,0.1847774670710751,0.2085424239961748,0.1298347492733385,0.1854590391633952,0.2148702914868725,-0.022937303684218,0.0610636724375446,-0.1311347765992815,time,952,60,176.78033468084132,-0.0597865991721709,0.1668503596890788,0.0680596936780055,-0.3971985755389923,1.108487957406996,0.4521617512090768,2.9641993810827207,40,5,-0.2045077773918362,-0.1454405099438148,True,0.007680300944238,0.6,0.1600451973318306,1.0,-0.0563774374226084,0.2,1.0
G2022-14,Falling Wedge,bullish,1,0.6953926917420464,3,25,850,851,2022-05-17,2022,2,188.66888650805083,185.83527422585323,216.30745623476685,180.8934224819004,0.8209267701550699,0.0152479785874977,True,-0.0180905946848308,0.0057259240554673,0.0059630154050833,-0.0223633439584233,-0.0226097384123552,0.0243864080328264,-0.0199035667196508,0.1412819581332651,0.0143444838916624,0.0307069512932331,0.0168153315903734,0.0480194706044498,0.1345042603792212,-0.0216709924727722,-0.0052449163108646,-0.0414248039370727,-0.004800100963836,0.0210224482515437,0.0443990169639825,0.013351007455459,0.0993555895910371,-0.0224493437897026,-0.0397747514362038,-0.0502135524735865,0.0100092758763177,-0.0556734582979013,-0.3454031355738006,-0.0470907668539257,-0.0292651313711503,0.1144240943330945,0.0390237273523021,-0.0556734582979013,0.0082608932257779,0.0263707493425062,0.045306731514112,-0.016007307862129,-0.0198667770638716,0.0321531505649823,0.0156465645638406,0.0151083046798914,0.0243416054097722,0.0594194289328799,-0.0680536272124927,0.0306974603953662,-0.0807296398888998,-0.0348630228682091,0.0459972427895287,-0.0170632636496823,-0.0452250014888311,0.0313981208140758,-0.0509378758630006,0.0489133945839754,0.2366627634519496,0.0167177026845821,-0.0256566855524331,0.0779907192778468,0.0240339035600378,0.0390450056130546,0.0390450056130546,0.1242088078221308,0.0734919770665325,0.21888128191096,0.0610836892698272,0.2734211646673199,0.151884561561141,0.0937200525075381,-0.0193186549546526,0.0722991048255856,-0.0260857090790059,stop,852,2,180.8934224819004,-0.0412122219517031,0.011552769223272,0.0452121775080895,-1.0,0.28032386210117,1.0970575078692428,3.5545878205804646,14,10,0.0111057237199423,0.0305952702869654,False,-0.0180397149918505,0.3,-0.0497972970662019,0.1,0.0485432191489416,0.5,0.3
G2022-54,Falling Wedge,bullish,1,0.6873239942010637,3,47,796,797,2022-03-01,2022,1,221.4565709689637,217.20092576705213,243.03853092714195,205.29287185130252,1.2449840826158598,0.019593126442176,True,0.0356610791215146,0.0729440391401955,0.0113285184192852,0.0049031239272374,-0.0086235857107549,0.0197970277888812,-0.0010217012299319,0.0650092782749587,0.013230259763338,-0.0036786975203662,-0.0096087179066973,0.0175676727544522,-0.0465236310924257,0.0230135221358278,0.0080600350359303,-0.0282372024132264,0.0310688470697899,-0.0370747730792199,0.0287304286357727,0.0026729848283066,0.0019769056924345,0.0520854996200714,0.0284272893718314,0.115437074879062,0.0446326248078865,0.0400168744792035,0.0054684670228795,0.0263518684746972,-0.0595599876366419,-0.0509122572515022,0.0433809965737659,0.0433809965737659,0.1239084174416709,-0.0545291024590501,0.0380823330121189,-0.0083573842849403,-0.0173059777195017,-0.0496547092035601,0.1190906427207103,-0.0337918038153095,-0.0297430871302628,0.0646756341532186,0.0056613800633964,0.0451715683932871,-0.0041843735534349,0.1030795500863365,-0.0808571932839989,-0.0027630307403866,0.106340622812483,0.0121222357000112,-0.021945834832083,0.0993995788485611,0.0201513000172937,0.1709856556299978,0.1190866291016381,0.0329942331850008,0.0059051113860091,0.0634236288285021,-0.0360238435295586,-0.0728703936840967,0.1178810075818999,-0.0352579545851265,-0.0324275643578695,-0.0457399841353015,0.0797858138743718,0.0669298051795912,0.1255987642715919,0.0911266581229128,-0.1242304667547904,target,809,13,243.03853092714195,0.0974545928519905,0.1136049339330972,0.0063469764453171,1.3352116864509664,1.5564852408376075,0.0869590326675237,1.3352116864509664,54,6,0.0676911725323532,0.0598419472989226,False,0.0365012612218711,0.5,0.1145842066622739,1.0,-0.0808168647780225,0.3333333333333333,0.3333333333333333
G2022-54,Falling Wedge,bullish,1,0.703938318075854,5,47,959,960,2022-10-21,2022,0,218.9595141278162,213.8540689154661,244.35919632647324,204.4809058035364,1.0197566711842792,0.0238735004587087,False,0.0650092782749587,0.030078772155929,0.0324244184880455,0.0181280474504592,0.0358548743573658,0.0502330133647594,0.0134499221463211,-0.001140055383979,0.0394616022280336,-0.0046685374819265,0.0026729848283066,0.0115323777094114,0.0275335079589886,-0.0268594775784489,-0.0045104150747142,-0.0090827487377008,0.0177173366138487,-0.0168154785614708,0.0172020781160295,-0.0072777299713009,0.0153176106488297,-0.0087839044067508,0.0548898069392533,0.0881528808461886,0.0345733875328313,-0.0665264229732895,-0.014292188750529,0.0968748478813201,-0.0502907482839612,-0.0522810028197167,-0.0217193278486153,0.0079286162599752,0.0510009980214203,0.1012883050871324,0.0242698836073711,0.0030200613761455,0.0369711013928826,0.1094711778261181,0.0010000922546606,-0.0199448265101996,-0.0344532431856169,0.0923410586313462,-0.0648774919851293,-0.0337918038153095,-0.0496547092035601,0.0823361619980664,,,,,,,,,,,,,,,,,,,,,,,,time,1007,48,218.06332769915136,-0.0040929321214225,0.1118910696749743,0.0244504150815271,-0.0618972769062326,1.6921249406401513,0.3697628174316202,1.754290303997185,54,6,-0.1627832318045512,-0.0430015176175995,True,0.0649920342058151,1.0,0.0853718282270924,1.0,-0.0131763723248784,0.3333333333333333,0.6666666666666666
G2022-7,Falling Wedge,bullish,1,0.6825096947408106,3,39,788,789,2022-02-16,2022,1,191.1542415460949,187.75692023820784,209.71412465747235,181.06056333328652,0.8969877756709759,0.0180942534825181,True,-0.0517029815332894,-0.01804035280189,-0.011852011178673,0.0368062159932065,-0.017132335886115,0.014540685596067,-0.0580023215950344,0.0147591220043621,0.0483709936081684,-0.0234425351993026,-0.0166853129690128,-0.0554840425538759,-0.0236182600997557,-0.0204670644340512,-0.0205967733461742,-0.0226878912291829,0.0188133567342103,-0.043858815101746,-0.0428848173365649,0.0106508567694296,0.0718690158941566,-0.0083161995941144,-0.0442420748370893,0.0300816301080109,0.034932463573702,0.01250006589896,0.0627701081398146,0.0713324031485225,-0.0306554635004209,0.1800823519305763,-0.01884569699772,-0.029427074679341,0.0231914534494592,0.0307357650216071,0.0215145029387824,0.0414749279039301,0.010936845091398,-0.363461654375891,0.0550018229436872,-0.0019185793269465,-0.0861831830709193,-0.1188502186990839,0.0426352262814204,-0.0313117571630121,0.0128697385060303,0.0358620509359682,-0.0693869111063958,0.0214301662716263,-0.1285482575124574,-0.2274348398124848,-0.0682671640485291,0.0101310678975634,0.2367635457386416,-0.1378115323976694,-0.0350692706769881,0.0502802540986766,0.1526515209542931,-0.0640294918851929,-0.0730762529989778,0.1424343796616143,-0.0861450728339079,0.0201020191680663,0.0198249338821654,0.1189968624090631,0.1311798516398978,0.1731842174692677,-0.0106073088784781,0.0259774575497213,-0.08191375707761,stop,792,4,181.06056333328652,-0.0528038411869316,0.0087997519419575,0.055757559255466,-1.0,0.1666498448627138,1.0559375606421884,1.8387631069738168,7,3,0.0802616952510995,0.0640619387576642,False,-0.0517366423158491,0.0,0.0297869029510503,0.6666666666666666,-0.0701862032211071,0.0,0.0
G2022-7,Falling Wedge,bullish,1,0.7337572629322338,3,47,850,851,2022-05-17,2022,0,179.0774718887676,177.1145983293593,223.5492100974052,171.90843967423808,1.111999687784921,0.0110825057783108,True,-0.0737159273615978,-0.0498994086212996,0.038772917937111,-0.0152130004356995,0.0138185894064766,0.0140678079453482,0.0627872120893058,-0.044679767870688,-0.010561146520845,-0.0625545433725267,-0.0167879571748351,0.0503005817013046,-0.0025397169208287,0.0357159688476322,0.0282766206270863,-0.0650695944491952,0.0279435592651864,-0.06513130334601,0.0391993083298463,0.0560683152473,0.0094281097340787,-0.0091048223805746,-0.0779527842945714,-0.1065611151757561,-0.0463382868258519,-0.0036859944478616,-0.0113388252433724,0.0446996618429218,0.1476615181724949,-0.0253434128782942,0.052227540206637,0.006135247173534,0.0585305714567196,0.0519254841831058,0.0485084210793125,0.0735054392468168,0.0585305714567196,0.1079073304636561,-0.0122262590019318,-0.0722879421302609,-0.026555282057514,0.0365138769639756,0.0136174373101192,-0.0240229221345076,-0.0135380638026041,-0.1320993350687395,0.0378562218758637,-0.0252042845633473,0.0924549460444708,-0.2640095244681145,-0.1412827161498647,-0.0734064307030025,-0.0577559769932558,0.1342834964554842,0.0762972885450847,0.1230286022500994,0.1438727250500313,0.0810610159650149,0.0102207385625139,0.091464389088353,0.0523366553194872,0.0952259576098679,0.1064219392334751,0.1943928326649358,0.0849086439049637,-0.0238647970633281,-0.0311626107325718,0.066654357718801,-0.0002008547392584,stop,851,1,171.90843967423808,-0.0400331328051275,0.0011324558068929,0.0444031599334827,-1.0,0.0282879636826196,1.1091602585695086,6.203311252878239,7,3,-0.0457143200983424,-0.0285715893656552,False,-0.0737846142828565,0.0,-0.1066105041219215,0.0,0.0371604389849495,1.0,0.0
G2022-7,Falling Wedge,bullish,1,0.8108386975652891,8,58,897,898,2022-07-26,2022,7,168.873752595478,158.19582371427214,197.78470957702245,152.6570590172119,1.8328864978781567,0.0674981717626881,True,0.0292483444172229,-0.0054916168331575,-0.0088813766566898,0.0172949095121,0.0040712076321094,-0.0088813766566898,0.0213273573442442,-0.0209427456461889,0.0082237895274552,0.0066200057375898,-0.010561146520845,-0.0019246823290894,0.0293383001136291,0.0037466415221201,0.0370667693487334,0.0088701912955664,0.0850815009183034,0.0030143360640504,0.0558727080267704,0.0014759665872405,-0.0167879571748351,0.0230655656917717,0.0173938462003555,0.0844268415779325,0.0388086154799838,-0.0369375743479907,0.0134392008903514,-0.0262220457206645,0.0238427861949539,-0.018587375719555,0.0517155081350859,0.0660176117903899,0.0772202705956373,0.0617186415121937,0.0289830482940673,0.0269526806036588,0.0204662086119227,0.0652219628992414,-0.2149387858770801,0.0364696863548812,-0.0409537063223235,-0.0849115428683978,0.2193165815377611,-0.1544720198203882,-0.076624347447547,0.0825410021131226,-0.0879769632612867,-0.0262409397071187,0.0912167899781861,-0.127925126581865,-0.113433985632226,0.109030559289122,0.1657060772818073,0.1294709413416046,0.0717102576777657,-0.0037663973448899,0.1302962076087186,-0.0561064415850112,-0.0502643545370876,0.0913658792249767,0.1238996564797674,0.049257298336734,-0.0412837846855378,0.0793145152468304,0.0718499313188569,0.0280341181953163,-0.0429787648142181,0.0304700546114524,-0.1247701348318019,stop,940,43,152.6570590172119,-0.0960285025294116,0.1105474085844615,0.1040001727725588,-1.0,1.151193715122268,1.0830135848542004,1.7827898666280169,7,3,-0.0994474759041726,-0.075954119244171,True,0.0291389082277292,1.0,0.0842588582924308,1.0,-0.0885155309308874,0.0,1.0
G2022-23,Falling Wedge,bullish,1,0.6242489242840931,3,35,890,891,2022-07-15,2022,0,136.9137122358591,131.83241864963816,165.2115910676822,123.5626847609846,0.8074242329391613,0.0385435816035897,True,0.041087577340195,0.02381083631501,0.0040421220898416,-0.0246406747623839,-0.0525931300226346,0.0297066804718708,-0.0073990946272191,0.0397894241608696,0.0200852730133824,-0.0543047233557179,-0.0232745252106323,-0.0741693575936778,-0.0346111482556152,0.0768819556092852,0.0330786642576514,0.0165585135564414,-0.0767102064959039,0.0224492653040142,0.0530291532341418,0.0096243400745836,0.011901678052693,0.0126090052135476,0.0419849166044681,0.1515344833528091,0.0518384695196423,-0.0224509253062176,-0.0389776137615577,0.0754492128955637,-0.1051162025863409,-0.0054897903570256,0.0878445213239229,0.1056684324814245,-0.0187371994946965,0.1573447150664548,0.0295641246399791,0.1325838107578176,0.3191424222691215,0.2403540210154509,-0.0187371994946965,-0.031416981383851,0.0466700515850879,-0.069535351174894,0.2624018165955915,0.0479365325506708,0.0101833819844256,0.0913003943724976,-0.0322780838940752,0.0369353602788425,-0.0425022508465107,-0.0501420462172385,0.1973780641102029,-0.0288845870878023,0.2056564320481186,0.0822049791731691,-0.0544841654769168,-0.0556497547367172,0.0371586508694927,0.0966470764026123,0.0660120841509035,-0.0139933296922873,0.0020548470895005,0.032654574709704,0.2192218567095423,0.0993975876988195,-0.0243367666419487,0.0158599238239258,-0.0276265640040522,0.1145695229915646,-0.0758378906477793,time,950,60,132.49439994606075,-0.0322780838940752,0.1733330545420975,0.0856189278100166,-0.3310091525251608,1.77751652411773,0.8780152138990046,2.1195281700286626,23,8,-0.2554903720062821,-0.1727904865981682,True,0.0411138955041151,1.0,0.1529991871899953,1.0,-0.0381029662197067,0.125,0.75
G2022-47,Falling Wedge,bullish,1,0.6725975944087884,5,54,810,811,2022-03-21,2022,3,271.43825511665176,256.5516042297003,318.2697919751789,246.0655929633992,0.8793044377648987,0.0580259512765428,True,0.0069264626518605,-0.0156142829248069,0.016131672360798,-0.0780166796683875,-0.0090801886350898,0.0489781001039812,0.0017524849759524,0.0335824336837142,0.0211531645543427,0.0337722713700665,0.0152170231871799,-0.0357603875884602,0.0097659511637118,-0.0074686893506565,0.0051752450842963,-0.0069946990278728,0.0212114862879333,0.0115798050969531,-0.0162525353801739,0.0349262229010458,-0.0117338669993455,0.012122787030707,0.0019233825943257,-0.0129286665258561,-0.0110895912893332,-0.0247612786132196,-0.0353049373168959,0.0789814613624066,-0.0280640315363603,-0.054360174586832,0.0380654643669724,-0.0002936870159198,0.051280691646689,0.101372029216088,-0.0427812309473932,0.0602073704171515,-0.0301839370296436,0.0420745347330953,0.1649783465130663,0.1203413448327515,-0.1022264923446526,-0.0576194693119213,0.0625473417527211,-0.0614901955859061,0.0921012338244231,-0.0316718857446871,-0.1998857983523365,-0.0503771727063415,0.0805504656875915,-0.0244971700748557,-0.1900665653160428,0.0243055175337725,0.0620797179314271,0.3557165964231048,-0.0218756621665907,0.0719281779994018,0.0494940248793522,0.1014017719781525,-0.016759291598884,0.121843692236133,-0.1302305363415116,0.1468717688893033,-0.0145480219080195,-0.1658487825464892,0.1915059295227901,0.1271255862911349,0.0943830885631464,0.1321233787180453,-0.2496609826873846,stop,839,29,246.0655929633992,-0.0934748941056541,0.0336058735630864,0.1356413833028865,-1.0,0.3595176425137422,1.451099619856984,1.8457478594741688,47,4,-0.0601625360804698,-0.0483883128967487,False,0.006762386842064,0.5,-0.0133487696122748,0.25,-0.2018785082811015,0.0,0.75
G2022-47,Falling Wedge,bullish,1,0.6965108590990521,3,36,962,963,2022-10-26,2022,2,232.9841017836421,217.6360548512193,273.83044036705064,204.3559671387991,1.131844850304595,0.0705216189611368,False,-0.0076971662353255,0.0137086771996386,0.027019742759665,0.0364863030317315,0.0029443080407363,-0.019053070439171,0.0276318617157478,0.0395620367788931,0.0250254441663237,-0.0113717250776887,0.0121589245407796,-0.0301628962315639,0.0193920014206576,-0.0533064295293586,0.0207188362045518,0.0115798050969531,0.0052901101484428,0.0036688749910487,0.0065945476041897,0.0094043899184019,0.0062583338887043,0.0394562647245524,-0.0166620494230054,0.126566133975758,0.076053037174208,-0.1696672602237784,0.0918231980459027,-0.1441641977770659,0.0517406305494334,-0.002780602354564,0.0130101995225162,0.0192589209004525,0.1112157785790768,0.0525880400429128,-0.0411639408836865,-0.0206022862537034,0.0730847640653467,0.0550227529746931,0.0566697300012803,0.0580891345308598,-0.1152459068752949,-0.020206934641197,0.0350300449370175,-0.036530324025968,0.0203452410280549,0.1221902848686435,,,,,,,,,,,,,,,,,,,,,,,,time,1007,45,241.0467453347491,0.034605981650174,0.1647433146969989,0.0241902471545706,0.2816335626170239,1.3407291000866628,0.1968672802175461,1.4267900822090926,47,4,-0.0726518670433361,-0.0706717129671299,False,-0.0078032657253648,0.0,0.1251737239007547,1.0,0.136554437980307,1.0,0.5
G2022-62,Falling Wedge,bullish,1,0.6230657469018259,3,30,962,963,2022-10-26,2022,2,131.89170028273267,128.47980496584762,158.76247544289924,124.50720615887484,0.8207290531404738,0.0265558880463119,False,0.0024888120472479,0.0238946554822121,0.231441077063756,-0.0249177314581806,-0.0031619741038972,0.0047798725360128,-0.0841114444157339,0.0087382308056749,-0.0243381245814132,-0.044380160033816,0.0034251414347497,-0.0114951761406318,-0.0028332424152012,0.0124172755967542,0.040200764014185,0.0142206089721268,0.0020222339752042,-0.0212740175726449,0.0174384781833318,0.0209018339975157,0.0216401248852944,-0.0287612557358587,-0.0041088137031134,0.098350553530198,0.0478374567286481,0.0461360892965352,0.0012742664071845,-0.094609703525767,0.0114373809132959,0.0744648147631852,-0.0988370564265466,-0.0119345315490775,0.0486062410804439,0.0215480961768266,0.0785483481219411,-0.0313105298850781,0.0027311625141288,0.0749225183030455,-0.0474806345143878,0.0665138139616947,0.0891071207859814,-0.1111750048638667,0.0870037144265263,0.0677606886779063,0.0053298352076842,0.0843487220366152,,,,,,,,,,,,,,,,,,,,,,,,time,1007,45,141.72764263544798,0.074575900770331,0.1417925908813918,0.0236831776988918,1.3319723988861132,2.532504676037404,0.4229964195804793,3.638810554856085,62,6,-0.209763120247361,-0.1443268361259333,True,0.0033326780649139,0.6666666666666666,0.0977045212793975,1.0,0.1715191128813223,1.0,0.8333333333333334
G2022-24,Falling Wedge,bullish,1,0.6937499536313382,3,35,857,858,2022-05-26,2022,0,152.68387915008958,142.16862581869125,189.9335798396262,133.2358788709057,1.164229155503738,0.0739632480151319,True,-0.0320973230964842,-0.0385447057974503,-0.1153682639751088,0.0352907767804278,-0.0140121288040754,0.0189257064413401,-0.0026612626182016,0.0057554733550069,0.040250293108154,-0.0161475354360284,0.0102304365516192,0.005927115123121,0.1239494684890967,0.0136302887479726,-0.0001686334609415,0.0160445203499675,-0.0449361929864563,-0.0195557816096759,0.0209230432749532,0.0134248671986012,0.0212129607171882,0.0055593272216849,-0.0380110470199165,-0.101464959042233,-0.0582165971468616,0.0016986189287322,-0.0621025473316072,0.014227314293854,0.1012145490655798,0.0923802298507139,0.0423315135574282,0.0302670396447499,0.0990020942293483,0.0273139426067952,-0.0658121556029976,0.0127720451140673,0.0015804756167083,0.0180821868786396,0.0424282605703607,0.0270837961109748,0.0370284511072296,-0.0896192244319414,-0.0078854973231774,-0.0158677443700231,0.0943069702935996,-0.1214864749826848,-0.0361184710135669,-0.0513697566746191,0.2316884607149847,-0.0357155048472961,0.0822882246542335,-0.2774648120734465,-0.0430199569823145,0.054076813833334,-0.0257686946101921,-0.0295272965331956,0.0125376846386766,-0.2557202425347981,0.1778159341594567,0.0818688370409348,-0.0233664892363398,0.1050371530137257,-0.1530831546398706,-0.0325278376529527,0.0286365936563146,-0.0454957231601635,-0.007023275273334,0.0317634089317366,-0.0299684771685415,stop,869,12,133.2358788709057,-0.1273742872360894,0.0157242715580449,0.1289982025766338,-1.0,0.1234493389462491,1.0127491613557331,1.915348629926068,24,5,-0.098172417064045,-0.0722895872489688,True,-0.0323497410576103,0.0,-0.1015697657316618,0.0,-0.0396016960016723,0.4,0.6
G2022-24,Falling Wedge,bullish,1,0.6067887304838001,3,36,962,963,2022-10-26,2022,2,156.16186888541077,145.0509775297587,158.84917294973542,133.7111414694377,1.4119734368760677,0.0765999067698288,False,-0.0003594322224432,0.0210464112125209,0.0074946879174675,-0.0146577614174785,-0.0006449339126352,0.0174484929620426,6.5296079728272e-05,0.0409565320808675,0.0277508809632827,-0.0219972412863199,-0.0023250214301715,0.0101650434381075,-0.0786031076412032,0.0288857871342342,0.0221699881506518,0.0032135546886296,-0.0319841701303948,-0.0342137708131059,-0.0291598595380219,-0.0453858212865156,0.006520138083087,-0.0125529364826564,0.0049832788995769,0.1520343966541242,0.1015212998525743,0.1287071427050241,-0.0501887177330648,0.1497297763727656,0.0225214911080826,-0.0097679692422454,0.0110613850248877,0.0587526303064889,0.0929507217520069,-0.0163029608295669,-0.0724365678694437,-0.0609035678264482,-0.0390146027782555,-0.0841911425450835,-0.2905165921402581,-0.0131434696586757,-0.0426014433064932,0.0993241544893581,0.0588055317021756,0.0089565385187564,0.0513412166662916,0.1518802189183091,,,,,,,,,,,,,,,,,,,,,,,,target,963,1,158.84917294973542,0.0172084522521727,0.0205344392773085,0.0048746552618324,0.1196978616564872,0.1428326287448935,0.0339069314662055,0.1196978616564872,24,5,0.0164294600181893,0.0401895062555963,False,-0.0004201682842297,0.4,0.1510797336900627,1.0,0.229626651979334,1.0,0.2
G2022-18,Falling Wedge,bullish,1,0.697248822303434,3,21,888,889,2022-07-13,2022,2,141.05477489297323,148.18227864736537,203.61505394074493,135.62070323773105,0.4089107438642466,-0.0480995691215797,True,0.1143746839043096,0.0577383368293098,-0.0219842296375617,0.0367776449557935,0.2832885794050477,0.0426922836190781,-0.0508764641726009,0.0377568381408144,0.0348097361531463,-0.024214644765176,0.043882405160081,-0.0299073804921419,0.0426922836190781,-0.0101565796579101,0.0304651765331547,0.0073711807180496,0.0287849159596154,0.0077171211212656,-0.0178586734000806,-0.0253255021001843,0.130919059056749,-0.078211720569866,0.090943582421992,0.1474935284147089,0.0233532866098868,-0.0514969562331426,-0.5509706671290896,0.0787460332681659,0.1021102657746786,-0.0002140882165612,0.0025816550620836,0.2158050098454325,0.1188434965116946,0.1272758052319913,0.0324357191131616,0.0853712833154707,0.0712282068018015,-0.1227533570597572,-0.0700210575393188,0.2291272175447798,-0.0601448042118477,0.4972157607607039,-0.1881505518154227,-0.0440316481839556,-0.0681677453909801,0.1272540495422145,0.2662870836368889,0.2632812152464727,-0.2028686422775862,0.1428867931749975,-0.0649848429073238,0.0350082323337528,0.2879123620798789,0.3095543459669836,0.1589203486807409,-0.2070705435302282,-0.2254163588879194,-0.0473547653912646,-0.0620944596186352,0.1312404858379336,-0.0309437676014608,0.2390104362563876,0.3846958253843893,-0.2487419961464632,-0.0382980819672004,0.1874980011797773,-0.3935743554974584,-0.0315169064608105,0.2500939781064644,time,948,60,178.61583953228092,0.2662870836368889,0.2875842449049289,0.0206056799613203,6.912140108250692,7.464960622795208,0.5348714063526941,11.512597370228017,18,3,0.1429681853080404,0.0514603199428129,False,0.1143988975651701,1.0,0.1475495655813728,1.0,0.2666004567090578,1.0,0.0
G2023-50,Falling Wedge,bullish,1,0.8656995859079045,3,46,806,807,2023-03-16,2023,1,151.00858884322145,150.09058278714235,169.79853240522272,145.93679062771864,1.188899719159833,0.0061163468022573,True,-0.009854862868926,-0.0097278598382793,0.0331109005801331,-0.0332854906419262,-0.0262700218481184,-0.0235514101462565,0.0255700605797832,0.0139958930588695,-0.019497560357592,-0.0205699323126818,-0.0105052870744231,-0.0148986500409646,0.0202744344404293,-0.0214227973336081,-0.0247144453702579,0.0110185186862938,0.0490003186276988,-0.0163099835084775,0.0136223734918667,0.0304125044227319,0.0060699385261842,-0.0176487952762788,-0.0085748912940962,0.0633771035025194,0.0144477209828488,-0.0223961541889167,0.06995373511954,-0.0055016645974209,-0.0097948879529068,-0.0219827057452708,0.0436298600710527,-0.0449821675415583,0.0266522869427239,0.0071266027291274,0.0027576122386783,0.0341986369806432,-0.0012864933664884,0.0431363101088213,-0.0229737633030112,0.0409747074829287,-0.1523759008499243,-0.0011330712960864,-0.0093789428838495,-0.0351288565255965,-0.0251922800063513,0.0675619603317127,0.0187484017784438,-0.0844508767142764,0.0731930216606744,0.0283859474316974,-0.0192683744418096,0.010047164426143,-0.0318757787484534,0.0790551268275985,0.1916714884877655,0.0187484017784438,0.0337582631738453,0.0886199569714381,0.0043792266396938,0.0183189563859018,-0.0282357966725984,0.1792251179234525,0.0740020702544228,0.0505850052629837,0.0499255345722142,0.0676668526055688,0.0366917789495135,-0.0391585722273907,-0.0255383677846114,time,866,60,153.83975853885,0.0187484017784438,0.0755061379996373,0.0222348012326418,0.5582181260631774,2.248132686642462,0.6620227806160656,3.70478926085163,50,8,0.0680722496129433,-0.0076514001668902,False,-0.0099253495061239,0.125,0.0633295690698269,1.0,0.0231535079371307,0.375,0.125
G2023-40,Falling Wedge,bullish,1,0.6132260756459381,3,35,950,951,2023-10-11,2023,2,169.10057615660003,164.34475834810553,182.43189887336297,159.92618998837364,0.785460386991077,0.0289380559276555,False,-0.0529657029293724,-0.0375406490968508,-0.0262594797138644,-0.0370550108667036,-0.0118039725876447,-0.0394637055949472,0.0072801636053354,0.0100501421538274,0.0247833978464226,-0.041842603400068,0.0043530332052665,0.0716692235253249,-0.0011759816023709,-0.0237881805145535,0.0022790286273575,-0.0033098458541944,-0.0261170474431879,-0.0032895226988447,-0.0291246837370525,0.1462155195143419,-0.0192888299042787,0.027202459780534,-0.0545314081464073,-0.0180542472592374,-0.0187408640343923,0.0909338149086262,0.0132934533371082,0.0976884658226802,0.0584206335347583,0.0361855093107175,-0.0408893054545903,0.174589961580857,0.0135525512290803,-0.0619066934217531,-0.0285991551093519,-0.0091991385774706,0.0651684730288895,0.0111286102573173,0.017580585819275,0.0586657773622343,0.0347999624664077,0.0077154147565265,0.0152922264042001,-0.0426624369160493,-0.0400744976944533,-0.0416384578914879,,,,,,,,,,,,,,,,,,,,,,,,stop,955,5,159.92618998837364,-0.0542540207534846,0.0014058682715181,0.0544383784763011,-1.0,0.0259127019895179,1.003398047190902,1.4531024171331757,40,10,0.1176320743151506,0.0467957449567393,False,-0.0529550958676182,0.0,-0.0187103344134217,0.4,0.0908064796638798,0.9,0.1
G2023-25,Falling Wedge,bullish,1,0.6850392807889221,3,21,762,763,2023-01-11,2023,2,136.66632439048752,131.16842440121138,145.7635401352377,125.71261985149113,1.0110712592562758,0.0419148130685738,True,-0.0109124571659756,0.0093310282991854,-0.0797449053156592,0.0551473956857773,0.0079471985342423,0.0234944906834098,0.0853747982411667,-0.0121689075361237,0.0115670160448473,-0.0085412107703829,0.0204364147385303,0.0557024197639328,0.0270536454603496,-0.00697567217103,0.0162322064555935,-0.0119037195566585,0.0109103228926372,-0.0597073238890366,-0.0120315308476076,0.0445889560040912,0.005115300429183,-0.0085387256392368,-0.0191103656263769,0.0864074800237473,0.0601389739786493,-0.0826317844344812,0.0252415912926216,-0.0038906825293274,0.0181200760532336,0.0900315182095901,0.0784650851250816,0.0645495724006333,-0.0813401783597935,-0.0473789604478194,0.0089796161259056,-0.2169988215559568,0.0795051893116376,0.0158027474955226,0.0587203050632914,-0.0700498135003204,-0.0073362521441918,-0.0619699768208171,0.0193935477092772,0.0439578717511339,0.0326924741695666,0.0882143237780079,0.1539914418072328,0.1174289019330383,0.175800711771811,0.0505749508027881,0.0926135595271389,0.1189397095044431,-0.0514090869515521,0.0325464506653245,0.0512233402681137,0.0772591010250836,0.0640175420102069,-0.0978412421692157,-0.0085028024792875,0.1008997151321067,0.0698554084512668,0.0487375163527512,0.1167553004394443,0.1328239267964264,0.0381177009779245,0.1794145256156796,0.2121749521764171,0.0424550221162554,0.0816686267055764,target,773,11,145.7635401352377,0.06656515996404,0.0834510827059172,0.0213663956114735,0.8305149835257183,1.041195944186865,0.2665825742603679,0.8305149835257183,25,15,0.0218773691977982,-0.0313812337085875,False,-0.0108902275925996,0.4,0.0856646628345134,0.9333333333333332,0.1545459010876439,0.9333333333333332,0.3333333333333333
G2023-29,Falling Wedge,bullish,1,0.712000083758781,8,98,972,973,2023-11-10,2023,0,233.2510612527421,230.96226003940376,273.3580516808981,207.6993470541548,1.110791020694217,0.0099098493968141,False,0.0466237419234203,0.0203051218716936,0.020873247343887,-0.0150543907035496,-0.0025523822438324,0.0642328960910452,0.081194998660343,0.0770269144626567,-0.0456037342853226,0.0136582790262389,-0.0401442682611025,0.0564605113442286,0.0315041435351888,-0.0215653533819301,0.049758137288445,0.05194915173175,0.0288788471368963,0.020873247343887,0.00477660178492,0.060941192473402,0.0924747120416635,0.0233519395300103,0.018972007377479,0.1068784315960944,0.0550605726373807,-0.1041182246279042,-0.049433366814254,-0.0343178984005163,-0.059821399195939,0.0497777507187151,0.0043869579194015,-0.1500048551225586,0.2354097533196242,0.0340222875926916,0.0235452157094957,0.1429710998023399,0.1628029205771102,-0.1137759260609678,0.0969616685183567,0.0283892056852694,0.0822866499971064,0.0414736902281474,0.0936247392766957,-0.0532835227804111,0.0304661388724056,0.083810287335354,,,,,,,,,,,,,,,,,,,,,,,,target,995,23,273.3580516808981,0.1719477296812706,0.178823073290163,0.0120912693661513,1.5696399120796911,1.6324020884561037,0.1103762115382263,1.5696399120796911,29,17,0.1831219211074786,0.0511951225638394,False,0.0465399629711682,0.9411764705882352,0.1072634331767453,0.9411764705882352,0.2557706754622709,1.0,0.0588235294117647
G2023-14,Falling Wedge,bullish,1,0.6684725626172634,5,33,763,764,2023-01-12,2023,4,133.8334675374352,131.4044876354767,148.16623863526445,127.67844891486834,0.8563941392153477,0.0184847560815171,True,-0.0066660299801106,-0.0124078193991823,0.0224241015372919,-0.059149932642858,0.0564455432877453,0.0151918665969827,-0.0175068828501614,-0.0084489302045561,-0.0011728709794621,-0.2589474240132486,0.0501053969194666,0.0668729038983622,-0.0613416479605423,0.0024073190971878,0.0320918626127091,-0.0020574677123785,-0.0086009900160679,0.0013974360635433,-0.0058344655241263,-0.0130029186843617,0.0249387747310259,-0.0020991870773861,0.001648345665931,0.0462854454212677,0.0096509940938902,0.0487871766893837,-0.0079105327934265,-0.0350369200161572,-0.0254115105148027,0.0591723560833152,-0.0176460046959484,-0.0186867940476388,0.0223824514916519,-0.0812712553553096,0.073933445971664,0.0099813691770438,0.1827837162285752,0.0031658064155879,-0.0562263662295761,0.0230071717489805,0.0752852332536417,0.0244270145016978,0.0908016906439261,-0.0091187664672334,0.0679732229199205,0.0247658201710029,0.0636970030326751,0.0188219733247689,0.0955083363494933,-0.0372914210279067,0.0839201306725925,-0.0387896961747668,-0.0738328950122885,-0.0070601587599189,-0.0770177110714711,0.0688425026756101,0.1317543051481169,0.135312792782219,0.0376169917183852,-0.0149386474624937,0.168922618862944,0.0592804003020288,0.0417831454066315,0.0506224929123111,-0.0357564254064077,0.0552773215253121,-0.0931720223951751,0.0353788217114585,0.0343789588948413,time,823,60,142.35825832504065,0.0636970030326751,0.1005279820702919,0.0344597906863853,1.3850146214586572,2.185859905554187,0.7492866489898354,2.328631638136611,14,7,0.2062991914204202,0.0651711807978141,False,-0.0066017464164802,0.1428571428571428,0.046522507723395,0.7142857142857143,0.0598551313170978,0.8571428571428571,0.1428571428571428
G2023-14,Falling Wedge,bullish,1,0.6754999576450041,3,14,799,800,2023-03-07,2023,2,143.89403392483322,139.3096132721805,147.1752557944389,135.53739932900658,0.853698041035357,0.0329081428407653,True,-0.0438967389607798,-0.0271795102130978,0.0383633057532739,0.0252828797255366,-0.008761756485183,0.0200306159548095,0.0590752897091064,-0.3085343399378124,-0.018301473427679,-0.051117966583427,0.0011494730734469,0.0423640788339425,0.0661309776846983,0.0169971183257147,-0.0147926701027552,0.1041720302603215,-0.1107437655711383,-0.017056967475692,-0.0281772538935376,0.0005970711660647,0.0690510652089906,0.0396944759988067,-0.0401678483716542,-0.0388861349588475,-0.0686050664640675,-0.0450939250673437,0.0046974504635883,-0.0009605755190095,-0.0415142623213214,0.0389075336007915,0.0381641804441006,0.0620266175915202,0.0307791906943324,0.0164995232107736,0.0764379148979621,0.0796084752387218,-0.0134265953397958,-0.0081627105098489,0.0373331183898533,-0.0138634137160461,0.1386210527623486,0.2060571387571932,-0.0470551817377746,0.087262425837034,0.1087293164160319,-0.0766384986635031,-0.0826969056417133,-0.1455496397771273,0.0289060629804986,0.2309463642685967,-0.2399296786487286,0.0785313617693475,0.1066119117335286,0.0241698049409422,-0.0438895273283901,0.0110975024304553,-0.002580235012487,0.0707832213110633,0.1777040381925596,0.2869962220425988,-0.078817006048941,0.0725667703539281,0.457262121514002,-0.037650814060165,0.0002930974555046,0.0955890036789532,0.0837350689578846,0.0955015681703468,-0.1535882485767883,stop,802,3,135.53739932900658,-0.058074920605756,0.0097142734131659,0.0612368984196443,-1.0,0.1672714023857502,1.054446528396545,0.3926487190482559,14,7,0.1269537036809445,0.1152333177957105,False,-0.0438993045940302,0.0,-0.0390815702130653,0.1428571428571428,-0.0825014165782314,0.2857142857142857,0.1428571428571428
G2023-48,Falling Wedge,bullish,1,0.7065592522897695,3,39,867,868,2023-06-13,2023,0,158.93277630296265,157.019350278734,172.891605268057,152.2072224179052,1.1043199528523264,0.0121859249884297,True,-0.000326191875377,0.0007135302744079,-0.0093970799545577,0.0867079242371064,0.0012796886611299,-0.1458511198741197,-0.0258968892390272,0.0117000289654318,-0.0392035626213651,-0.033891850974272,0.0084096428256841,-0.0757419247555536,0.0291916697941903,0.0170925793142939,-0.0040021480676113,-0.0632335441885478,0.0075741212261644,-0.0040078071063511,-0.010611961508263,-0.0022305144986393,0.020496096606694,-0.0040078071063511,0.0114550310378211,0.0337911483298847,0.0012520319800728,-0.080402178314332,-0.1009382652824537,-0.0278859673906631,-0.0786850395512911,0.0856943591927805,-0.0372770993205134,-0.0094192344164286,-0.0073001978790779,-0.0566679996195562,0.0781910232473732,-0.0032458176318966,-0.0175919102925833,0.0588930383135517,0.0076368130335697,-0.008278095426623,-0.0132576200798676,-0.0996780352164528,-0.0039512950725764,0.1374485060472174,0.0463173935870722,0.0403110294335222,-0.0139025605369773,-0.0371626482917339,-0.0221977592942431,0.1335644335617083,0.2543220691060808,0.1189104898103485,0.2160009486492549,0.0479700769087052,-0.078464375676748,0.1753522679571877,-0.1205360132631383,0.2369840032616226,0.078658118184191,0.1036635576906301,-0.0314574435181432,0.2525847185287624,-0.0566124497098258,-0.0968236116781056,0.1027243869137914,0.0626417943097557,-0.1211069624220668,-0.0531425130765428,-0.0740543473491386,target,893,26,172.891605268057,0.0878285102028644,0.0910879125313509,0.0229513816523526,2.0754913578355936,2.1525148818468445,0.5423682373732287,2.0754913578355936,48,12,-0.0221759343292393,-0.0103503566763373,False,-0.0003633348772719,0.4166666666666667,0.0340271514973847,0.75,-0.01485624285393,0.25,0.4166666666666667
G2023-43,Falling Wedge,bullish,1,0.6474821631132611,3,21,761,762,2023-01-10,2023,2,132.10920564020043,126.22134653635771,138.90100832542413,123.71035296134394,1.3560229171304647,0.0466470946904906,True,-0.01603918398239,-0.0141523907397826,0.0276064398252497,0.0178890401599622,-0.0074509212981435,0.0057830174284849,0.0143253626274204,0.0067339773852503,-0.0301520413848979,0.009764106157891,0.0123833790889589,0.0260648959293798,-0.002051905605471,-0.0314827667575665,-0.0162375861495306,0.0085171555137666,0.0254568627397295,0.0192801584790089,-0.0540478511473839,0.0112602811163782,-0.0205485821485165,0.0467425998487083,-0.0195309650728239,-0.0247986544137516,-0.0717609438933161,0.0188865109930058,0.0466902602729004,-0.0127152157051101,0.0652687962525866,-0.0420824970956964,0.0519123689906031,0.0409002358734944,0.0094919226528349,-0.0093873849482631,0.079466397466388,0.0143238711034425,0.0082043808031331,-0.0339988242647766,0.0311953053264686,0.0013348307550524,0.0856866052858507,-0.0462290086753682,-0.0283840867066518,0.0527794541494495,0.048151628719669,-0.0438734319762022,-0.0324490336569636,-0.0796704886734847,0.0158797674996977,-0.1087896127106318,-0.0110777925324171,0.1530051918798942,0.0958088661053622,-0.0820432724731512,-0.0089943108263804,0.0685066074594276,-0.045456442556983,0.0294021785230407,-0.0565989377599469,-0.0418085835137318,0.0907792112256744,-0.0822021244089856,-0.0114827682842377,0.0017669724632833,0.0971415157332471,0.0514276068566115,-0.0085249013716269,-0.1745739907597648,-0.0310572926843826,stop,782,21,123.71035296134394,-0.0635750751672126,0.0170667279810192,0.0685912562028147,-1.0,0.2684499850944891,1.0789016925644015,0.8086583900110048,43,7,0.0849792014890586,0.049351973696798,False,-0.0160449058505611,0.0,-0.0250961004986328,0.2857142857142857,-0.0325839359478416,0.4285714285714285,0.0
G2023-44,Falling Wedge,bullish,1,0.6962469772298944,3,47,815,816,2023-03-29,2023,0,122.20387057505096,119.48767138220904,145.92625999714062,115.24760211970975,0.7923037785289915,0.0227320455861383,True,0.0090625566872555,0.0003762602249874,0.0149957956202306,0.0193454287981977,-0.028170138738189,-0.0395551727574503,-0.0026398866698661,0.0373420389588978,-0.0059613931216254,-0.0591849319391692,0.0059071683013187,-0.0197964885154366,0.0501550913520676,-0.0048415366794963,-0.0114382718763926,0.0327203473808526,0.0324652718021156,0.0402401013481199,-0.0102850908360697,-0.0242617603247142,0.0034837086578134,0.0070743632430796,0.0071828244870413,0.0100499617180653,-0.0105396853275205,-0.0219727770214234,0.187749333850582,-0.0251089615941025,-0.0496946856181687,-0.0496946856181687,0.0332019205927034,-0.074199104844574,0.1021710767791777,0.0085700016244114,0.0972035918270646,0.055207469202072,0.0373723661190263,-0.0010355229202207,-0.0138592286773283,0.0495433371812905,0.0019484580220132,-0.0563904423122879,-0.050961380413249,0.0427954036625428,0.0363141704448766,-0.0054080552962464,-0.0137854813117935,-0.0854345728728892,-0.0217404495006915,-0.0218980957878753,0.0318894678427161,0.1259798210842058,-0.0158535768116618,-0.0253248158990585,0.1296194360651699,0.0689615082269266,-0.0164385801223297,-0.0308095238711386,-0.0003426311597196,0.0324006557903235,0.0436079433976985,-0.0205878521484014,0.0165439226217798,0.0606567066266481,-0.1554571925452397,-0.0118935935291423,0.0185475147191054,-0.1622869636386866,-0.016064166379825,stop,854,39,115.24760211970975,-0.056923470775576,0.0405503562081863,0.0609119948025683,-1.0,0.7123661936929039,1.0700681805351837,3.410217643897145,44,10,-0.0095461019301112,-0.0717442107901967,False,0.0088902302305701,0.8,0.0100628408648027,0.5,-0.0126370613592049,0.3,0.5
G2023-44,Falling Wedge,bullish,1,0.6400776138634914,3,26,918,919,2023-08-25,2023,0,120.30121043552084,118.80466967131063,131.0057873766171,115.2732603159444,0.7240173316431802,0.0125966493434186,True,0.0076473528855947,-0.0125905954961365,0.0046675414571062,0.0253159299109455,-0.0204613594979679,0.0006985376332051,-0.0204538883749405,0.015188517911147,0.0097497185837427,0.0105848781827728,-0.0078552834264923,0.0334392388704776,0.0068510174180163,-0.0498221213023314,-0.0187669507400807,0.0061215895175987,0.023640527264209,0.0198540443928327,-0.0683460984541677,-0.0091924335851336,-0.0081057098206837,0.0193827444706167,0.009022830865051,-0.0625941539113498,-0.0434068258392935,-0.0274283428016256,-0.0788575584663094,-0.0044144471222149,0.0889360712922382,-0.0021050903912377,-0.0136330126912851,0.1482819272377733,0.0448415550557375,-0.017877895587896,0.0065921422257333,0.0454013546343374,0.0474619546095083,0.0116849415415474,-0.062907304587324,0.0034080635575217,0.0052113327542313,-0.0001880913010263,-0.0274524100613191,0.0400276737897027,0.0409296660814118,-0.074989780399825,0.0127434473583869,-0.0180597814622329,-0.1238846711392873,0.0589331045579217,0.148600301459836,-0.0997412882034474,0.052442881669082,-0.0367601224066261,-0.022394915951559,0.0757893290561209,-0.0367601224066261,0.0435346324230982,-0.061793554626368,0.1159333897605867,-0.0308095238711386,0.0806512321302468,0.2352916035467749,0.0092811012565343,0.0353430924609112,0.0256514650587347,0.012120852920052,-0.0669262287614099,-0.0079816805882849,stop,936,18,115.2732603159444,-0.0417946760583204,0.0239577059616946,0.0547274585150558,-1.0,0.5732238701470961,1.3094361214497503,2.129014148214747,44,10,-0.0420728616203243,-0.0365123303814683,False,0.0076740065620541,0.7,-0.0624906097791335,0.0,0.0120780145635249,0.6,0.4
G2023-55,Falling Wedge,bullish,1,0.6747475460635733,5,59,805,806,2023-03-15,2023,0,115.69282719869028,114.07483632706332,127.81499945952233,108.61691772427136,1.309747935373834,0.0141835914363095,True,-0.0392671007665276,-0.0568113180878112,-0.0185748210365563,0.0021359901316557,0.0127411314280305,-0.0071295926090905,-0.0221237649798453,0.2435148259897557,-0.0160713989584709,0.0127028812624618,-0.0144547685264665,0.0181800348411202,0.0072400425880947,0.0622897377358631,0.0078620977727534,-0.0183652570378888,-0.0066189194343433,0.0552759387510404,0.1286358096142812,-0.0531526649330351,0.0327723528518786,0.0227328787698122,-0.0617467274775801,0.0387598916730791,-0.03421473292267,0.0183806150027874,0.0859557329458995,-0.0666539267446514,-0.0084868404828999,0.0288362416526311,0.0785855446009418,-0.0400833022214053,-0.0561026283710648,-0.0186553690813781,-0.0418615004658582,0.0983702066572105,0.0163767409115649,0.0328398968384349,-0.0476739582526711,-0.0165057248416231,-0.0607566413141399,-0.0154823637871063,-0.0052501683176804,-0.0381377725176451,0.0078060883572983,0.0411848481446469,-0.013788113658943,-0.1293991012888702,0.0029418198908723,0.0240912516400446,-0.010429985503045,0.0637080605274074,0.0026608781165813,0.066580817523316,-0.1355739402801701,0.2026793369247042,0.0453563142334629,0.0411464387922677,0.0119832290459656,-0.0429870381482038,0.0479233507375567,0.0093175128220754,0.0159080053157378,-0.0090009626856459,-0.1419935611211779,-0.0253805506898615,0.0575835479802879,0.0164489068911986,-0.0259362852596117,time,865,60,114.09764134775028,-0.013788113658943,0.0528188174062881,0.0562731169632789,-0.2254389851519403,0.8636004088402642,0.9200790400585174,1.713161015507134,55,16,-0.0949401100622492,-0.0252261457944354,True,-0.0392680112450653,0.0,0.0387427048001537,1.0,-0.0138320645346611,0.3125,0.5
G2023-55,Falling Wedge,bullish,1,0.6146217782878916,5,49,929,930,2023-09-12,2023,2,108.27146001601812,106.98341624882464,127.03380474156734,105.03038025472954,1.1340001977373233,0.012039658223268,True,0.0158065828140032,0.0201732138132639,0.0336696186670499,-0.0780658514121941,-0.0015635564836339,-0.0774478146593102,-0.0064914523028111,-0.0037924767926713,-0.0216294409308305,0.0087502491857556,0.0058767231033349,-0.0150693383422852,-0.0418167974555557,0.019985795431328,-0.0081173722523768,0.0504881000892509,0.0050697657578342,-0.0433470552815069,-0.0669401491664332,0.0333254447786779,-0.0313925598601767,-0.0194940393806902,0.0287066931793655,-0.0591966065271821,-0.0364560113982352,-0.0017183970305563,0.0705092712475206,-0.0327089032670342,-0.0165057248416231,-0.0647409752370029,-0.0941450538628785,-0.0745085801553055,-0.0351040855412178,0.0538650207186921,0.0227862868428858,0.0312244117337026,-0.0314869139543247,0.0664047398344618,-0.0195076499294194,0.0469883647290989,0.0016359287854816,-0.0034032647250392,-0.084740316700228,-0.0288304772229941,0.093367095809977,-0.0541656453888919,0.0125748088893729,-0.0101584286049605,-0.0229719939576888,-0.029670295761046,-0.1031503098290085,0.0730075902380014,0.0794579812489584,0.0305675774501961,0.0703643796236579,0.1081426154720899,0.0242564869283714,0.0699080930280124,-0.0255965065726412,0.118965226207244,0.0109134420909484,0.0094242662213195,-0.0146094435490308,0.0403583530184055,0.0912195933985442,-0.0821079972340337,0.0124982933045165,-0.0664280706840524,-0.0071526551427653,stop,939,10,105.03038025472954,-0.02993475622116,0.0325795901210877,0.0335636479370345,-1.0,1.0883532800597246,1.1212267001295777,5.788917924713391,55,16,-0.0388994309588052,-0.0636778587604862,False,0.01581416577635,0.875,-0.0581669821979732,0.0625,0.0112792525193749,0.6875,0.3125
G2023-17,Falling Wedge,bullish,1,0.628193561686752,8,109,855,856,2023-05-25,2023,0,119.77122509251424,119.11990838591625,164.3946840515619,109.46474471797188,1.047385357697769,0.0054677401571525,True,0.0268972292029665,-0.0034161526037821,-0.0216110204661096,0.0387120209564195,0.0200689592355425,-0.0165143062243486,-0.0270622569493692,-0.0678725686790792,0.0103952412446608,-0.0138599364253264,-0.1268005205846983,0.0358702982622169,0.0049870475582125,-0.0198272300910845,0.0198628061580818,0.035923771421565,0.0086150968023397,-5.380721362036045e-05,0.0003896852892997,-0.0022727624192773,0.0111102215320713,0.0185345673325842,0.0314674638659625,0.0268714576096267,-0.0157758812437482,0.0243369050451702,-0.0232200754574432,0.1926110046908125,0.0381816539300421,0.1058448956263427,0.0646982483658755,-0.0543008760133539,0.0228980576036776,0.0631651547504321,0.0346932142387841,0.0637916991774363,-0.0515866758976413,0.0233385314071592,-0.0339858579281423,0.1391363857774821,-0.0183647993692477,-0.0193820625017847,0.0576153836964619,0.0710041827612255,0.007894490994682,-0.0085470154352718,0.0621995720258783,0.0033365134319136,0.1276696201606761,0.2236872790712167,0.085005619131387,0.1455785379074716,-0.2962215985300339,0.0400662038182568,-0.0026439286368644,0.0327283099847557,0.208913601175934,-0.1639516406744766,0.1455785379074716,0.0041749884410222,0.069090945715482,0.07845087266097,-0.0209636562298892,-0.0249418219857575,0.1331157484596021,0.1582385631196909,0.158216274101544,-0.0330295259783796,0.0087614255448743,time,915,60,127.22094403428376,0.0621995720258783,0.1622926858254937,0.0228238986626446,0.7228189130569522,1.8859972656511288,0.2652356774447091,4.329650602088211,17,17,-0.149476377816884,-0.0798965127789512,True,0.0268446777444541,1.0,0.0266890030788589,0.8235294117647058,0.0608690308550387,0.8235294117647058,0.7647058823529411
G2023-41,Falling Wedge,bullish,1,0.6367081242529042,3,19,917,918,2023-08-24,2023,1,170.8142304614444,170.36793118238512,179.06250966079034,167.25525664555926,0.8281421268118406,0.0026196202299451,True,0.0182166500384239,-0.0083858674497618,0.008938679435853,-0.0065432227828328,0.0190956630510361,-0.0257470191585589,-0.0964187233362088,0.0262627820120919,0.1224055272062125,-0.0162165831804702,0.0236512838789209,-0.0037149727202461,-0.0128696272287039,-0.0008752475866825,0.0311545928822112,-0.0020540845262009,0.0185835882729004,0.0203654513235147,0.0409243188815475,-0.102478091924958,0.0027205347480969,0.0221406728321615,0.0147503739344397,-0.0311431813870856,-0.0157750414492706,0.0058648967706043,-0.0472665264032118,-0.0417061048306878,0.0281786250669844,-0.0442165755179755,0.0411415401141506,0.0005805913951932,0.1232672430737757,0.0581565242010277,-0.0277265266326248,-0.0326087124247944,0.0772603982732829,0.0484041794586502,0.0427136961997587,0.0577642976669259,0.0563758113000172,-0.0223176648835938,0.1369410909493775,0.0304672312773024,0.1341027304276312,-0.0624120186611753,0.0533675151680144,0.0221372148097913,0.116770668821907,0.1177675740225485,0.0264636702728502,0.5253856144322915,-0.0246043670259971,0.0871875277184908,-0.0410260240411329,0.0653370989170496,0.0407513012833411,0.0929878323732815,0.1270673575998466,0.0017564353532262,0.0199845736225252,0.0273418606648272,-0.0193182901036597,-0.0130519464799317,0.0310626073584763,0.1292997232517254,0.0101613192035396,-0.1092162972807027,-0.0072378968302107,stop,927,10,167.25525664555926,-0.0208353473025683,0.0315126282332386,0.0214656937462705,-1.0,1.5124599449011424,1.030253704656245,2.317600416875937,41,5,0.1010452076848278,0.070063514647763,False,0.0182091624377026,1.0,-0.0311351581657199,0.2,0.053118600409477,0.8,0.0
G2023-41,Falling Wedge,bullish,1,0.6321922456886034,3,31,947,948,2023-10-06,2023,2,167.30922931102273,165.17487809849115,180.01223103531186,162.50918524174276,0.9905116707713127,0.0129217665367908,False,0.0209049149260713,0.0117370473549009,0.0127582725984392,-0.0150500293804838,0.0053350089524515,-0.032586754978268,0.0065896881635658,-0.0100624109415395,-0.0009518446869708,0.0171148899803819,0.0102626571682826,-0.0464626889724317,0.0208535350388547,-0.0517968911396715,0.0127522398176329,-0.0534716533280196,0.0181776207129094,0.014145551687611,0.0050820686994992,-0.0403234346216753,-0.0209239948424349,-0.034863813325246,0.030076014095927,0.0253586682298574,0.0087300012909308,0.0276417771155472,-0.0231951969692488,0.0206196470102164,0.0215035676935733,-0.0182168820859455,-0.0222702606323974,0.0110710932140185,-0.0093711547838484,7.30563188906519e-05,0.0058648967706043,0.0263525813773779,0.0898684668872087,-0.0422480637964578,-0.0261217157263998,-0.0246959686113261,0.0104074164631644,0.0325384215283843,-0.0143580409764789,-0.0316426393221013,-0.1031419066344208,0.0288247134878394,,,,,,,,,,,,,,,,,,,,,,,,stop,958,11,162.50918524174276,-0.0286896550121382,0.0423463788341269,0.0293272423133286,-1.0,1.47601561664686,1.0222235959589148,2.64643439538142,41,5,0.1122765203523481,0.0385008074275805,False,0.020748002739621,0.8,0.0253894824155744,0.8,0.1092586037342001,1.0,0.0
G2023-45,Falling Wedge,bullish,1,0.7254007780672392,3,27,916,917,2023-08-23,2023,2,175.18447728988275,171.93597686671416,184.41095752773964,169.34487548286012,0.7732469255074216,0.0188936631086049,True,0.0228907882383306,0.0086785591037608,0.0178079396613974,0.0196733479687352,-0.0233152838390306,0.0118321924487145,-0.0372425842656669,-0.0372997068302231,-0.003361923867447,0.0110951543150024,0.0179368128380339,-0.0102235494060843,0.0233836114015626,-0.0702811838863203,0.039240030151372,-0.0056540209659835,0.0130619060325085,-0.034513647918919,0.0386113070463949,0.0718256241962804,-0.0686263661201764,-0.0013602460493761,0.0242613175927919,0.0253259121437068,0.0518124589761505,0.004611669283,0.0449760993654853,0.1171062734693275,-0.0269860240793382,-0.0313337050472192,0.0738353669781819,0.0355782517699259,0.0093525265971641,-0.0342834224538971,-0.3163748014604807,-0.0739783466053036,0.002185315988384,-0.0098580586280424,0.0265182717177856,-0.0390581936052627,-0.0322730185836719,-0.2255236677406407,0.0104248130414477,0.1230846724304797,-0.0562830242524842,0.0452398622344647,0.0711060698667995,0.0550765214959247,-0.0119946801933703,0.0427360508357206,-0.0211965488844148,0.0667831958810212,0.0686727512503686,0.0040289257667582,0.1154528631445985,0.1754233904424775,-0.0574926066462797,0.0413833191925279,0.0292270944222499,-0.2008004864584593,0.0796596168452556,-0.0093923842924864,-0.0744120153580473,0.1263360104091044,0.0169316782796793,0.0987369769107839,0.0148609655025773,-0.0060623011063469,0.0461619790696136,target,970,54,184.41095752773964,0.0526672247483981,0.0593914171211146,0.0286699420720977,1.5799844822914535,1.7817061347154877,0.8600807010148591,1.5799844822914535,45,5,0.1178375697906906,0.0627447534298635,False,0.0228662386024567,1.0,0.0253843193531038,0.8,0.0717659901025335,1.0,0.2
G2023-15,Falling Wedge,bullish,1,0.6054343153746878,13,137,878,879,2023-06-29,2023,0,183.95727998595115,180.15657951177144,221.37884125096195,161.9578662574184,0.7779968013619939,0.0210966509493002,True,0.0113006198259497,0.0178474062771952,-0.0126472680691821,-0.0258774514970692,0.0148547530493696,0.0133436238558923,-0.0067721524286137,0.0347415378641131,0.1581445442507487,0.0141712766610577,0.0127394804852192,0.0663900961272208,0.0530954323369081,-0.0540493717312938,-0.0120208242900653,0.0773781626842124,0.016761112087634,0.0739837191297647,-0.0853807074883329,-0.0088142586390765,-0.0485597079055803,0.0663900961272208,-0.0060929848045576,0.0966156518559793,0.0615484147784841,0.0755582814299724,0.588773528028022,-0.0770824176534363,0.0890540611003429,0.0055057674018186,0.0565006530011846,0.0777837177682929,0.1111495776041062,0.0958712862219015,0.2260128782996535,-0.0164889152894913,-0.0197189716345816,0.1297962387961224,0.0075899228965994,-0.0481215920700732,0.030256670293409,0.0618296671797302,0.016535728611345,0.3904114557945259,-0.0528695113987918,0.0091982505369466,0.1561317317092661,0.1735416541362227,0.0819435358057121,0.0521712550073474,-0.0475909083243271,0.2183055968418694,0.372517961112859,-0.1150871257389115,0.3152574879273835,0.3152574879273835,0.1888744342352994,0.1200528619713283,-0.0042834417841833,0.066177780671697,0.3477346049841285,-0.0538291826385408,-0.0315930917267971,0.3334270145150417,0.2513269477952025,0.0097795711794785,1.1399758437984513,-0.0641113722007081,-0.0186836313587196,time,938,60,212.678848670684,0.1561317317092661,0.1928584531244633,0.0302558655784186,1.305560640803879,1.6126664508818498,0.2529970481989598,1.7010253876209374,15,19,-0.0940729903642615,-0.033253753520586,True,0.0114216314882387,0.5263157894736842,0.0969820493647834,0.9473684210526316,0.1576589185169739,0.8947368421052632,0.4736842105263157
G2023-18,Falling Wedge,bullish,1,0.7178893706850639,3,31,760,761,2023-01-09,2023,1,277.57031350973347,272.0287216151488,312.81987400942023,259.27209758128043,1.2764949845833142,0.0203713485167371,True,0.0134005927377878,-0.0137653873691379,0.0761188154479939,0.0549144792648577,-0.0332641468487404,0.0279776858659757,0.0202589813505049,-0.0008761330236853,-0.0404103551769646,-0.0529322234176821,0.0854918079617683,0.0561431580961704,0.0012453353353898,-0.0477789279978078,0.0274589884090306,0.0113027563259409,-0.0253006174354164,-0.0233156499178078,0.0093359291151242,0.0103815288186344,-0.0591164016105076,0.015941264741333,0.0077217789725822,-0.0251412548062478,-0.0972911336258938,-0.0249242527495192,0.0287394201842545,-0.1387061815252778,0.0009749017450282,-0.0578968340828408,0.1078888713485741,0.1422544243795369,-0.0348822667302295,0.1307659470321929,0.0028682576202085,0.1894433892840676,0.0303292313791527,-0.0095226753557925,-0.0248389666570336,-0.0465312218210094,0.0445972427915832,0.038111509303099,-0.0173352967613892,0.1010091253826541,-0.0738164766198269,-0.0445676622136195,-0.0540456680020182,-0.1106127856723013,0.0482763765159475,-0.0659019208134437,0.0631707563608072,0.0913251979871985,-0.0874055718944902,0.2008245995495701,0.2804685939277553,0.0263811872060386,-0.0889912597153158,-0.0988224709205652,0.0582879416509733,0.0452155690124771,-0.0483668033599001,0.0642248531227211,0.1159772895846074,0.1218441340836402,-0.0171758645276,-0.0308608743651696,-0.0205544576111964,0.0836772357489734,-0.0911253935791697,stop,801,41,259.27209758128043,-0.0659228132039104,0.0347198173292861,0.0670106433664718,-1.0,0.5266737816830093,1.016501573729818,1.9263932963472703,18,9,0.1537212143161566,-0.0057533787594957,False,0.0128036533590014,0.6666666666666666,-0.026490675248505,0.3333333333333333,-0.0610719086654042,0.1111111111111111,0.1111111111111111
G2023-18,Falling Wedge,bullish,1,0.6580538020242827,3,19,920,921,2023-08-29,2023,0,269.5195998743806,265.8214944650249,285.04915053714194,258.03936960863166,0.6983111127841076,0.0139119878804319,True,-0.0048301005268114,0.0024889934295273,0.0431515566264801,0.0137426896488408,3.0397157997352764e-05,0.0519877045279237,0.001423634277833,-0.0031005962559634,0.0542691108325945,-0.0008069190708138,0.0149796402759601,-0.016305887846121,0.0103815288186344,-0.0287376028035266,0.0521392719112996,0.0542691108325945,-0.0383959663017269,-0.0130275196136367,-0.0311090472719119,0.0429676222670758,0.0493355265324051,-0.0285702280546564,-0.0162613018513755,-0.0362653721988004,0.0125815916591925,0.0111708607715885,-0.1321578660339084,0.1230216118120193,-0.0382518085716508,0.284000399415971,0.0020731931484407,0.1298183139557953,-0.0367113028645817,-0.0463794839509993,0.1333572179833453,-0.0102484155452255,-0.1513750169951231,0.0352227433875271,0.0386959501946739,0.112992734786177,0.0906311319011563,0.1298783584472478,0.1810678990117884,0.043397736507982,-0.005242607382573,-0.0810134546977829,-0.0492988252379583,-0.0651273162693101,0.1042681114001748,0.0101454923865202,-0.0508465206648921,0.4603315649389483,-0.0920287104104566,0.1098794832989826,0.171543323171619,0.0442676388281211,0.1671360262973973,-0.1091390533065749,0.0518103939083929,0.2002541366612347,0.009227857782283,-0.002789817995447,-0.0439546296980966,0.0595683068843266,0.1272623311860166,-0.0756049940870585,-0.0299044771104798,0.2354101558647396,-0.1166406562047459,stop,940,20,258.03936960863166,-0.0425951592058601,0.0297588057734933,0.0448136495000256,-1.0,0.6986429051637207,1.052083155352084,1.352721182700789,18,9,0.0039733313792158,0.0128054489582947,False,-0.0046872971055682,0.3333333333333333,-0.0366928393361465,0.1111111111111111,-0.0545099585296262,0.1111111111111111,0.3333333333333333
G2023-30,Falling Wedge,bullish,1,0.6497352565685586,3,35,849,850,2023-05-17,2023,2,124.32693914489548,123.10456399023178,144.14248432821756,118.58128215538188,0.915370329653736,0.0099295681251971,True,0.0076876812841899,0.0168705191561047,-0.0185081697430731,0.0417398791242087,0.0859227710448342,-0.0006940697691464,0.0646316886834286,0.0802190264692797,0.0161721349020638,0.0512154610094863,-0.0137863535470303,0.0796249286486046,-0.00784602675869,-0.0460979067188194,-0.0107494119674614,0.0320123300741017,0.0255006767435612,-0.1420019961088194,-0.0358991085944454,0.0744871803905857,0.0211191837454267,0.0106840675573682,-0.0076996329750832,0.1632074743420926,0.0964441896034249,-0.0366735595725157,-0.0555650210778889,-0.0635986638957898,-0.0996345702654802,0.1255043780147537,-0.0133600961339472,0.0007840617526888,-0.0451949556013261,-0.0687753218550429,0.0289153970389697,0.0190561778395772,0.0943159986121531,0.1063096594107242,0.1102811573970572,-0.0152723875353251,-0.0596481333539034,-0.093005470534654,0.0042443654065709,-0.03959075020478,0.0338166926395477,0.1665620264380231,0.1394970097296621,0.0554416074414907,0.4345084451483556,-0.0936124111601394,-0.1224804717789868,0.0696257385235803,-0.0246857704605028,-0.1171010904522384,-0.0253530411051372,0.1478849662558421,-0.0855371739670207,0.0549972827754321,-0.1526404446143904,0.0172901573340782,-0.0876895526025891,-0.0098998930772687,0.2420314746030416,0.1692014897038176,-0.0366284589835447,-0.1351643011636597,-0.1159045137879859,-0.0382692172012162,0.1349683490301888,target,868,19,144.14248432821756,0.1593825547352072,0.1806309410390978,0.0059816225828747,3.4487866608618343,3.9085681681381086,0.129432861760819,3.4487866608618343,30,8,-0.0299414205092724,-0.0621877374736392,False,0.007642588329467,0.5,0.1745421419593415,1.0,0.1385914670224585,0.75,0.25
G2023-35,Falling Wedge,bullish,1,0.6474367840968466,3,17,937,938,2023-09-22,2023,2,179.28115604070695,179.1312923865092,188.3649377555477,175.72225483808347,1.1915230890309618,0.0008366134816601,True,-0.0154655257060765,-0.0115279786287963,-0.0257311451700342,0.0455040888769398,0.026021417248802,0.0417034040834065,-0.0097696475926608,0.0209216168631463,0.0107115102855819,0.0309890624845474,-0.0419252070517272,-0.0410160435677022,0.0029343504448264,0.0262506234925041,0.0794100013611305,-0.0070432674313533,0.0018111291682954,-0.025678380899054,-0.011877676786002,-0.0041607480904389,-0.0335494200497825,0.0041651760297583,-0.0199490678910856,-0.0168055213301147,0.0017882839154097,0.0075598876949787,-0.0207043517899686,0.044350489729571,0.0713547915054222,0.0804047673238768,0.0624362917088601,0.0687357381476687,0.0766597664816497,0.0401287545383521,0.039137828912678,0.3796433722361603,-0.0372281764879791,0.0338683300061231,-0.0032326086185602,0.0298558295971136,-0.0097167596864987,-0.0269038775134773,-0.0030018079194688,0.0804047673238768,0.0956313658723873,-0.0672747412832529,0.063259712192923,-0.0409265882697118,-0.0524768287875928,-0.0020153285513261,0.0623086373179466,0.0369311113059613,0.0194931557796871,0.0327242268863228,0.0406407480616266,0.0239754780665206,0.0475913175998805,0.0113172194566728,0.1144807384755985,-0.0063802708490294,0.0189242726512404,0.0444478275179913,0.0548930555703628,0.0859156800438236,-0.0456890487905131,0.0123528351029258,0.090770120095506,0.0209463265951674,0.0327021485154843,stop,943,6,175.72225483808347,-0.0198509496548282,0.0141397377615438,0.0308367690227867,-1.0,0.7122952809516965,1.553415305513431,2.55241188155057,35,4,0.0812277359920683,0.0004081277516025,False,-0.0155202762903701,0.0,-0.0172059465757375,0.25,0.0616825624614985,1.0,0.0
G2023-42,Falling Wedge,bullish,1,0.6457165258989302,8,52,970,971,2023-11-08,2023,4,164.04522603813285,158.02687686483046,180.38450148915445,151.0212760476674,1.5537827753387048,0.0380843391497904,False,0.0377755348423138,0.0121158717990683,0.0357662253222812,0.0176901092739272,-0.0419636658109553,0.0134249994575075,-0.1121108139232585,-0.0301945400055967,0.0683910171226283,-0.0038994440354492,-0.0162135823467748,0.0148406235002107,0.0034354551701281,0.0134249994575075,0.007661919326686,-0.0054858608666703,-0.0377145872639292,-0.0003046792842194,-0.0188851942071465,-0.0152399507235555,-0.0044664038839459,0.009667792207467,0.0428843139179717,0.1058326788269361,0.0606716126062663,0.018923304829181,0.0473803396480572,0.0148644282205474,0.0479053652728214,-0.0445388370114261,-0.0835156966319067,0.0274869750317223,0.0186231208552076,0.0924150226768483,0.0170298124111545,-0.0317873006773147,-0.0534851937358887,0.0875390870788346,-0.0307779957004286,0.0544065391364765,0.0133351856519949,-0.048932017478949,0.1794472162347744,-0.0180922465143282,0.0220233145110093,0.0893201576365167,,,,,,,,,,,,,,,,,,,,,,,,target,986,16,180.38450148915445,0.0996022611912124,0.1128038474635287,0.0135006258560264,1.2545560650173897,1.4208387369939766,0.1700492724426514,1.2545560650173897,42,7,0.007218462283443,0.0024282726762232,False,0.0374253748780554,1.0,0.1054572042255382,1.0,0.1539971854472715,1.0,0.4285714285714285
G2023-34,Falling Wedge,bullish,1,0.6815277646022622,3,31,808,809,2023-03-20,2023,0,160.7234097049083,158.50531186038302,181.19448114544943,152.8358061150111,0.8372128781285669,0.0139938391874152,True,-0.0356277030907569,-0.0337398205869352,0.0295005941921508,0.0119070597221673,0.0558851289786346,0.0276476706325785,-0.018281016337295,0.0093675219392976,-0.0374641042907102,0.0606793153502092,-0.0004664377511016,-0.064311128838208,-0.0370660370766063,0.0013090022172645,0.0127335208848953,-0.0042946767887952,-0.0394030941817473,-0.0150407560156488,-0.0377061456750127,0.020203348561198,0.0495691843280536,0.0685108678478687,-0.0402916939757165,0.0147072259170426,-0.0280125957277712,-0.0252348550928696,0.0287344151263029,0.0370888969086529,-0.0161740111230329,0.0339048135005222,0.1407886232635562,0.1182541670190833,0.2670225469109266,0.0370888969086529,0.1244734462088861,0.0736601565855121,0.069591811685185,0.1238616757804151,0.0133283163877275,0.0515655858943044,0.1080603812011844,0.0213671472884726,0.0598337110546267,0.0205210014957146,0.0123002435082009,-0.0502946226085585,0.0467511297937563,-0.0537926664561323,-0.0358432798914493,0.1184150592925963,-0.0029774441894723,0.3567436638299859,-0.0449910250217622,-0.2330491647801174,0.1051065686846761,0.0475092484231542,0.2529669535807815,-0.0492467184515105,0.1300363078659487,-0.1506554440931033,0.02549584833259,0.0028495881259995,0.2019951207057191,0.1114349160199448,0.089478012303952,0.5811880346570966,0.089478012303952,0.0725980750290447,-0.0366754868426449,stop,812,4,152.8358061150111,-0.0490756362397923,0.0116666411748266,0.0514472131109446,-1.0,0.2377277620573536,1.0483249337729288,2.5953473963576768,34,7,0.0598482818984187,0.0084895273310228,False,-0.0357046415844092,0.0,0.0147449398438565,0.7142857142857143,0.0452529805613167,0.7142857142857143,0.1428571428571428
G2023-34,Falling Wedge,bullish,1,0.6016315441126544,5,51,967,968,2023-11-03,2023,1,167.7211066274491,164.81404886420682,186.11934054127028,157.06604954255175,0.9377663314372257,0.0176384099733963,False,-0.0068633169633908,-0.0186665420848778,0.064864876128436,-0.0042250492284208,-0.0062157595334658,0.0105797191994501,-0.0277774727692832,0.0057093167327693,-0.0041542928225825,0.012434023038883,-0.029907423306827,0.0244479742912575,0.0227911895260699,0.0219232662203947,-0.0337992136894693,0.0033663669914514,-0.0004866332335701,0.0392170069998187,-0.0824068403942536,0.0796739958138954,0.0108948707885025,0.0057780739275161,-0.0124987166974194,0.1294718175863423,0.0807428579295643,-0.099812086927289,0.0631897244865706,-0.0404925086056184,-0.0015640310517842,0.0402851724561703,-0.0078625298489303,-0.039629826906171,-0.0347245739326299,0.0299378456327321,0.1448483197659074,-0.0399276455897928,-0.0339597402681768,0.0516707747734859,-0.0125662442830344,-0.0619460165600418,0.0016982109901229,-0.0168853497417532,-0.0510008844262577,0.0123002435082009,0.0365816283608348,0.132464793494715,,,,,,,,,,,,,,,,,,,,,,,,target,986,19,186.11934054127028,0.1096954002020049,0.1192929260795603,0.0293539041331531,1.7267137817496188,1.877788304226912,0.4620594001346846,1.7267137817496188,34,7,0.0309817327303942,-0.0013414460673529,False,-0.0066923499859674,0.4285714285714285,0.1302424132514155,1.0,0.2105219644073273,1.0,0.1428571428571428
G2023-51,Falling Wedge,bullish,1,0.723161527645257,3,21,759,760,2023-01-06,2023,0,154.3305083720025,155.14588865559557,167.44242106411951,151.56709289515587,1.7734792505459744,-0.0052555713248909,True,0.0303532800353911,0.0095269912521902,0.0634338488855852,0.1164346100526458,-0.0101485384775625,-0.0155667261465263,-0.0180426759609916,0.0086825404376027,0.0239543949865104,-0.021867239855975,-0.0057059365357315,0.0115054847145616,0.0559564900742022,-0.0368495378380105,0.0088097049781374,-0.1048874945741841,-0.0478789069516718,0.0125385760247427,-0.0228722204887432,0.0322809254626808,-0.0467890894047768,-0.0341669194431238,0.0319122155384226,0.0492368420138766,-0.0006132555060303,0.0558464170988863,-0.0110300334382922,0.0446432981672106,0.0318247901502366,-0.0071384646109253,-0.0341441120675757,0.0821889025823316,-0.0591060007578527,0.0196823453912193,0.0848426301356732,0.2925664159751897,-0.0136376479470262,0.0335868202900178,0.0522081038571684,0.1150128619363617,0.2925664159751897,0.0398354589738914,-0.0263121175781312,-0.0285238530809808,0.0388644565438289,-0.0009519923659443,0.0083123274480985,-0.0425617117628702,0.0322861559875731,-0.0556209439789908,-0.1010435001247982,-0.0966376693978979,-0.0879280704014031,-0.0146049957707719,-0.081725210620465,0.1181627998389807,0.0639961966285413,0.1353939551067378,-0.0483984259982194,0.0117114570933321,-0.0369511348425856,0.0488274739365857,-0.0604917764755577,-0.0583975630883737,-0.0332106938942363,0.0359535583997825,-0.0587426980478887,-0.0051386390620673,0.0229403136836846,stop,760,1,151.56709289515587,-0.0179058276033512,0.007606803724021,0.0372606013864494,-1.0,0.4248227947083189,2.0809203691582407,4.744821327800909,51,5,0.2119301763389718,0.1452021272214592,False,0.0304067445507098,0.8,0.0488370891276449,0.8,0.0100181670547584,0.4,0.0
G2023-51,Falling Wedge,bullish,1,0.6185515813954596,3,27,861,862,2023-06-05,2023,0,152.47257161607203,150.79733599145078,165.40650085634377,146.77679958570735,0.8983025106359492,0.0111091858062812,True,0.0072781759528524,-0.0094325975146278,0.0220662064922545,0.0234367468285967,0.0242383104021477,-0.0645090773204404,0.0426649198407644,-0.0074566536881669,-0.0345987201225985,0.0338687822685908,-0.0146540400892406,-0.0397099629650724,-0.0401315240752145,0.0288331728785813,-0.0113421770695133,-0.0006148289798683,-0.0079991067678967,-0.005723583013101,-0.0029459128873114,-0.0313283949242579,-0.0011850205566436,0.0170194481382601,0.0107817467333589,-0.0125290839820653,-0.0549647198649339,0.0066481934442863,-0.0671750565551957,0.0203344847315629,0.0287255921920317,-0.0069786262758376,0.0483063525713183,-0.0573435054154476,-0.0218390079605499,0.0068764579707893,-0.0680498015307436,0.0134427359158204,0.1550325627480893,0.0007534010563319,-0.1257946920585212,0.0583215950347009,-0.0444012462568091,0.0078620915566869,0.0866244099752009,0.0202091852495704,0.0574405846953682,-0.0184788695364979,0.0197360477901411,-0.0412368010240931,-0.081725210620465,-0.0274194201110774,-0.0585381934486425,0.0429014656766559,0.0135904480996498,0.0377631736304615,-0.0304218145924315,-0.0033362582777463,-0.06292088343144,0.1932333452989401,0.1343457195016431,-0.0187936539138449,-0.1127389929446741,0.1932333452989401,0.1058675677167708,0.0020982130916644,0.1473846670570493,0.0621220081584235,-0.1557235850653784,0.0969695723827226,-0.0041585278852198,stop,877,16,146.77679958570735,-0.0373560435820988,0.0379756382179353,0.0386080874847865,-1.0,1.0165861953360975,1.033516501819471,2.2707947529008856,51,5,-0.0617757620614982,-0.0004908511384323,False,0.0072258928422604,0.8,-0.0136548779453808,0.4,0.0186001946063865,0.8,0.4
G2023-9,Falling Wedge,bullish,1,0.6301185246497868,3,24,815,816,2023-03-29,2023,1,139.7237994623045,135.7850041874192,151.15948445283652,130.159854060924,0.6792338933417331,0.029007586651091,True,-0.0189588595280506,-0.0276451559903186,-0.0019686611309818,0.0143724440184402,0.0104921484107545,0.0234515347003678,-0.0755286672489927,-0.029523740357464,0.0359023081883684,-0.1931522382347068,0.0228700484642028,0.0287910529149466,-0.0323526974435532,0.0344007808878927,-0.0372902925412408,0.078142167501269,-0.0272960631235403,-0.0018313861543675,0.011378329198838,0.0386118964222745,-0.0008506968378233,0.0143724440184402,-0.0146083951107068,-0.0070977004907309,-0.0276873475363169,-0.0584371165802045,0.0406501784211847,0.0370887810632236,-0.05100538389245,0.0178060980187533,-0.0430948268357355,0.027749420635236,0.0891156341526075,0.0714391017404973,-0.0079814952340727,0.0840919004968623,0.0394370738532976,-0.1271574955569134,-0.0646276065025976,0.180586575219741,0.1075450339090304,0.1536962058066775,0.0628492227672987,0.0231047503070676,0.1034717584872473,-0.0414140910045685,0.048849841951712,-0.0227992496093836,0.048849841951712,-0.0085666177088683,-0.0202191649387355,-0.1330500968612804,0.0376377271078347,0.0377981950578827,0.0277630907474075,0.1115211832804101,0.0813758581281627,-0.0803536162185682,0.0804712386492882,0.2482483539950224,0.1002644971326345,0.0878801453683342,0.31869119847196,0.2615450805501542,0.1233793769684488,-0.1252503755549977,-0.0784661012567023,0.1924248712033294,-0.0167473923519594,target,870,55,151.15948445283652,0.0818449328928907,0.0819082258503582,0.04527034584877,1.1957078915236548,1.1966325656121637,0.6613739894468339,1.1957078915236548,9,10,0.3359057963803438,0.1366624834181009,False,-0.018776898341435,0.5,-0.0076088970255209,0.5,0.0473367254519613,0.6,0.0
G2023-9,Falling Wedge,bullish,1,0.7213625202905585,5,70,967,968,2023-11-03,2023,2,143.47747057701892,139.04642467873634,168.01721971160424,133.51760530143753,1.153041581560012,0.0318673846416432,False,-0.0324812110896639,-0.0442844362111509,0.0037665954851968,0.0286638860003356,-0.0349638809594523,0.0147698054587304,0.053945646885027,0.0219010970206245,0.0426503330371086,0.0304494931991539,0.0156060350199322,0.0182882846588845,0.0037014996258388,-0.029523740357464,0.0053120829919444,0.0151454907224419,0.0119153918571348,0.025629711242759,-0.0197856616686328,-0.0338691182790091,0.0127562568985979,0.0414833752080265,-0.0438733402920229,0.0484598800258482,-0.0002690796309297,0.1050690404261103,0.0022787154197485,0.0012123803082493,-0.0883759810265922,-0.379388060334231,-0.044784803848935,-0.05100538389245,-0.0227635265438204,0.0033146274485611,0.0075330560459925,0.0047838851124821,0.0740631887343936,0.0866152763712824,0.1537416078059554,0.0359260290611944,0.0033411353628989,-0.2515337475523549,0.1198402694860489,0.0236175278227046,-0.0049161310158658,0.0595314247662795,,,,,,,,,,,,,,,,,,,,,,,,time,1005,38,165.0243478941477,0.1501760327281653,0.162137917292069,0.0497708860505693,2.163370359030384,2.3356880453720805,0.7169776539468187,2.463863561964984,9,10,0.0533870974530292,0.011707792547366,False,-0.0336234759090017,0.5,0.0447100521203162,0.8,0.1527701408343598,1.0,0.3
G2023-5,Falling Wedge,bullish,1,0.723682141725432,8,69,970,971,2023-11-08,2023,3,122.8190050899566,115.33833145538938,134.15949083491833,109.32002186077614,1.7969235798771144,0.0648585213620902,False,0.0305059883044795,0.004846325261234,0.0195353023995163,0.0295251271031824,0.0203462860632603,-0.0561421760029824,-0.046545957311034,0.1268774318020893,-0.0137697109456832,0.0880352367526593,-0.0328857351408645,-0.0224651982022765,0.0116236816927577,-0.0093740331214259,-0.0669393240958272,-0.0903423497709685,0.0068739644527928,-0.0218334607115062,-0.162069893239858,0.0292899098135273,0.037581055778761,0.0169408177810634,0.0372929395496204,0.0323228896868312,-0.0128381765338385,-0.0285962568480812,0.0190556543512026,0.1269802139134492,0.0068804292297377,-0.1184402339939371,0.0777429275995449,0.0022517844257292,-0.0626879142381261,-0.0059848790800901,0.0110276199400773,0.0290205096549089,0.0966878129201684,0.0917920298227794,-0.0283628023394876,-0.0562896282613987,0.2921214182946083,0.0385429607234544,0.1069220669995094,0.0671058769384744,0.0865877274377477,-0.0052949761876823,,,,,,,,,,,,,,,,,,,,,,,,target,994,24,134.15949083491833,0.0923349422726198,0.0983112835336644,0.0353342564603993,0.840099254323634,0.8944743339350284,0.3214848222552459,0.840099254323634,5,9,0.0221747764975792,0.0194186927847015,False,0.0308064625388758,0.8888888888888888,0.0356408557408132,0.5555555555555556,0.1704126588020914,1.0,0.3333333333333333
G2023-57,Falling Wedge,bullish,1,0.6805036338825046,3,18,805,806,2023-03-15,2023,0,130.6747823395609,128.96480939692017,134.50977716014995,126.6526290134904,1.22270431532283,0.0132592212607232,True,-0.0060552574609905,-0.0235994747822742,0.0052580105840132,-0.0437397341959014,0.0129543675635028,-0.0288083770198368,-0.0110318668512902,-0.0822380151074503,0.0186229600529714,0.0014612636039905,-0.0096383404227912,-0.0112265493467358,-0.0049030315003067,0.0137698040080551,0.0137698040080551,0.004623625959456,0.0356542509549362,0.0174074050689374,0.0074140776248086,-0.0117135808366193,-0.0176389176784093,0.0121305353870264,-0.0021616420538111,0.0541022962528319,-0.0188723283429173,-0.0032310522239042,0.0012269644055631,0.036607136151018,-0.0506959737292719,0.0157212864927291,0.0548843188433822,0.0375664213214148,-0.0766996013477225,0.0010235449551694,-0.056965493502566,-0.0291076517462546,0.0111148089002075,0.0644594461599952,0.0810510007921976,0.0055671005502562,-0.0144858072769817,0.0177220942462592,-0.0218954065509551,0.0543233592846934,0.0246845520625031,0.0464587438634452,0.0538291836836455,-0.0617818039462816,-0.04573677531097,0.0020128376702681,0.0088379035175008,-0.0150048880014096,-0.0081549063501742,0.0358076936344864,-0.0527437291168236,0.0122981390421772,-0.0292144203104973,-0.0367392822280744,-0.001182629373167,0.0413596522076542,0.0181073707410617,0.0502005602895785,-0.0491998041775997,0.0065857951600212,-0.003660627071978,-0.0360061612122899,0.0936815316902099,-0.005471280086941,0.0545403346479938,target,814,9,134.50977716014995,0.0293476273840178,0.0371302117430488,0.0136043434295808,0.9534680828131726,1.20631461418825,0.4419882765309467,0.9534680828131726,57,15,0.0387735214451443,0.0095390525021474,False,-0.0060175569793944,0.2666666666666666,0.0543518517013247,0.9333333333333332,0.0536507575497515,0.9333333333333332,0.1333333333333333
G2023-37,Falling Wedge,bullish,1,0.7926722748252675,3,49,947,948,2023-10-06,2023,0,184.1811635385456,184.44730744382923,205.86818760375013,180.90450313752743,0.7414539724908832,-0.0014429264865505,False,-0.0009004020142958,-0.0100682695854662,0.0213035521911753,0.0135759114156173,-0.0473862000807494,0.0117983637211644,0.00991200003095,0.0192643016156905,0.035707872356081,-0.0082319310240337,0.003169840594972,-0.027319709054826,-0.0318330710777695,0.0184254601004094,-0.0133060744127159,-0.047681596916356,-0.0156158790426482,-0.0092026384182819,-0.0088108824550807,-0.022380203135916,0.0343050946068654,-0.0259935815448418,0.0036145665122188,-0.0390757966423737,-0.0557044635813003,-0.0409035171129306,0.0206881202885276,-0.0135856677748458,0.0358849456202359,0.1286249140965241,0.0097743244601815,-0.0616392492449827,0.0155288251928482,0.0206881202885276,-0.029096127322331,-0.070637209842841,-0.0352451902938236,-0.0097838877228765,-0.0060384976174535,-0.0603083918200361,0.0340573749243404,0.0170834928687466,-0.011186370206482,0.0227554865454819,0.0866759204566671,-0.0417426674315476,,,,,,,,,,,,,,,,,,,,,,,,stop,955,8,180.90450313752743,-0.0177904207904107,0.0326511066664023,0.017875576729476,-1.0,1.835319526787232,1.004786617476255,6.618636480748992,37,6,0.0559438996410708,0.0223639555862886,False,-0.0008315244586381,0.5,-0.0402465191558825,0.0,0.0253626542716053,0.6666666666666666,0.1666666666666666
G2023-33,Falling Wedge,bullish,1,0.613407028260781,5,47,965,966,2023-11-01,2023,0,253.26088276051485,241.17740954716965,284.8220665778388,225.1427071110536,1.571710703749136,0.0501020109471817,False,0.0504191303740395,0.0254062706467812,0.003266549797358,-0.0381269221032569,0.0255130290422487,0.0085345013780693,-0.0452978986867829,0.1012005489540226,-0.0037223311932349,0.049790523623848,-0.0688725424264877,0.0228936302665776,-0.0160679632663603,-0.0104083936332404,0.0082400312050152,0.0133669595491101,-0.0172048867596069,0.0629485433698204,-0.0138778828877085,0.0211917081236256,-0.0647730499340401,0.0163006511515075,0.0476743900955153,0.1159381363956273,0.0460333437219531,0.0690526314940791,-0.0805082380958482,-3.0936400786329976e-05,-0.0525472941624399,0.0950701938145412,0.0382102540386879,0.0351770433667575,0.1085073336931365,0.0659833825498357,0.1552478496008771,0.1978310236068214,0.0843803351263268,-0.132034436364419,0.2339965902193479,0.0811197484790617,-0.0426487872166219,0.1854391094103764,0.0558039368863609,-0.0792879221528346,0.1738020242599152,0.0563099442879685,,,,,,,,,,,,,,,,,,,,,,,,target,974,9,284.8220665778388,0.1246192600819779,0.1354901183796436,0.0055069047139718,1.1224477793575716,1.220361783564457,0.0496007837252871,1.1224477793575716,33,5,0.03821177718873,0.0338758063701736,False,0.0504600667255718,1.0,0.1154250100346793,1.0,0.3329070191503711,1.0,0.0
G2023-2,Falling Wedge,bullish,1,0.6853963697678157,3,36,764,765,2023-01-13,2023,2,103.08484563404404,100.11037918137563,106.09542294065082,94.9549219361598,1.2179692547786631,0.0297118688091209,True,0.0038286300990479,-0.0015666412398456,0.0390806710887914,0.0169526958369681,-0.0181028642946617,-0.1049070474265999,-0.0364214309471289,-0.0185918421890115,-0.0049863313326837,0.0103903002438299,-0.070678700715644,0.0331369820423523,0.0141146651522796,0.0225667510177938,0.035027969193629,0.0472444677791061,-0.000775317439995,0.0390806710887914,-0.0201947482443543,0.0137278843553232,0.0330322130690075,0.0003910866237455,0.002324226353971,0.0202805236513321,-0.0157309844465005,0.0730433047744589,0.0776181007661493,-0.0734419610314649,0.0769348861293766,0.1308826988903788,-0.002517839518088,0.0788011143502136,0.0381960703658024,-0.0864230409120045,-0.0446337161738488,-0.0835366149563471,-0.0008049084600239,-0.0574293548804659,-0.0620632905044488,-0.1243407566178229,0.0185124206326774,-0.0620927531532197,-0.1069159416985569,-0.0526696132278617,0.0114123041879057,0.0328539682031916,-0.1314742682169699,-0.1593984065318835,-0.1271880204497619,0.2387461064672618,-0.0860857439623097,0.0880092956091378,0.1136066319874438,0.1033823076001263,-0.0462500304840117,0.1630875640375886,0.1056691128118119,0.0643427244906946,-0.2120108529138317,-0.1238450080871058,0.2768069395245949,-0.0792931376518353,0.0643427244906946,0.1374056215365391,0.0258726231268735,0.0062792864112084,-0.1909577472025578,-0.0261494207275386,-0.156262817047721,target,773,9,106.09542294065082,0.0292048485700262,0.0361832175077801,0.032080607782111,0.3703081871961825,0.4587916848842333,0.406771898969466,0.3703081871961825,2,5,0.0984625193534782,0.0248726209574732,False,0.0037917098798763,0.4,0.0196011204587723,1.0,-0.1307842030442064,0.0,0.2
G2023-58,Falling Wedge,bullish,1,0.7870042547997289,5,65,818,819,2023-04-03,2023,0,147.90941238816865,146.89957812349638,169.5206608864762,138.27985529022706,1.2019915493780513,0.0068743169828799,True,0.0399849023917295,0.0446008744903932,0.0181255902167722,-0.0321693872096535,0.0621975092530708,0.0313613279656252,0.002140299927549,0.0219413236342735,0.0418781359369759,-0.0036262203528624,-0.0166853649343395,-0.0138388232461927,7.278374150887501e-05,-0.0049556775066992,-0.0176295795712092,-0.0242831107835653,0.0750592359794626,-0.0308859535616995,-0.0237313222121346,0.0005519528216306,0.0055928185680547,-0.0331295406080925,0.0370856024888058,0.0097540175790862,0.011648958786831,-0.0461420252368232,0.1352407594890579,0.0400208815934375,-0.033006532027021,-0.0017474579567139,-0.0037693848690912,-0.0659045278079181,0.0546272210636269,0.0018629051294889,-0.0056432021755056,0.0464251033014708,0.0079483591439624,0.0231599828064168,-0.1135405557402279,0.0559808481024017,-0.0388810978193383,0.0464251033014708,0.0315739450663281,-0.0034087201137166,0.0250978816782299,0.0019380432326094,-0.0248539250553655,-0.0931630793429741,0.1319775954979247,0.1056129037226722,-0.0441108903403971,-0.0944563219967187,0.0302369816977217,0.0687699942211146,0.0034132997624551,0.0113318429633113,0.0894751546354131,0.0431083911049534,0.0369318173763215,0.0109478500725939,-0.0176491340989112,0.0401205988878647,-0.0217446862713394,-0.0320328842490638,0.0213274740495363,0.1116986466896281,-0.121689857466529,0.2584841161431117,-0.0564415696754487,stop,868,50,138.27985529022706,-0.0651044240015644,0.0564037258582933,0.0746102923004421,-1.0,0.8663578047620534,1.1460095599440243,2.244261940450738,58,5,-0.0238951920810239,-0.0637805054812533,False,0.0399880448012695,1.0,0.0098617140991455,0.6,-0.0243394730447474,0.4,0.2
G2023-58,Falling Wedge,bullish,1,0.6229811717639656,3,28,926,927,2023-09-07,2023,0,147.33637678665784,147.22730657143677,156.04243402078657,143.30453109357012,1.36038912997507,0.0007408287073984,True,0.0063342661740994,-0.0059381268606319,0.0442716987647613,0.0212572177040992,0.0481521932887551,0.0319725715979439,0.0101766601318695,-0.0206254266108063,-0.0141197163709801,0.0185737499801112,-0.0016813475731787,-0.0140827626950462,-0.0088760079929263,0.00483625629598,0.06622997214824,0.0291153328854436,-0.0179327999194773,0.0332588087334504,-0.0071571588574917,-0.1721507727411226,-0.0023628188953138,-0.0274227573197395,0.0052626215463709,0.0330825933356291,0.0755699045200566,-0.0200915533327761,0.0212165235370618,-0.0240918150267183,-0.0006260049599411,0.0272092845364726,-0.0151543076989617,-0.0132525571798393,0.1337161495731578,-0.0200915533327761,0.0602684729380718,0.0169665620402996,0.0315739450663281,0.0496079688462163,-0.0377875802833193,-0.0074675863712851,-0.0233129122394567,0.0169665620402996,0.1252404160504729,0.0253073968557058,0.0421525282529633,0.0136650963700303,0.0737555230366393,0.0381982193022947,0.2587205482658381,-0.0007289202451742,0.0497028799141867,0.0784083941218038,-0.0979338807066459,0.001929138491296,0.0995367109658473,0.1934287354394066,0.0781893540523368,0.0328985637299408,-0.122145616684525,0.0282996372759016,-0.0293553575823954,-0.0169565343907155,-0.038498053495885,0.0300681370244362,0.0427677597476814,0.0121301729641167,0.0568849188097713,0.0121301729641167,0.0402816850035723,target,949,23,156.04243402078657,0.0590896655938204,0.062930729763892,0.0163235872096133,2.159323023957634,2.29968764128256,0.5965154370239766,2.159323023957634,58,5,0.0025046281605918,-0.0276799423627454,False,0.0062886760343516,0.6,0.0331457170241959,0.8,0.0730628619598122,0.8,0.0
G2023-56,Falling Wedge,bullish,1,0.6727829966524957,3,37,806,807,2023-03-16,2023,1,112.60094134609466,111.5611150518806,119.90347114050168,106.53483024331754,1.1166161961374412,0.0093206875328424,True,-0.0518430650202518,-0.0517160619896052,0.0185430947168072,0.0113953464194307,-0.0383497897552964,-0.0244495932471237,-0.0102251248609757,0.0278577805643007,0.0271448424348756,-0.028770188785766,-0.144707561598252,-0.0277080960291938,-0.0022275410345105,-0.0746351099424814,-0.0007158057420727,0.0201504615249163,0.01166972149503,0.0076359058911685,0.018105031337082,0.0273719198455584,0.0153493729599298,0.000468085863762,-0.0435382026231112,0.0349273638123415,-0.014002018707329,-0.0527994851800195,0.0452690216792706,-0.0166657807705904,0.0172186167147334,-0.0955572844914594,0.0470659528528314,0.0117351891796311,-0.0419643329757549,0.0448402254177369,0.0036818568519536,0.011540125261614,-0.1698968596770462,0.0626929373298503,-0.0323137518013418,0.0036818568519536,-0.0018078195910221,0.103156190098991,-0.1596448920720161,0.2618359432039234,0.0146189692991645,0.0320930299032213,0.0034864106615308,-0.0997128678311893,0.0067972442066301,-0.107226126142125,-0.0944449653282384,0.1067221914592524,0.0216495847916466,-0.0016055579959692,0.0357172170730846,0.1266675947971913,-0.0011491203647083,0.1095792680536602,0.1222405276841434,0.0766047513094407,-0.0114709031780592,0.0372110399803364,-0.0151084368601991,0.0373871465109902,0.071800240206312,0.1053730675332735,-0.0037863307422907,-0.0538480641127668,-0.0249691077825493,stop,811,5,106.53483024331754,-0.0538726499997196,0.0092661388398373,0.0572121407454006,-1.0,0.1720007989190362,1.0619886110243035,1.2038239443164584,56,10,-0.0612564054157547,0.0038454140059007,False,-0.051852234931008,0.0,0.0349168914646676,1.0,0.0031240532142344,0.5,0.5
G2023-56,Falling Wedge,bullish,1,0.7289387488706722,3,36,927,928,2023-09-08,2023,1,109.6319255570412,108.55805114127992,122.4666999116326,105.82018492393767,1.1710416618087076,0.0098921674115513,True,0.0307166078289591,0.0380923998671904,-0.0196059431438317,-0.0105148965401936,0.0154395486514689,-0.0372350314652526,-0.0138353974598657,-0.0375796024697981,-0.0089107804547137,-0.0424517827157008,0.0085755550180648,0.0030322690055539,0.006517869480946,-0.0220391616877342,0.0118315457300222,0.0097783867471712,0.0175428965434834,-0.0244083857444383,-0.0492610095545957,0.0127478651220487,0.0221023786703138,0.0121359362557047,0.0380234948295264,-0.0554460302950174,-0.0171074265492831,-0.0235911590874486,-0.0571486456776866,-0.037075374435864,-0.0255333676975528,-5.120275584791223e-05,0.0316869190122433,0.0502514767370709,0.0500496801968106,-0.0369060427631598,0.0687474172893318,-0.0554460302950174,0.0199883426802787,0.027078157023928,-0.0408462518375958,-0.0040862305695519,-0.0323137518013418,-0.3651522505194856,0.1268218774345764,-0.0045535516710081,0.0076521718303785,-0.0404246394496703,0.0308165648985434,0.0083711440559388,-0.0119622577387171,0.0167838272144837,0.1260717548594756,-0.0181916370365086,0.1000379776247983,0.0727832903825986,-0.055413721449772,0.0482524605647056,-0.0222687178398264,-0.0992301405219906,0.2484557983168491,-0.0040654079024161,-0.0429254513320696,0.1616527150070663,-0.0653811634282576,0.0308165648985434,-0.2548155844252124,-0.0428874666907792,-0.0444242625910584,-0.0182780166955942,0.0245660368377275,stop,940,13,105.82018492393767,-0.0347685276322203,0.0391774447146102,0.0353184514958854,-1.0,1.1268077017533542,1.015816714169843,3.367168858008406,56,10,0.0005997919512068,-0.0347101291596526,False,0.0307241404244961,1.0,-0.0555340819463912,0.0,0.0303846203076655,0.7,0.0
G2023-16,Falling Wedge,bullish,1,0.6366251675106469,5,57,954,955,2023-10-17,2023,0,83.23367129242767,83.05555582852872,96.82820014064106,77.66432023234319,1.4625513294993002,0.0021445340064507,False,-0.0896137769751828,-0.0652926305733135,-0.0093169468359514,0.0278416556683334,0.0328665052988979,0.0150509367975903,-0.0018875760820925,-0.0492805458663443,0.0003651253351906,0.0339225551540951,0.003108123925247,0.0647307753774999,0.0728595520350277,0.054782584922103,0.1103494268997329,-0.0036327443925999,-0.0038395253012569,0.016799849510676,0.0479501418492303,0.0708639259243588,-0.0007524629918033,-0.0917737600022363,-0.1091641568364677,0.0445604592232882,0.0110728103197679,0.0270705488210911,0.0158272337439393,0.1226070298028247,-0.1320345727478044,0.023716093173274,0.0209242937075084,0.0537814158458891,-0.0498931014991494,-0.0234274799726592,0.2663754697790903,-0.1212330535090693,-0.0614460630633187,0.0204885872567222,-0.0869993860672452,-0.1159990259766068,-0.3644453792608449,-0.0840842276839858,-0.0634690632523548,-0.0803630168340328,-0.0912760477011237,0.080754446495181,,,,,,,,,,,,,,,,,,,,,,,,stop,957,3,77.66432023234319,-0.0669122360410787,0.0139397300721223,0.0933956110791225,-1.0,0.2083285643535277,1.3957927070586176,2.440953838526236,16,9,-0.0402390161415193,-0.0820412846637813,False,-0.0897103693570339,0.0,0.0445279650277348,0.7777777777777778,0.2409329878329937,1.0,0.2222222222222222
G2023-20,Falling Wedge,bullish,1,0.7545895397890672,3,38,932,933,2023-09-15,2023,1,126.05371075611885,125.4747575718813,141.91073697612188,121.10368225299489,1.2153280052881428,0.0046141008394129,True,-0.008417252316312,0.0200895946016042,-0.0039754782606008,-0.0006205869453415,-0.008255665479361,0.0006767228749506,0.0122456935254966,-0.0121536912580535,-0.0493663878864532,0.0196413420845043,-0.0339708508565229,-0.0075636033621057,-0.0064751881188757,0.0056109921170204,-0.0258518851380522,-0.0373184829780199,0.0850815009183036,0.1540233924428924,-0.0201621864243251,0.0014680876353878,0.0939333214749531,-0.0163560855317943,-0.0159478003580122,-0.01379293078331,0.0122763675950297,-0.0120617221723725,-0.0470665310777842,0.0608457795900447,0.0080197143638052,-0.0453879468773729,0.0218297607304056,0.0120786285613301,-0.0953770880292161,0.1061100287006957,0.1554924534241171,0.1125107715537572,-0.0348484149194044,-0.0141895801944107,0.1671265258575327,0.0020627711618248,-0.0808720695608927,0.0122102074781385,-0.0642327260001711,0.0197400274375243,0.0450142959335486,-0.030243175081365,0.0869630900233933,0.044213909006705,-0.1615909312267162,0.111139722682088,0.0935430889491992,-0.0541305529764915,-0.0598970210489133,0.1280742359476787,0.0493702760664476,-0.065972879057998,0.0325733498246103,-0.1381406985212229,0.1688573830230457,-0.0244930147113537,0.1245430137522369,-0.1291962982658182,-0.0415731545148223,-0.1122505267855398,-0.0288255185804341,0.1354328256711401,-0.0502183582479315,0.0894576126882273,0.0836279622900216,stop,940,8,121.10368225299489,-0.0392692009892592,0.0111504515998729,0.0463332205128737,-1.0,0.2839490317850567,1.17988701948753,3.203421194442745,20,3,0.060134416414322,-0.0144205910663671,False,-0.008403420784093,0.3333333333333333,-0.013912045318612,0.3333333333333333,0.0858207186014082,1.0,0.0
G2023-32,Falling Wedge,bullish,1,0.7053875428469087,3,26,808,809,2023-03-20,2023,2,132.97761908932122,127.47113592959454,147.5919800740479,123.74857361949262,1.229477896505755,0.0431978825603942,True,0.0084395030379678,0.0103273855417894,0.1032043524759251,0.0587461366433366,-0.0133049312367029,0.0233750214943853,0.0426295962752427,-0.0578948161576793,0.0340739757125945,0.0001729432453116,-0.0047632815242044,-0.0431002667785885,-0.0369819206531505,0.0147588933466324,0.0259296435693023,0.0608917201793568,0.0241559822670416,0.0507375659099589,-0.0062936919486545,0.0354196048621926,-0.0147861080863133,-0.0124678708622245,-0.0057856243987203,0.088634072722199,0.0459142510773851,-0.085472694012249,0.0095318487321256,0.069429062496291,0.0345295525254532,0.0215828068811023,-0.0550460550779242,-0.0054900879004816,-0.1344593912176408,-0.0193578215050476,-0.0419728559987162,0.0245548196226002,0.0455878044177933,0.0685719957837116,-0.0172654957215346,0.1066876603009976,0.0713199414659915,-0.0065268948456804,0.1087262860018729,0.0950522203570849,0.1210544142676921,0.0680822168935269,0.2824922540007044,0.1819484577508157,0.1812955075109523,0.0504780090334051,-0.0369581597548039,0.1009342158165975,0.0553006464651721,-0.075146067758709,-0.0419535121048074,-0.1356175267300576,0.0260203750973107,-0.0143559134597816,0.0912483863255999,0.2123776349295274,-0.0870525121240983,-0.0602704050197332,0.0143439156234885,0.1781582581751601,0.1035161685191339,0.0623934810658906,0.0506913410772595,-0.0602310322214949,0.2517336134774038,target,849,41,147.5919800740479,0.1099009072715477,0.11579683431556,0.0239055216181048,1.5835181474079456,1.668470198321577,0.3444450846250855,1.5835181474079456,32,9,0.0945665146290399,0.0197517059905074,False,0.0081203299279904,0.4444444444444444,0.085956023280083,0.8888888888888888,0.3081740022672369,1.0,0.0
G2023-27,Falling Wedge,bullish,1,0.6696745399597992,8,68,798,799,2023-03-06,2023,1,158.84217598761165,159.68601548434629,174.39654949606597,150.1399877183763,0.979953838945155,-0.0052843669132528,True,-0.0101398787485299,0.036989468643663,-0.017257372850257,-0.0048063552306288,0.0134633090604086,-0.0061731078078052,0.1792829500794692,-0.0672897768599454,0.0035761669645117,-0.0021313232255075,-0.0460971357057732,-0.0348681403225576,-0.0209135237491725,0.0261252046547442,0.0352246954835671,-0.0149343165349528,-0.0178269536001048,0.022285720569988,0.0942590073926767,0.04168983929327,0.0126950024662626,0.0092049031945293,-0.020415318412166,0.0588765536549911,0.0388519053704417,0.1594577287848195,-0.0519054801693444,0.0570933785019296,-0.0066064385598703,0.032019211284493,0.2313800274038115,-0.0080557007084877,0.108588224661988,0.0481893674501998,-0.0444837777594897,0.191711655258896,0.023646504453221,0.1410116213739125,-0.1461250408514665,0.0833422741222253,0.039557827369796,-0.0093206073260501,0.1276583477519004,0.0593997904330181,0.1197180013911161,0.0010627079116601,0.0844267825902382,0.047275511284661,0.1001949128057964,0.0525463965036299,0.1025669175066985,0.0351373953909315,0.0890495910975348,0.0814804258201529,0.0151295723609785,0.0693991066961832,0.0130699171695887,0.0409242558558531,0.1336518542673774,0.1084109126553833,0.145191608839289,0.0912287119654799,-0.022086693095621,0.2256937686005182,-0.0037559311703969,0.1785254597290091,-0.0887265985791777,-0.1731618518060708,0.0247032959595813,stop,802,4,150.1399877183763,-0.0547851237565143,0.0132435719979955,0.0598743082320448,-1.0,0.2417366447295972,1.09289354712693,1.7874094454429812,27,4,0.1395436167408639,0.0739246211621502,False,-0.0101293695113924,0.25,0.0581567391179377,1.0,0.0885044513235988,0.75,0.25
G2023-27,Falling Wedge,bullish,1,0.7164825813965027,3,65,955,956,2023-10-18,2023,1,126.51825691707607,124.1071053625924,193.69369051792432,116.5144010445258,0.9223458421843472,0.0194279896178324,False,-0.0206054649917317,0.0104887913422805,-0.0505252219885595,0.0566996542060196,0.0136560914951107,-0.0008132540445379,-0.0737518351580952,0.0064550098797777,-0.0166338486659211,0.0109073162725954,-0.0307019865934475,0.0366054094111856,0.0255494111344787,-0.070167330663723,-0.0024400733539122,0.0967321638158031,-0.0808087811613963,0.0888764587641326,0.0193854930242873,0.0237051631108458,-0.0388827840219547,-0.0505252219885595,-0.0187715566654382,0.1099138237631147,0.0664518243162384,0.0257377510848104,-0.0780313416990684,-0.1408391862806435,-0.0355981583678571,-0.0842114029109034,0.0155145694149501,0.0706299611678733,0.1066912065088323,0.0552430137118973,0.1396571607180341,0.0807427564008345,0.042304196118222,0.1467436325703901,-0.0134799283035775,0.0343711205863366,-0.0146368823815662,-0.1428126127996404,0.1110535064894417,0.0558078595126914,0.0199743132491763,0.090170747023603,,,,,,,,,,,,,,,,,,,,,,,,time,1005,50,167.01186311534371,0.3200613665173113,0.3404424891086999,0.0763429879224877,4.047799839797642,4.305558861631528,0.96550588921392,6.714954159342898,27,4,-0.3046165274472387,-0.2286258058762079,True,-0.0209962864824126,0.25,0.1098971208299643,0.75,0.3092105042703498,1.0,0.75
G2023-19,Falling Wedge,bullish,1,0.6224294681271041,3,40,861,862,2023-06-05,2023,1,164.31730171852746,161.0465368725495,193.99188730561536,156.4992747694535,1.4848130361675551,0.0203094391813367,True,0.0321948133796283,0.015484039912148,-0.0512351880234175,-0.0287431287708573,0.0055227347189956,-0.0130498430437987,0.0068556308383773,-0.0489521476260055,0.0266734450414096,0.0350405085856189,-0.0161081426035964,-0.0077503663050264,0.0027705565148743,-0.0268079132629629,0.0398810722941584,0.0601382178458202,-0.021346859067571,0.0029004219946091,0.0061075064754194,-0.0676238402653367,0.0359462129266519,-0.0208414600709742,0.0362259424698089,0.060843252985391,0.0184076171025224,-0.0764369058065703,-0.0394779640282969,0.0314019861788434,-0.1132252349081677,0.0078331477568174,-0.1794061157290478,0.0812858174897703,0.0240367853017666,0.0398942734967724,0.060843252985391,0.0501738034760341,-0.0162310772580657,0.0776308948158648,0.118378589671344,-0.0109973483219915,0.0153577606741039,-0.0422302532123307,0.1236390325319674,0.0327448064545927,-0.050849224260737,0.054124951619988,0.1520455878348849,0.0910727390206507,0.2470250118094623,0.1646974409374302,-0.1264353842915042,-0.0727422277284517,0.2756531474892352,-0.0043630683096775,0.2739435340813738,-0.0574463775054187,0.3556849995364182,0.091011366621327,0.2007173559128292,-0.2140774398887575,-0.0901987060625635,0.0799135877588088,-0.0912983458935635,0.1468532300130891,-0.120166535520079,-0.0922395631019062,0.1819907172557564,0.024846825656311,0.093377109396379,time,921,60,189.3010224497631,0.1520455878348849,0.1765168076854741,0.0016423815846232,3.195655488779682,3.709985362775061,0.0345191583676304,3.795661716234281,19,6,-0.0294442513648532,-0.0138118556430262,False,0.032232757488944,1.0,0.0610207846088956,1.0,0.149731489225553,1.0,0.1666666666666666
G2023-7,Falling Wedge,bullish,1,0.6252771672729331,3,15,838,839,2023-05-02,2023,2,74.52133904298343,73.50153278827582,81.16255044622221,71.71410123079548,1.0776345725938263,0.0138746256849526,True,-0.0819648000256041,-0.0809196679103249,0.0103738986187027,0.0016238100167895,-0.0418204513170006,0.0769322575373512,-0.0254136637117524,-0.0790783124597623,0.0397544134720642,-0.0234017255469611,0.0539238312359617,0.0037590948836248,-0.0031870939791387,0.0417835474839707,0.0014524881494573,0.0208789816084846,0.0345530645052065,0.035132866050958,-0.0481476193317448,-0.0245793659524899,0.0056862430239268,0.0786905559952109,-0.0899106410397471,-0.1398190321087654,-0.1555961070642953,-0.4168079747299998,-0.0386671822195228,-0.002719351333371,0.0169243027616485,-0.3184281734681023,0.0517974358520343,0.0426332464773107,-0.0191911256919767,0.0211721346444451,0.1521652135030506,-0.0683075981972397,-0.0824854140468569,0.3494288142377222,-0.0138599407672453,0.0346984537494468,0.0859421048027611,-0.0417339200918337,0.4201771133513066,0.1009667341587796,-0.1157188006256636,-0.1477183357271001,-0.0784990701765743,-0.1933799727312378,-0.1226636868129638,-0.0733072704696929,0.2229582566294026,0.0248777679004181,-0.0828754102917534,-0.1478038063007185,0.1294635741299921,-0.1505571655479007,0.1679488334578993,-0.0925130043147631,-0.1460679536290096,-0.0708038791626497,-0.2730485948376893,0.3161953845707166,-0.018614132583733,-0.077726373675583,0.0411994489254017,-0.0488608565685048,-0.2560326159033005,-0.0551523598240186,-0.0428298779611517,stop,840,2,71.71410123079548,-0.0376702545638472,0.015869951198647,0.1172716729928852,-1.0,0.4212860088786784,3.113110711639124,2.3657459209209826,7,4,0.1384452501793829,0.0349612946043835,False,-0.0802549056927452,0.25,-0.1391029784814271,0.0,-0.0767398316811322,0.5,0.0
G2023-7,Falling Wedge,bullish,1,0.6860248707595733,3,15,858,859,2023-05-31,2023,2,64.35176960962258,63.62939765967326,71.77908455159633,61.314173462178985,1.1576216016104115,0.0113528019519055,True,0.090057584304064,0.0698228388884005,-0.0311117017855597,0.0768244531601334,-0.0629744306284344,-0.0162478289238604,0.0508977853784045,-0.0044651402528979,0.0891022299928807,-0.0185570196874444,-0.0007071887796419,0.02649315679882,0.0142006413092612,0.0412917447749912,-0.0100002248964351,-0.0515372124096568,0.0944410843256307,0.1215970345518473,0.0276910742744838,0.0201328091226271,0.0147750117429084,0.0276910742744838,0.069580716686937,0.0866547722712589,0.0348778369286622,0.0775346796690299,0.1127068125785599,0.0025448501074514,-0.0069760659206599,-0.2522601992493005,-0.1513848113876921,-0.0138599407672453,-0.2156577912414844,0.2533043602293314,-0.0787187591262741,-0.0424537487770899,-0.0824854140468569,-0.0513058187822665,-0.0611725265583682,-0.0349331060595652,0.0862127101445475,0.0372240207214475,0.0090375949002365,-0.3395650590770631,0.0088736870857772,0.1238214985491331,0.0278873809547772,-0.0283547549176306,-0.2765702256901911,-0.1634174246915519,0.1524069064447131,-0.0620708914031712,0.3147269087404334,-0.0850788993575852,0.234910508751297,-0.1038477780052846,0.2153190241555289,-0.0486243751404884,0.1138644865411624,-0.1679503915690812,0.0261081954126978,-0.1393137182450755,-0.1071093442978962,0.4624123185024942,-0.0659474156643585,-0.0082925998303108,0.258795172507664,0.1977765154315376,-0.0095174676748494,target,864,6,71.77908455159633,0.1154174156675116,0.1279463967266386,0.0208137281215896,2.4451291684131515,2.7105568498509256,0.4409408531562305,2.4451291684131515,7,4,-0.0193002499062918,-0.0922418300620928,False,0.0902241800359497,1.0,0.0852609198148223,1.0,0.024056372329197,0.75,0.25
G2023-7,Falling Wedge,bullish,1,0.7851738209312028,5,60,967,968,2023-11-03,2023,1,63.40772582867587,58.562859662507776,74.45321887730736,54.261745329898616,1.916475531433408,0.0827293303996525,False,-0.0695209060394299,-0.0813241311609169,-0.0007071887796419,-0.065884954633945,-0.0145505288990414,-0.0344442422482181,0.0402580384452866,0.0085696190015205,0.0492764730245245,0.0054876624182909,0.0314982941229298,-0.0304541296748952,-0.1181397853465467,-0.0424007341276859,0.0712623928154105,-0.0369060223193985,-0.0078138550569764,-0.0355071476882893,-0.044595133674199,0.0229894602290754,0.0338661368382444,0.0579807449664426,-0.0640101610100743,0.030044732721546,-0.0186842269352318,-0.0636614823487728,0.0162888765566535,-0.007955486469956,0.0849603236145597,-0.036299355547267,0.125885395333299,0.0581780052658935,0.0239277808674052,0.0843911955598848,-0.0931047028597568,-0.0138599407672453,-0.0524143308425498,0.1025552317240232,-0.0612380456827141,0.2063661897496365,-0.0311343142670385,0.0051756917195662,0.0195682862239585,-0.1398190321087654,0.0115521328531413,0.0180766117928482,,,,,,,,,,,,,,,,,,,,,,,,time,1005,38,63.65906466674748,0.0039638519563169,0.0844900224664662,0.1033543458295853,0.0274807975050029,0.5857567901581012,0.7165403451757457,1.2076882352972638,7,4,-0.0558697045028981,-0.0733999505214039,False,-0.0725674354236166,0.0,0.0298111703809705,0.25,0.0201662385467139,0.75,0.5
G2023-60,Falling Wedge,bullish,1,0.7668285666000161,5,51,952,953,2023-10-13,2023,4,121.74223931251662,111.85437836335753,126.5122988923124,108.32100133311432,2.968100728266137,0.0883994090695181,False,-0.0174383220264625,0.0116750602667002,-0.0512032675703162,0.0151908090300318,0.0375764444091542,-0.0170202557601261,-0.0701028576804168,0.0479121851576793,0.0373081950777538,-0.0014488987899864,-0.1261851281406127,0.007347510713515,0.0130168004339863,-0.0659474645783749,-0.0458579854168911,0.0116660756404103,-0.0083370097250933,0.0123184460555578,-0.0266465349243874,-0.1461119764290169,0.0027366473795955,-0.0388008639022131,0.0031911344245249,0.013843159930813,-0.0018084520796874,0.0560365258550477,-0.0317706217375254,0.0430799357552655,-0.017592028596697,-0.0289900416167503,-0.135255190253136,0.1184139416004759,0.004055321406388,0.017075261715632,0.0210438824248428,0.0058188370671368,0.0198762381370056,-0.0096639491235944,-0.0237612270270105,-0.0342916494103781,0.0985010400242816,0.0004071796442375,-0.0009268422295828,0.087770730797551,-0.0002903519997243,0.0043663103091398,,,,,,,,,,,,,,,,,,,,,,,,target,979,27,126.5122988923124,0.0391816316730537,0.0402757146259479,0.0382413405052585,0.3554112956730547,0.3653355745572693,0.3468820413264104,0.3554112956730547,60,6,0.0116473243624724,0.0331273768348054,False,-0.0173825251339788,0.1666666666666666,0.0138172022146685,0.8333333333333334,0.0783736049372254,0.8333333333333334,0.3333333333333333
G2023-13,Falling Wedge,bullish,1,0.6128540774481622,3,31,915,916,2023-08-22,2023,0,120.90960639119962,119.92893494018384,127.20219211117814,117.6273233963392,0.8431694296407592,0.0081771046453877,True,0.0129262892689736,-0.009634906411126,-0.0081202134151745,0.0037655701865948,-0.0073698218644879,0.0246611717921636,0.0208915614745957,0.035848888235012,-0.0286935506183096,0.0790646240116048,0.0150804599533227,-0.0062118607738791,-0.0123833996406637,0.0092402981610728,0.0410058606200263,0.0098428498859615,0.0246708497185199,0.0166200076609679,0.0288576280917924,0.0179106062896343,0.0330110540672248,0.0296200061894713,-0.0034393402322988,-0.0246618811341372,-0.0267958286219252,0.0136729710616521,-0.0698460039677535,-0.0325127923931367,0.036037915024482,0.1428399578340122,0.1026965605618712,0.0995263782575439,0.0780899985971674,0.0108588730131178,0.0722981084293425,0.0667374423636302,-0.0876718608075893,-0.044160007827282,0.0065594987697437,0.0255893345226547,-0.0258615347735106,0.026518826396378,-0.0194700674793825,0.1115579880038011,-0.099863577323494,-0.0453417815472996,-0.0636902394214686,-0.0910462908951481,0.1061140079811946,-0.3374129101503643,-0.0059613592968118,0.0400298476912455,0.2352744551127938,-0.0040240857301258,-0.2164766153627084,-0.0584061682911822,-0.1921347901640971,0.1199248716453,-0.0119070451104277,0.2352744551127938,-0.0075611101743244,-0.0741948537801947,-0.1348719708992518,-0.2026913228680502,0.1082913468674922,0.1022563646141259,0.0607190857876931,0.1076839211864666,-0.057186545630047,stop,925,10,117.6273233963392,-0.0271465857248818,0.0180243773360399,0.0280379316877046,-1.0,0.6639647990619783,1.032834551344914,1.917136861700161,13,4,-0.038322114502637,-0.011270793922996,False,0.0128399848893335,1.0,-0.0248273587084483,0.25,-0.0651050938289479,0.25,0.5
G2023-10,Falling Wedge,bullish,1,0.6923490419970598,5,48,931,932,2023-09-14,2023,0,140.1735647142802,138.62289577016048,149.60239216798294,135.1877407229215,1.1026477422318166,0.0111862397297683,True,-0.0474108425476985,-0.0121870288515852,0.0025062842306677,0.0007929076484936,0.0525455145479951,0.0202871487809934,0.0015447741626433,-0.0649506121729366,-0.0286410587150064,0.0299258510851552,0.0581131850757028,-0.0938824850397863,-0.0072346976377885,0.0147969789887429,-0.1986208855887283,-0.0020652618223465,-0.0073058393081035,-0.0061644180866,0.0312523188694968,0.0121666910112938,0.0015151488971043,0.0444554184088881,-0.0404626907144926,-0.1041160393329373,-0.0739688227969089,0.0713341622273384,0.0228180306197927,0.0041470202477815,-0.0128871439700056,-0.0576340888659824,-0.024557835535688,0.0546829679648952,0.0378193734072618,0.0049565140088938,0.0018275884702576,-0.0018562651851043,0.033309145914482,-0.0045663649779983,0.0615041599879695,-0.0498394889930891,0.0403436229382165,0.2455381943906396,0.0994154141788372,-0.0122708936988938,-0.0107881680666819,-0.1292808365860834,-0.0130509544107964,-0.0422588103666119,0.0087103215688886,0.0551632211335053,-0.0331600393442642,0.0634142237020403,-0.2730855784203189,0.0518289021373821,-0.0180577930537123,-0.049446767558604,0.1278641367670847,-0.170695421593519,-0.1017324522446146,0.0738086187664854,-0.0217897975443072,-0.0390351235414043,0.1788912399789402,0.0599131524750571,-0.0679431520435939,0.0678858372900546,0.0974482055446801,0.0097213396261832,-0.0140361080930945,stop,936,5,135.1877407229215,-0.0355689319988504,0.0007548000692069,0.0483425878257321,-1.0,0.0212207684287889,1.3591239632186456,1.891127217897092,10,3,0.0397310498628589,-0.0015584674450507,False,-0.0474555828821205,0.0,-0.1039242543036221,0.0,-0.0141904337500931,0.3333333333333333,0.0
G2024-41,Falling Wedge,bullish,1,0.7607737125157198,8,74,890,891,2024-07-19,2024,3,106.40371881978184,105.17573572232727,113.93938169253632,101.7217469705906,1.1954169263647116,0.011675536082738,True,0.003753119479448,0.0192323806933409,-0.0203296708007598,-0.0133307876800359,-0.0402124518740265,0.0100117227565204,0.0075179878524247,0.0040724011851203,0.0194752995024998,0.0765378867637667,-0.0317334666165086,-0.0469749465631611,-0.0048668011514748,-0.0156424730963437,0.0243427831586597,-0.0025407624718326,0.0083371184383198,0.0237722992743136,0.013513513882587,0.0269423745844168,-0.0039901378001262,-0.0268533130256528,0.0033506906635126,0.02777327470206,0.0254042505664633,0.037357996733202,-0.0196373356816926,-0.0787170385258043,-0.0507412125144661,0.0657878687596409,-0.0377757621006611,0.0847184213193286,0.0077808772822722,-0.0059290177050272,0.0568094450754967,0.0445704606334051,0.0409987852992341,-0.0849864313847081,0.0521212341806367,0.013857207462057,0.068320470438951,0.0053331068785869,-0.005436568953748,0.033334532736301,0.0703671234216023,0.0128665665343296,0.0788953369809111,0.019017757238501,-0.0077368723902051,0.1304303107052231,-0.0698330861317371,-0.0250138136736157,0.052141385103386,-0.0043990677798061,-0.1219648655992543,-0.0338263544109727,0.0024232318452708,-0.0495525154890184,0.0895255590963537,0.0349026404187919,0.0109278943568749,0.046000321239948,0.0093313320034074,-0.1648998246444992,0.1249130052663212,-0.0042202964238717,0.0652734334733433,0.0097314124066392,0.0741876455122821,target,919,29,113.93938169253632,0.0708214238782181,0.0811357644636182,0.0148076477211888,1.6095062327331593,1.8439126390104543,0.3365224813942277,1.6095062327331593,41,9,-0.0026342763850657,0.0189244394842751,False,0.0037547800335056,0.6666666666666666,0.0267356550651386,0.7777777777777778,0.0773844090568323,0.8888888888888888,0.2222222222222222
G2024-33,Falling Wedge,bullish,1,0.6131969096124225,3,22,969,970,2024-11-08,2024,1,163.25258873962366,161.36627454046118,167.71302382296085,157.77850557337544,1.252270832986205,0.011689643356608,False,-0.0800232997526152,-0.0565824725268807,0.0260190237945421,0.0169334882263583,-0.033044619989963,-0.014046443167301,0.0030881507874305,0.0297776763790422,0.032915290053807,-0.0070251745291053,0.0336537932293115,0.0029148901278723,0.0242723611277524,-0.0034243736651845,0.0310786598425243,-0.0129479278830031,-0.0029197802434179,0.0311395394558704,0.0213807092090139,0.0182032079118443,0.0017386333278666,0.0135027707633186,-0.0906837934905442,-0.0563280962236514,-0.0644471617685173,-0.0789883661599827,0.0178257877037728,-0.0144304665877612,-0.056030943778335,0.0289562131036791,0.0611384824413254,-0.0794465927327904,-0.0198351385899057,0.0251653397789832,-0.0301568107971383,0.0666744286456531,-0.0164331127075932,-0.0727006734794701,-0.060676593772222,-0.063464016339061,0.0014256504826144,0.0204565970661534,0.0541326592321558,0.0422082361035194,0.0585262348792277,-0.0505454419482926,,,,,,,,,,,,,,,,,,,,,,,,stop,971,2,157.77850557337544,-0.0335313712848927,0.0075596352178369,0.0373506926966682,-1.0,0.2254496290535791,1.1139029292695906,0.8148277890330705,33,12,0.1047341879896412,0.051599243540654,False,-0.0801361147711193,0.0,-0.0571572929778279,0.0833333333333333,-0.0590582871930302,0.25,0.25
G2024-35,Falling Wedge,bullish,1,0.6063141615911836,3,19,882,883,2024-07-09,2024,0,219.504939545421,217.22048123220367,238.16091453315028,207.4273607081724,0.687526063782031,0.010516772176631,True,-0.0165661466656236,-0.0305499059814725,0.0139569405613917,0.0306738228746008,0.0052654487622041,-0.1038935439735158,0.0610507016104791,0.0016815771567253,-0.0468427732937825,0.041685469205684,0.0027877820137283,-0.0091917984701127,0.0708624642651956,0.0039641010264306,0.0191263936792926,0.0262941514954195,-0.0537630008664596,0.0044548014448702,0.0347131361479811,-0.0118408073848934,-0.0241399386335104,0.0084647277699401,-0.020331629435207,-0.0517889700928233,0.0108961509178542,0.0634648297964528,-0.0058576986393118,0.0190766437851406,0.092427758207465,0.0289434213681964,0.049053049257334,-0.0218444855581282,0.0010887045262433,0.0563494996665134,0.0256858084468725,0.016406616323968,-0.026481093334897,-0.0643472508183824,0.0515295988505073,-0.0537308472660067,-0.0455327605682747,0.0576855953859531,0.0461549109909678,-0.0717799195614103,0.0278812541902788,-0.0640976518452974,0.1845349194347698,0.1602386468680321,-0.0206976916469141,-0.0785831285470695,-0.0070551424369734,0.0200133067243208,0.0264235089915279,0.0567600196022743,0.4238628112619729,0.0484144730550077,-0.0305413012342977,-0.0287512141351475,-0.0131172016313525,0.0103587679337724,-0.0746359158057721,-0.0494658301508367,-0.0900979194962545,-0.0494008928393554,0.058641729326152,0.0308408969284621,0.044945622558344,0.0653911140786647,0.1673696188079435,stop,888,6,207.4273607081724,-0.0550219000185617,0.0409761190646743,0.0648669062943886,-1.0,0.744723810898041,1.1789288678236416,1.5446783862169593,35,8,0.3660166641433167,0.2554942267957574,False,-0.0167114537196621,0.25,-0.0526333723461793,0.375,0.1703595830951987,1.0,0.0
G2024-35,Falling Wedge,bullish,1,0.6285235246422992,3,20,898,899,2024-07-31,2024,0,215.2422078206827,209.77172790290183,238.58353125769645,200.7444249331453,1.9960273350203437,0.0260782516903945,True,-0.032426872980609,0.0289411048800553,-0.0232338199653456,-0.0004763554798349,0.014126959154191,0.0002800045082094,0.0025440781014958,0.0838571701280261,-0.0393727834026853,0.0182081886894585,-0.0277968751387293,-0.04619469093496,0.0032812106422994,-0.0124266671283275,-0.0219636085542134,-0.0321976065225604,0.0002865247826138,0.0411649528292965,0.0163871867053126,0.0315133754719647,0.0069429962907747,-0.0231778102124914,-0.0320144944788338,0.0309740127211683,0.0206042870898137,-0.0315803682464286,-0.0789625733468694,0.0563494996665134,-0.0064217519809387,0.0975026391643312,0.0281388261986843,-0.0001828489084813,-0.0431195773116771,0.0167029775563758,0.035375764594532,-0.0705453644247251,0.0868425423026473,0.0383525647169218,0.0896550050624263,-0.0431195773116771,-0.0108942312964497,-0.0302162267167909,-0.0220748962464176,-0.0313625706873538,-0.0432350647091974,0.0291137743173971,0.1509149633533633,0.0994342658336486,0.1003189237856874,-0.0786559723193247,0.0635756769984849,0.0325886561968118,-0.0778131854450258,0.0359029497208698,0.0579861615305279,-0.0462686211705399,-0.0459960023649513,0.1051291164420487,0.0116940956438897,0.007163303901345,-0.0166881181292937,0.1737918511232188,0.044761745612863,0.1460604021163412,0.0398620569664327,-0.0347907418910228,0.2071684950427805,0.1845963772301087,0.1053956048038007,stop,901,3,200.7444249331453,-0.0673556689198031,0.0244744844557609,0.0888766778987461,-1.0,0.3633619092240239,1.3195129574700966,1.6099926187388645,35,8,0.3793884257351683,0.1938973418878269,False,-0.0332504708069252,0.25,0.028448532285918,0.75,0.1553930219149788,0.625,0.0
G2024-2,Falling Wedge,bullish,1,0.6856423146205674,3,26,777,778,2024-02-06,2024,0,103.7011926304674,102.3294301453335,112.1151066332514,96.12331612719862,1.3631585789071383,0.0134053564373968,True,0.0411706678300292,0.0456237178097295,0.0889590303573166,0.0801444024452799,0.0471987805956781,0.0214281808852097,0.0321919009368232,0.0438141290855575,0.0032564598358848,-0.055815136820903,0.0042310510680292,-0.0150873510865762,0.0527496121621946,0.0846301433727025,-0.0151120250362446,0.0318365226393337,-0.0418862922510731,-0.0649933883122736,-0.0118569329242935,0.0444479035408031,-0.0210049034364552,0.0589134671414313,0.0227683901201079,0.2087193029599396,0.1815981554746453,-0.0269554745856629,0.0872195907719646,0.0159929642002296,0.1340951447221303,-0.2120686788688824,0.1549712156543796,0.0821874018809927,0.012612318484195,-0.0225520010166875,0.0744784492021222,0.0967306598719179,0.1165899120886551,-0.0540515920585176,0.0329090141881351,-0.0845276562170909,0.1144674186411449,-0.0221876592097334,-0.0498924329327291,-0.129928864782318,-0.0092530037705588,0.1931774666467553,0.2555925384176993,0.234820222112136,0.0699788083610206,0.091331198627635,-0.0803701062692642,-0.194355846568529,0.2767732705148671,-0.1758205074565846,-0.2262860161613229,0.2679643241404594,0.2113923340246835,0.0157278649939687,0.1337571902055689,-0.1661690058360573,-0.2371741927809444,0.0840898396826048,-0.1167568448458075,-0.0131250407685451,0.146310654906465,0.2828468155164965,0.1100955395095151,0.376269992271945,0.2127685248142906,target,781,4,112.1151066332514,0.0811361353650623,0.1044082539189143,0.0193317211067942,1.1103260919011562,1.4287987468766057,0.2645493804906147,1.1103260919011562,2,20,0.1481177574647747,0.1851702993586284,False,0.0423008683910541,0.65,0.2348464681007762,0.7,0.2705151996705752,0.8,0.2
G2024-28,Falling Wedge,bullish,1,0.693589155356229,3,60,785,786,2024-02-16,2024,0,114.6551564399554,114.18117169869912,128.1266022679243,110.37092383287276,1.1805040575673629,0.0041511637532236,True,-0.0067942504971332,-0.0234099762140898,0.0018094512098789,-0.0110813256126462,-0.0080780212467372,0.008191847143526,0.0004569211058116,0.021239003033401,-0.0235785530506045,0.0057505417106142,0.0162117795261005,-0.0058685702901492,0.0432340747884176,0.0678524748822875,-0.0331058288751833,0.0040833369008519,0.0054621358066238,0.0036690252528019,0.0279947688433135,0.0067853386270508,-0.0406162220799527,-0.0028067406084466,-0.0111745223504812,0.0257515259540541,-0.0078686288398883,0.0658206285269831,0.0343373196278333,0.010969132662268,-0.0087162545039986,0.0522192969389059,-0.0313962944158615,-0.0310009231302365,-0.1990282585857662,-0.0270534892920127,0.0289941613739066,0.0421677286101487,-0.0043205688242985,-0.0009426843362069,0.0275544181912381,-0.168377771997471,0.0887896804389882,0.034507995917542,-0.0370084137985825,0.0121077698878377,-0.0630601987510093,0.0344233622270437,0.1054468449342636,0.0507859285971932,-0.0001285864300463,0.0210981701415879,-0.0431176608814588,0.1234133394479293,-0.006993331443404,0.110192671358601,0.0639573654547824,-0.0001285864300463,0.0525090990757417,-0.0054570748785838,0.0013678229653628,0.0184287847896715,-0.1134899039266904,-0.0279009955371314,0.1135327448919105,0.0004340269954599,-0.0885777385236721,0.0594407338685933,0.0286470185998601,-0.0129534169500113,0.0907331208048407,time,845,60,126.7451809419931,0.1054468449342636,0.1164496258428513,0.0189575745379138,2.821981346682872,3.116439113579829,0.5073449258504988,3.14442446605213,28,24,-0.0043455489133862,-0.0174686956663696,False,-0.0068256462266655,0.25,0.0255078339514856,0.9583333333333334,0.1052846770416797,0.9583333333333334,0.1666666666666666
G2024-30,Falling Wedge,bullish,1,0.79054820819942,3,53,793,794,2024-02-29,2024,0,102.84814767691466,101.36858862296938,107.70553212742084,98.4072347882626,1.5132684761281676,0.0145958336210869,True,0.0304209545743587,0.0189666533064771,-0.0257460765352949,-0.0207241199789609,-0.0219269352483482,-0.0121205188398402,-0.0177881975218784,-0.0017207968795429,-0.0391541513391633,0.0071930553699419,0.0386078544863552,-0.0150095804304186,0.0045160377134862,0.0412014940762608,0.0255105718460095,-0.0055691089894795,0.0421553716087743,0.0051176894080777,-0.0301599911048852,0.0003383202668467,0.0187347235451975,-0.0716695596754848,0.0343316504854761,-0.0117259171416704,-0.0426016334835966,0.1878419620349589,-0.1162765233111522,0.0123369893671423,0.0151119177842005,0.0771005619084468,-0.0519820752138323,-0.1001388159726127,0.0175958401568401,0.051446792004846,0.0364377173015564,-0.0656733112119692,-0.0848337913071555,0.1464828115943528,0.0443195546601025,-0.0519820752138323,-0.0092264384330188,0.0059541859147718,-0.0375963638669348,0.0384278271604003,0.0134367875171368,-0.0181650947853828,-0.0748490194738481,-0.1182790132594967,-0.0994423446422826,-0.1226088437919142,0.1871905445005153,0.0540158825807424,-0.1432525081103186,0.093010762382842,-0.0651041849313328,-0.0115496802376009,-0.0764184219335598,0.0372731804930028,-0.1398157828338702,0.0016882549458059,-0.2270134462051983,0.0179510714848027,-0.0645696659462544,-0.0401545204974637,0.2005254075090143,-0.0199274421557854,0.0957228467933184,-0.0969130963158151,-0.0538794201282805,target,796,3,107.70553212742084,0.0472287013448708,0.0493715021338594,0.0093840564647463,1.0937806195024316,1.1434062477265847,0.2173275741483155,1.0937806195024316,30,5,0.0903488275044777,0.0812544792335328,False,0.0302512091020108,1.0,-0.0118978349929578,0.2,-0.0770631111695038,0.0,0.0
G2024-30,Falling Wedge,bullish,1,0.652297301595914,5,46,841,842,2024-05-08,2024,4,95.66135314366132,91.78569173765668,109.89423515620796,89.24240232917279,1.2087511435247775,0.0422251151855139,True,0.0386078544863552,0.0146408586499924,0.0049731582774898,-0.0271404565675957,-0.0217052045901828,0.0031698978941523,-0.0134051739562238,0.036624501789505,-0.0511648172953665,-0.002272355611333,-0.027659240485314,-0.0091918263243893,0.0051286734326088,-0.0074381088724917,-0.041144556438742,-0.0138599025926885,0.0386078544863552,-0.024842301791496,0.0619204449630337,0.0126488215882192,0.0045943154218195,-0.0383792652352223,0.0441346315817484,0.0292109317922759,-0.004188355088657,-0.0389367374864474,0.0947945717559464,-0.0260252969125859,-0.029942045372923,0.1181087395748987,-0.0656733112119692,0.056875627425422,-0.0560168575323167,-0.0551479011554943,-0.0373961839872019,-0.0507342372060266,0.0793919973866761,0.0408704511516866,0.0654516531714104,-0.108127783956007,-0.0879811261198101,-0.0092294577701328,0.0768439125041577,0.0765594320644975,0.0980023247169781,0.022126543240238,0.1075076979750386,0.1042816868185074,-0.0391871920975659,0.1081861868438949,-0.0517764978917767,-0.0916750141025455,-0.0871065660144062,-0.0748490194738481,-0.0354192845342855,-0.0683396828888708,-0.1048095006165099,-0.0021707024977964,0.1722944178945975,0.0829046852210764,-0.0316951521987479,0.0381849412907746,-0.0642426511337203,0.1325619198472578,-0.005171201588255,-0.0346796839151474,-0.0813793445168541,-0.0263670660627913,0.1207445183968146,target,900,59,109.89423515620796,0.1487840339365902,0.1693347209765503,0.0189207242223705,2.217322179883498,2.5235882017132867,0.2819747547347791,2.217322179883498,30,5,-0.0098013734946469,-0.0383899973764455,False,0.0389530993373184,1.0,0.0297249224587858,0.6,0.1087568352654239,0.8,0.4
G2024-36,Falling Wedge,bullish,1,0.7155940704421462,3,22,1000,1001,2024-12-24,2024,2,207.1392199203984,203.51102312034527,234.5803208823229,201.37687520988615,1.5879721398051168,0.017828011202654,False,,,,,,,,,,,,,,,,,,,,,,,,,,,,,,,,,,,,,,,,,,,,,,,,,,,,,,,,,,,,,,,,,,,,,,time,1004,4,205.78600612786252,-0.0065328709505416,0.0075225138321621,0.0168849557915626,-0.2348373553680621,0.2704120848917351,0.6069641346992257,4.76214151365571,36,5,0.1559198161273218,0.0745806655597269,False,-0.020809098829953,0.0,0.0440339270059586,1.0,0.1293179425425385,1.0,0.0
G2024-26,Falling Wedge,bullish,1,0.7225069936913985,3,29,840,841,2024-05-07,2024,0,169.3327537690437,167.2316697505247,186.49446320447828,163.16120531187855,1.2430130115095812,0.0125639122162291,True,0.0074924832818468,-0.0081112495673458,0.0181191470827399,-0.0221053386110582,-0.0335477341817965,0.0027441122038514,-0.0700866315997158,-0.0176325126960928,-0.0399484432493149,0.0249350461043549,-0.0485122523951643,0.0369748039867501,-0.0361643348290696,0.0342316577641204,0.0387604955392517,-0.0516716377286877,-0.0730819287373252,0.0145517194795052,0.0719913314840523,-0.0570987461091202,-0.0247448614658611,-0.0211039558681439,0.020161986473183,-0.0018361533086614,-0.0395064360111652,-0.0339630182232399,-0.0543009152513881,-0.0467306902421592,-0.009022941597934,-0.0072520416955403,-0.0139003856189717,0.0585292687278573,-0.0845489124268392,-0.0689754750362708,-0.0798591488038099,0.0525838289605575,-0.0652436493652676,0.1526130841920514,0.1404035686277254,0.0365803703105911,0.0636862034643768,-0.0428606303760983,0.0035755275251347,0.0535050262003713,0.0946682359586936,-0.0093105185751534,-0.0455417957362688,-0.0831137848316242,0.3501646300018151,-0.0052937085942318,0.3738069317322925,0.0032460626598129,0.3635222765838293,0.1537665563473527,-0.0699921469189399,0.1839449216478839,-0.0565175516442749,0.0947300159266737,0.0070151617662022,-0.0006944382007001,-0.1072051289701254,0.118266753250869,-0.0773723196349108,0.2059503254448365,0.1400426229432181,-0.0422377579713134,0.1081394076094213,0.207002908770792,-0.1430560718737939,stop,866,26,163.16120531187855,-0.0364462770479872,0.0441095381544109,0.0398937845727682,-1.0,1.2102618354224195,1.0945914865389943,2.780778528200626,26,5,-0.0209770443627425,-0.0170912161076486,False,0.0071534678955978,0.8,-0.0026899077984804,0.6,-0.0491625814312822,0.0,0.4
G2024-14,Falling Wedge,bullish,1,0.6744150217516154,3,27,781,782,2024-02-12,2024,0,110.36791503374393,110.53091185895649,120.17444604003492,106.87604637972164,0.9784639561168336,-0.0014746718584982,True,0.0070414423376148,0.0025321115341268,0.0042068566113302,-0.0509750584872228,-0.0167554398575648,0.0149826888272175,0.0085596839595067,0.0409782287647562,-0.0006843759763763,-0.0273017267764018,-0.0228707920954833,-0.0292821534185926,0.0238350032435286,-0.0208655175975855,-0.0370637505359739,-0.0065241669606689,-0.0384779141351797,-0.0431327686361411,-0.0241616657259754,0.0005635609713303,-0.0229101049860322,0.0459402117057874,0.0171384023929019,0.0457870304659611,0.0007948210033317,-0.1775066750471774,0.0928567689367412,-0.0153328023718662,0.0181079059481326,0.0661432090000808,-0.0944357981915978,-0.0164766527118651,-0.0521564539666763,-0.0300974411505814,0.0810007849463594,0.0037480993364198,0.0724347214538954,0.0146727430377875,0.0582994519158728,0.0081382961207783,0.0604489396619529,-0.0688833820468317,0.0230472083830728,-0.0858929764013211,0.0872538576474546,0.0435185402409295,-0.0296684854886312,-0.0787390205212857,0.0603824027842749,-0.1452252098330081,0.1862797215654927,-0.1820252504747593,0.0380529850408055,-0.1995691603533173,0.2212682840577349,0.0243495152963539,0.044239291352319,-0.0441024716996173,0.0746369958919628,-0.0503890287886635,0.0577769024881749,-0.0073028769210603,-0.0270766014909947,0.1014349595565911,0.0164454792244084,-0.1972593255081255,-0.0118101149206744,-0.0923220322280705,-0.0230577087406225,stop,782,1,106.87604637972164,-0.0316384399664946,0.0034021113915684,0.0384425540667493,-1.0,0.1075309463795083,1.2150584576060135,2.8083905719062106,14,4,0.0558055082261617,0.0918036136388611,False,0.0069426581410622,0.5,0.0459776360621796,1.0,-0.029510494335457,0.25,0.0
G2024-53,Falling Wedge,bullish,1,0.7335976625436855,8,96,864,865,2024-06-11,2024,5,110.11195593076658,111.5899340079966,128.167955192771,108.0521794252148,1.3385872256864588,-0.0132447257933148,True,-0.0131786436354852,-0.0258440312841494,0.011988848127914,0.0631501310892519,-0.0413728495322726,-0.0073204218896009,-0.0330379252754904,0.0329836256404405,0.0182764819023295,-0.0529078632333848,0.0053205584578628,0.0209695432618461,0.0004278180639736,0.010369133314563,-0.0164787188497087,0.0373647073303491,-0.0211521232252468,0.0196740780857522,0.0250537205012315,-0.0087634816195597,-0.0280279874790909,-0.0464438475793356,-0.0126823149900764,-0.0310058317651666,-0.0617375985203643,0.0621924225803067,0.0031420217742625,0.0238672210705255,-0.015690052252302,-0.1023244948445306,0.0960824843918051,0.0175422810209475,-0.0759549885467435,0.0477335892009345,0.0279102014465035,0.0843540144654777,-0.0524208056227593,0.0388905476800149,0.0278043951891249,0.0290482777867837,0.0707770329183379,0.022322603490841,-0.0106610362889898,-0.0102583294957246,-0.0422504064448757,-0.0431111807411637,0.0183049985457244,0.0174312298960017,0.0188092551211502,0.0107469067224152,0.1088805956016607,-0.0708077125116335,-0.0065993892405069,0.1195927642725709,0.0205494059937372,-0.0723832098429265,0.0545717609059936,0.0072699422749766,-0.134109812381299,-0.1141468416348003,-0.0172923072635743,-0.0445991502708936,-0.1296395231961487,-0.1132927086620556,0.1271566774063659,0.0258392360578894,0.0775683431829348,0.0253595680443794,0.0236313085167126,stop,865,1,108.0521794252148,-0.018706202138911,0.0050822685199661,0.0194199710410144,-1.0,0.2716889554718583,1.0381568047219325,8.765999230177398,53,9,-0.0128841261649605,-0.0271447673287111,False,-0.0130044392018327,0.4444444444444444,-0.0305329104314458,0.2222222222222222,0.0192751131097933,0.5555555555555556,0.4444444444444444
G2024-57,Falling Wedge,bullish,1,0.6477373527205312,3,22,766,767,2024-01-22,2024,0,139.78738223360213,136.40160414183325,141.82368566256542,133.2939941421129,1.0173306366644668,0.0248221281052405,True,-0.0104490276123497,-0.0254486593649053,-0.0162664600411999,0.0159654850808113,-0.0700152402630129,-0.010616358141812,-0.0224106591671187,-0.045370914022126,-0.0070413674584639,-0.0300523717981148,0.0084436920667696,0.0154732977196159,-0.0197264966847969,0.015702539422979,-0.0235165276165273,-0.0070855552862599,-0.0027436522932194,0.0093201145642616,-0.0233700585044807,0.0185386298859364,0.0044411732936171,0.0349071236070355,-0.0026778473305444,-0.0628075420170696,-0.089150021584489,0.0046189220446273,0.0158055818624833,-0.0345366644055215,-0.0200211381803591,-0.0344033475130926,-0.0300609641627961,-0.0460540627555323,0.056561737744831,-0.1662404649336538,0.0094777739168179,0.0324009832409883,-0.00049311343994,-0.0118585590587683,-0.0012046847742559,-0.0756935373520601,0.0697556789062727,0.0835974826698151,-0.0045768237006026,0.0038460598435261,0.0251153932041203,-0.0566093546749146,-0.0835949596273967,-0.120980980803811,0.0383582842446643,0.0782246496321243,-0.0304123984466665,0.0262244311165686,0.1164762024583863,-0.0005212122947232,0.106790924296455,0.2069603633596912,0.0819352712325107,0.1222436901609262,0.2251711515947707,-0.0294438093008375,0.2088365930937317,-0.0594266321009518,0.0723680211862716,-0.057283463370058,-0.0559653175083788,0.0361031835390672,-0.0491200053616005,-0.006517711483967,-0.1351450704297959,stop,773,7,133.2939941421129,-0.0464518899183473,0.0061113791483805,0.0495239149022718,-1.0,0.1315636276397583,1.066133476793396,0.3135964461499288,57,6,-0.0193132274736745,0.04808265802267,False,-0.0105658814834359,0.0,-0.0631048469169218,0.1666666666666666,-0.0835470846584674,0.3333333333333333,0.3333333333333333
G2024-57,Falling Wedge,bullish,1,0.6072672623312901,8,86,875,876,2024-06-27,2024,3,133.39806963545794,128.9418477250901,145.6826405354089,122.93230026857847,1.0262147894516562,0.0345599352653043,True,-0.0006339649088331,-0.0143045284153433,-0.0173245553740754,0.0100234187526018,-0.0811054725938517,-0.0134718998315324,0.0004216390373965,0.0219767189206743,-0.030462798964544,-0.0030179643616758,0.0488615769975457,0.0305773932113981,-0.0149580863909754,0.0426253650257402,0.028410397802669,0.0145593740364728,-0.0003297544990659,-0.0237170783266379,-0.0093958389002374,-0.0008291124565427,0.0342748144184963,0.0154732977196159,-0.0032635366200067,0.0337679026569472,0.0387391592399832,0.1268735013702033,0.0102196219376282,-0.00908146180797,-0.0963619608646613,-0.0199263573282435,0.088537787129012,0.0202467678765341,-0.0251811796496606,-0.0107265914710897,0.0298843749448913,-0.0569001084375504,0.0783619505868202,-0.0326060474248529,0.0018217686973887,0.1039633635766157,-0.0654797173554585,0.1073317114172023,0.0186613183997921,-0.0114577884318606,0.0552708493213451,0.018095312532643,0.0422395516131328,-0.0020935875024334,-0.0137193271326386,-0.0708052644289718,-0.0559928638930146,0.0666217807989455,-0.0196808018384517,0.1195679527723507,-0.0624269206121456,0.0919060551349837,0.059716959546674,0.0696513118350194,0.0672563435593096,0.0289592518683794,-0.0392877927801517,-0.0588201819775918,-0.0343505625153317,-0.0448722767656477,0.0853282499036591,0.1040857659272433,-0.0216729960169713,0.1268882032341105,0.0223219072821449,target,899,24,145.6826405354089,0.0920895702128334,0.0959724317947239,0.0225151279928687,1.1737857456354193,1.223277208855033,0.2869807757611123,1.1737857456354193,57,6,-0.0489735103906259,0.0012601346377008,False,-0.0006874076247176,0.5,0.0331973530231096,0.6666666666666666,0.0403102558233806,0.5,0.5
G2024-48,Falling Wedge,bullish,1,0.745581625866454,5,56,885,886,2024-07-12,2024,1,271.2788278139474,253.5205730453266,296.99784274566525,240.52216418746457,1.5013020340001884,0.0700466023538286,True,0.0672225883790265,0.090424196448237,0.0252849706396145,0.0213770551833456,0.0185810554274907,0.096268230293075,0.0530898342599304,-0.0525888857536223,0.0027288539681757,0.0184829715597572,0.0290945210395023,-0.0020200068429768,-0.0214009002731874,-0.0291692770852909,-0.0196843268275985,0.0389875258889196,-0.0403399409547517,0.0336017201752947,-0.0180783129045121,0.0434358054221579,0.063108374136704,0.0070761675148642,0.0538308166356818,0.0615067800973472,0.1131767680778836,0.0702167681397349,0.0234162047986694,-0.1361573704538546,0.0492003731490515,-0.058224485736592,-0.0971222181220922,-0.0508161977804038,-0.0134832824720931,0.0494513063458736,0.1602545045067853,0.1255658322538477,0.049877796445154,-0.0037028948389642,-0.00571652444621,-0.0242871614530714,-0.024893615885759,-0.038261856541337,0.0139862409969329,-0.064109042556125,0.0306595434602159,0.058714084106859,0.1930607907773094,0.1796956112322998,0.1214096667730884,0.293887069838745,0.0757919897791303,0.2767890118623242,-0.2449333754832601,0.205249357546198,-0.0107879711148183,-0.1277291066853945,0.0372394829608744,0.4272469843123501,0.0805509077900981,0.1850850304614226,0.0429441619343025,0.0869083711185743,0.2300069635282062,0.0645352364113824,-0.0584111947629614,0.2056634660224023,0.3793806662567949,-0.1352630642029856,0.0862826080599857,target,889,4,296.99784274566525,0.0948065690897075,0.1070161412307847,0.0100087808308939,0.8362095201240458,0.9438999529605028,0.0882790917969965,0.8362095201240458,48,5,0.0453996354835313,0.0965986080892138,False,0.0670737347285224,1.0,0.0605501912559246,1.0,0.1904473926603339,1.0,0.2
G2024-34,Falling Wedge,bullish,1,0.669296419789656,3,22,965,966,2024-11-04,2024,1,161.04890174640187,160.45288005951386,182.4239446731788,157.05249660772705,1.1733054316492084,0.0037146213060614,False,0.0709376952277416,0.0218432272470627,-0.0451666804636208,0.0196332188103773,-0.0147273976108726,0.0404126432989451,-0.0222563516435089,0.0261944719112638,-0.0274973834697437,0.0075133519689458,-0.0517128895660046,0.0127162185761817,0.0170680503762084,0.0032029679222989,-0.0321413574699392,0.0029568961004962,0.0449941093641435,-0.0319640523520836,-0.0041786864205004,0.0058233231507627,-0.0281123917830866,-0.0081372140129933,0.0752066528933781,0.0713710156993157,0.0132532944734515,0.0118268691937819,0.0098201456840429,0.0712434714306722,0.0163771193019937,-0.0053579935344041,-0.0089436073478822,-0.0605834066954141,0.0143468900816596,-0.0748530692388244,-0.0552328794724795,-0.0365349015638802,-0.0147753969203822,-0.0528630743216287,0.0171389179206593,-0.019543165801687,-0.0898101616033475,0.0182100908309237,0.0645752083034119,-0.024714268592473,-0.0505684805525247,0.0848831003442048,,,,,,,,,,,,,,,,,,,,,,,,stop,992,27,157.05249660772705,-0.0248148549623009,0.0879628846109759,0.0271140210033723,-1.0,3.5447672269134918,1.092652809962593,5.348567571371087,34,9,-0.0306271949088787,-0.0649704377330914,False,0.0700654831935743,0.8888888888888888,0.0698518534779717,0.7777777777777778,0.0503089664254107,0.6666666666666666,0.4444444444444444
G2024-40,Falling Wedge,bullish,1,0.7408749468856907,8,103,891,892,2024-07-22,2024,6,99.83108683551754,97.47249733867164,111.04376279794565,94.25822229442718,0.8843921877595755,0.024197487098857,True,0.0024046961872443,0.0200407264465901,0.0315486288778295,0.0228370436132856,0.0174292593711429,0.0100077632051236,0.0065213222839128,0.0119656673171724,-0.0294712327430888,-0.0166112111864896,-0.0293188682894914,-0.0010143156748532,-0.0131078425169409,-0.0211018084615447,0.0110395344040392,-0.0359603325420944,-0.0220058593036208,-0.0006322858521469,0.0230241677868419,0.0147044954971737,0.0170655964241652,0.0302177162240024,0.0010478242655234,0.0439130791010085,0.0347703586651277,0.0034649584690089,-0.0086564923317452,0.0984026407535265,-0.0077151474072083,-0.007821958441792,-0.0474609259068986,0.0080268588866789,0.0744676466108023,0.0473712364432448,-0.0180449569843244,0.0135226976410007,-0.0668437564228658,0.0212826548249684,0.0644410759715459,-0.0749693103460181,0.0265493487126762,0.0628054332850081,-0.0424942150912803,-0.0587540138461575,-0.0331769391195292,0.0411932373159764,0.1331791800341719,0.0844570347696462,-0.0611062497768515,0.0556289605360891,0.0119088786927668,0.0536101241904738,-0.0953714604852709,-0.1826924331361621,-0.0225202891185424,0.1074607990408593,0.0431462493337053,-0.0776839961870491,-0.0607094005487911,0.0615924594321208,0.107486197844794,-0.0461186980949065,-0.1276358718771304,-0.0462578275662357,0.0275153050451086,-0.1049291174766755,-0.0359116879644466,-0.0127478237839827,0.1534459741291783,target,933,42,111.04376279794565,0.1123164769397149,0.116421670801011,0.051782207861137,2.0120130105000342,2.0855525630626186,0.9276152419288062,2.0120130105000342,40,6,0.0345072737731646,0.0405064622102016,False,0.0022468302834863,0.6666666666666666,0.0427046559264918,0.8333333333333334,0.1323584319312797,1.0,0.1666666666666666
G2024-56,Falling Wedge,bullish,1,0.8579152701322776,5,89,872,873,2024-06-24,2024,1,113.12532521256158,115.1254939978462,135.25936858245527,110.84404463211004,1.4255478120861624,-0.017373812835253,True,0.0064177183490161,0.0039359600688755,0.0113853943097945,-0.0081646555431614,-0.0119530977369033,0.0125914750354121,0.017102163273061,0.0054956408664694,0.0031169712662093,-0.0347927548822171,-0.027105675864991,0.0426807352743601,0.0319386541687609,-0.027294550375758,-0.0180498232074158,-0.0099725085882369,-0.0204670644340507,0.0138245607777118,-0.002511248762493,-0.0048867989055947,-0.0435302040784763,-0.0635589745200713,0.0131253064453956,0.0445841781392437,0.0265874372745869,0.0535325649347051,-0.0371575861339025,0.0191161850807426,0.03894713292213,-0.0286954573675998,0.0737353197045163,0.027159410412046,0.0196142823859635,-0.0301775654696896,0.0421787402705313,0.014026406139538,-0.0022004388326043,0.0388477079792315,-0.1123449445599439,0.0997261451643869,-0.0310365235263692,-0.0687199212038195,0.0532503782819835,0.00807499068513,0.0229527994221867,0.0345426968247856,0.1107092521288708,0.078705002946791,0.0597178496167438,0.0479997280130353,0.0801117479372328,-0.1022310746381158,-0.0864791709814161,-0.0993856970986017,0.1305998772059866,0.0875778139385816,0.0378562218758646,-0.0675999940585565,-0.0196305731272996,-0.0217301683213064,-0.0720655319367796,0.0771680692190353,-0.0203129768928004,0.0798764191671517,-0.1308028409437366,-0.0483316015150349,-0.021016994845474,0.0622487485832059,0.112030759568985,stop,873,1,110.84404463211004,-0.0201659582075457,0.0039803984803864,0.0258724967381222,-1.0,0.1973820653311202,1.2829787938587145,9.702464291136286,56,3,-0.0316313223028253,-0.0160723245297591,False,0.0064119015948399,1.0,0.0445984528343265,1.0,0.1105229076137488,1.0,0.0
G2024-56,Falling Wedge,bullish,1,0.6023372129978305,3,27,949,950,2024-10-11,2024,0,125.40672426417322,124.57873002071636,129.89553887068246,121.24843616586725,0.7559236760340028,0.0066463532203222,False,-0.0022367531616719,-0.0080351116883056,-0.0022367531616719,0.0377759660578664,-0.0081646555431614,-0.0276526587650033,-0.049854418987163,0.0361913807229921,-0.0152096120313439,0.0424230998274137,-0.0521450699641816,-0.0204556614874712,0.0098476545445951,-0.0385788638991653,-0.0002006242839398,0.0324844813095126,-0.0231366068011236,0.0497866921122822,-0.0099725085882369,0.0678499341991771,-0.0353369210216614,-0.0100466825005143,-0.001405161748632,0.039727497734546,0.0105301952613783,-0.0304432791856827,-0.1106445264525705,0.0774456690579781,-0.0057042084511073,-0.0210817969899926,0.119969458822525,-0.0280288150490182,0.0445619100175616,-0.0381656881524337,0.0523077196027479,0.0277609004378622,0.2202264376367761,0.0901351247751307,0.0294755058641842,-0.0693498154761215,-0.1378040606100243,-0.0421398712835603,0.0057888907265672,0.0196303507759683,-0.110252893370387,0.0350431470997259,,,,,,,,,,,,,,,,,,,,,,,,stop,958,9,121.24843616586725,-0.0331584141337302,0.0348918959378851,0.0381494534898693,-1.0,1.0522787910532652,1.1505210513388815,1.0794861972978531,56,3,0.0265681414758829,0.0279466519147668,False,-0.002358530646421,0.6666666666666666,0.0397189533914533,0.6666666666666666,-0.0536156969914881,0.0,0.0
G2024-59,Falling Wedge,bullish,1,0.6654520258900116,3,24,766,767,2024-01-22,2024,1,71.8576009800251,69.87233557233856,78.26240190229134,68.28360857322858,0.806315147281691,0.0284127529361202,True,0.0076458443514741,-0.0073537874010813,-0.0345475999738864,0.0017394778735024,0.0247946503810272,-0.001313806819597,0.0110847882811431,0.036685492731697,-0.0361876659950624,-0.02010637626896,0.0294757421426155,0.0201870334895137,-0.0079185801008483,-0.1187671199847624,0.0768244531601334,0.0314600072606876,-0.0227482642732717,0.0545476776913131,0.1791154142282021,-0.0214996134155468,-0.0326666793807796,0.0054994226105069,-0.0011370783304071,-0.0751320448268465,-0.1014745243942659,0.05456004045986,0.0090829068049904,0.022836313975403,-0.0612380456827139,-0.0055690645207994,0.0734633901044479,0.0433431890260362,-0.0082417709212809,-0.1204915722572695,0.122379889959497,0.2912310638282789,-0.0219502542044561,0.0581780052658933,-0.0413463303380654,0.02413200355892,-0.0839774539970301,-0.0180300196318886,-0.0433123422641851,0.0462911935766108,-0.0427859667473181,-0.090059803626593,-0.1215683103744148,-0.1589543315508291,-0.0117999686165728,0.1912855452652273,-0.1277755069665761,-0.2024946055891792,-0.0292280156770734,-0.0965619889709908,-0.0948085262964995,-0.1142129897343346,-0.0113056705727065,0.2349105087512975,-0.0513978855839297,0.0069473578465628,0.1432923372223207,0.0758747572031686,0.0493789412516363,-0.0488608565685055,-0.1787229085112429,-0.1370945707812068,-0.0333487228076836,-0.0501051463940175,-0.0972669145978995,stop,778,12,68.28360857322858,-0.049737151784263,0.04861137541598,0.0746480807123077,-1.0,0.977365483790344,1.500851537219036,1.792057786716751,59,4,-0.0944866783459112,-0.0479285139896518,True,0.0077197834097511,0.5,-0.0763732582062687,0.0,-0.1244114328848635,0.0,0.5
G2024-8,Falling Wedge,bullish,1,0.7091838052010354,8,73,876,877,2024-06-28,2024,7,104.55001867345548,100.71180751948695,130.4427136487637,97.21790550479076,0.9733609351995473,0.038110835745112,True,-0.0430021871256445,-0.0606881205688487,-0.0424688599867939,0.0880347481583661,-0.0137816372416563,0.0231316743083673,-0.0390499796675245,0.0182326327225954,0.0402001380023155,-0.0524918884248147,0.0572414662396474,-0.0237367457360536,0.012951459833246,0.0921721890653379,-0.0138249602224641,0.0294631815944796,0.0705361866686828,-0.0019898900829574,0.037601020736337,-0.0408553607174648,-0.0455677236407843,0.0240945986852674,-0.0539967996403509,-0.0741875738049649,-0.0725932369678911,0.0345540704494016,-0.0661423689900875,0.1188523556043161,0.0377996803455666,0.0668644186499056,-0.0964804740091205,0.0088627419221507,0.1592515294843854,-0.0775582268238921,0.0293213736240891,-0.0661423689900875,-0.0704645544650758,0.0345540704494016,-0.0346178297000425,0.0357735955780342,0.0293213736240891,0.0215706202073366,0.0247856486791437,0.0081995610089444,0.1142619994360711,-0.0898159346091915,-0.0692984814401078,-0.1195564282846748,0.2167944537073558,-0.1479083702079932,-0.1294531294146499,0.2330355022732519,-0.1923893548053237,0.2169013878514605,-0.1979342468680259,0.0045659470261931,-0.0351996266011498,-0.1159604631661288,0.1705563504554177,-0.1087427995288744,-0.2449715219690934,-0.3211343516111256,-0.100306163466025,0.0525513452217782,-0.101754986739794,0.0061675799240177,0.0325253340213607,-0.1552761124534363,-0.0234018201225686,stop,893,17,97.21790550479076,-0.0701301947306709,0.0039868487975636,0.0792406040110857,-1.0,0.0568492475013768,1.129907086603745,3.5314096195304123,8,3,-0.0279887659839573,-0.0158549997970749,False,-0.0430000937201213,0.0,-0.0743924352912207,0.0,-0.0695132817885888,0.3333333333333333,0.3333333333333333
G2025-37,Falling Wedge,bullish,1,0.6636473083720527,3,25,872,873,2025-06-26,2025,2,102.47302932193764,102.07274643152977,106.47247941299744,99.18487393014767,1.1871910238039818,0.0039215452155623,True,0.0184223303529673,-0.001907920701935,-0.0122946592890258,-0.0232042450891657,0.0133228900403372,0.0146676390575013,-0.0145174681796486,-0.0154773763303472,-0.0123156318138449,-0.0060061898190094,0.0379183876284137,-0.0091619484534338,0.0189291476524553,-0.026002533036489,0.0074554174319971,-0.002671516272945,0.0197973018106367,-0.0079840715687565,-0.0104412572815506,0.0569014128468019,-0.0107039078418823,0.0206774026819442,0.0164778906442679,0.0153708714951781,-0.0241474413613667,-0.0176879138129752,-0.0176879138129752,-0.0312945257235796,0.0239457294865708,-0.0366061635502936,-0.0293006465552571,0.021477460968839,0.0053355517940969,-0.0264347389753625,0.0464733777538666,-0.035048709809733,0.005377114918468,0.0917281841407167,0.0072224319040479,-0.0356481171740968,-0.0433691177431443,-0.0231836821154838,0.011502955660122,0.036547254310731,0.0155955799161844,0.016923665916141,-0.0155353909137057,-0.1065951633266257,-0.0603187197622676,0.1240946700524849,0.013693324559955,-0.0840335460926545,-0.077745299123321,0.056822890793295,-0.0455860689942374,-0.0515742398136196,-0.0709709587151734,0.0511722494093529,0.0702495265164786,-0.0227031833065298,0.0478348370136438,-0.0419184329777821,-0.0751196253390904,-0.1573688318613959,-0.0200085302767757,-0.0126185141825968,0.031127599582315,-0.069434153432854,0.0041848593838329,stop,896,24,99.18487393014767,-0.0320880080695147,0.0336788566420989,0.0411756157815041,-1.0,1.0495776668074206,1.283208845257774,1.2163202812877525,37,10,0.0092069674671393,-0.0268574650658736,False,0.0183035429299962,0.8,0.0155594212391492,0.6,-0.015294309634497,0.5,0.3
G2025-27,Falling Wedge,bullish,1,0.6072529948986868,8,67,766,767,2025-01-23,2025,0,115.59661536739704,115.12351253627986,126.60588235309798,107.78194921396562,0.9544461203840424,0.0041095239425401,True,0.0257716182236702,0.0335938605955234,-0.0041296683395376,-0.0079358599802583,-0.0310316472167496,0.0145791296448727,-0.0159262129715329,-0.0258336346589445,0.028652196372396,0.001178994964134,0.0038726563115569,0.0046773818220087,-0.0127450015517466,-0.0287581405344349,0.0045593007690305,-0.0084473182948432,0.0339653956923609,0.0056822000102045,0.0270350980523657,-0.0078791775765315,-0.0014640767028649,0.0145687760092094,0.0260405986326354,0.0381794558904979,0.0543648591794574,0.0680719226504924,0.0466547271865565,0.057307642829705,-0.0214759251923554,-0.0096771849166864,0.0342186311374552,0.1263479558263689,0.0451037308473292,0.039198079956439,0.002657369141926,0.0587612775920416,0.0101641785778328,-0.0039279380789689,0.0072818558919609,-0.0215064217120685,0.0344759111664021,0.0203802840241575,-0.0264146615244397,0.0145880279290022,-0.0084325997944555,0.0144906127135632,-0.0853341269064306,0.0694422835566903,0.076297554143706,-0.014985412965157,0.0122672716902096,-0.0421915354833137,0.0248851840825516,0.1663279234870451,-0.0456554794479624,0.0107298412039045,0.0546370294857052,-0.0176409827613839,0.0765821682131557,0.0741448133401927,0.1583314766443997,0.0976390172708552,-0.0154401456975479,0.0873544423129371,-0.0370159485220854,-0.012270831998594,-0.0790085584191984,0.0785644360511401,-0.1180117400379586,target,797,31,126.60588235309798,0.0952386620552041,0.0967108225237746,0.0196768750703313,1.4087955607504463,1.430572149040108,0.2910655573096551,1.4087955607504463,27,16,-0.0716761389476051,-0.0322185162112064,False,0.025403994507084,0.8125,0.0397323340408641,0.625,-0.0823060039683647,0.375,0.4375
G2025-42,Falling Wedge,bullish,1,0.6026454476975082,5,61,979,980,2025-11-26,2025,0,103.22156403140444,101.63414812811402,117.97533005257289,95.61224011818028,0.924961994307298,0.015618922699971,False,-0.0043939009892091,-0.009578620023305,0.0246028223984731,0.023013457533821,0.0394858560585806,-0.0171107886879602,-0.0468684160504286,-0.0109560148184577,-0.079298715314667,-0.0173024962907507,-0.0363991929144403,0.0037474023336141,0.0480307252846339,0.0132698096562426,0.0288882719026501,0.0259078844153111,0.0483891908989775,0.0050848827785285,0.0080747068036124,-0.0201677041173032,-0.0390337031860524,0.0073786685934267,-0.0048307333530996,-0.0010365770513027,-0.0179120286831677,-0.0724705208887667,-0.0058495996434002,0.0383102003195168,-0.0799502503434104,-0.0696141413687692,0.0383102003195168,0.0111574742156101,-0.0575264507444764,0.0282455726754746,-0.0458648044503134,0.0600992736373358,-0.0248478052351852,-0.0393655031957852,0.0539929616897385,0.0397143442330782,-0.0067654456220255,-0.0331171071999754,0.0725611518095077,0.0435328555065788,0.0708891690078967,-0.0021086557874101,,,,,,,,,,,,,,,,,,,,,,,,time,1002,23,101.75038813501712,-0.0142526022560529,0.020140655698001,0.0309793202625494,-0.1933385821348155,0.2732108667568614,0.4202388972524649,1.9389062930450365,42,8,0.0575457447721161,0.0189082979430867,False,-0.004333224593524,0.375,-0.0011491382813597,0.375,0.0690033388518643,0.75,0.0
G2025-17,Falling Wedge,bullish,1,0.607605411316305,3,48,917,918,2025-08-29,2025,0,135.38920019182794,136.76967758188266,156.79431055338046,130.248366115456,0.9624064137524636,-0.0100934462554994,True,0.0324626000911301,0.014690029963881,0.0142099494691023,-0.0087115561086045,0.0042036223338293,0.0138456395994555,0.0612842547040388,-0.038037497625029,0.0286326043435223,-0.0177858618363453,0.0254515040558802,0.0006668946901613,0.0533783220736108,9.841443393154849e-05,-0.0173328676598448,0.0050583655085358,0.0495828522323462,0.0299102541256512,0.0420191895991799,-0.033299234526715,0.0299413051496801,-0.0406698009786412,0.0223402824119428,0.0516223979324808,0.0076694630496554,-0.0891746383946524,0.0715220246057297,-0.0195033108084945,-0.1108904323674488,-0.0871552721011348,-0.0274232559212994,0.0707603772707892,-0.0488716747484427,-0.0321150916993506,0.0086595604455252,0.0135879028142456,0.0634748423086877,0.0102424872769881,-0.0864117494510247,0.0493653729951213,-0.0378268529692076,0.0163043804219098,0.0297110092795982,-0.0695273197578231,0.0882573958922172,0.0609731101778841,-0.0504131563368618,-0.102309587853019,0.1605788864729922,-0.036504726372571,0.0581922233649847,0.0842123625777668,0.1367265903263916,0.0753952651211966,0.0897007842894908,0.0603222838064425,-0.093948783304649,-0.0338072979341494,0.0724104517164467,-0.0452009963683819,0.0763652268459207,0.1152414704728148,-0.2366558325521706,0.2007867374550895,0.0229737126104669,-0.0168279627354771,0.2242784816104337,0.1379480635371122,-0.1030225033838693,stop,975,58,130.248366115456,-0.0379707839996696,0.0761244047074907,0.0534301806374073,-1.0,2.004815194444049,1.4071392531129256,4.163742700806805,17,12,0.0069402263337305,-0.0032432896860256,False,0.0323999942731458,0.9166666666666666,0.0518929339121645,0.75,-0.0501584121641,0.1666666666666666,0.3333333333333333
G2025-31,Falling Wedge,bullish,1,0.6618178672854083,5,58,944,945,2025-10-08,2025,1,107.68654833183058,106.53684940895758,116.75313355963874,103.8689797419198,0.9561581812187656,0.0107915611288607,False,-0.0186981816655783,-0.0062858610730195,-0.0056317193811963,0.0216959144965744,0.0018450662272977,-0.0075344850633732,-0.0618582830474252,-0.0128996407282477,0.0394868740901093,-0.0074916677418798,0.004924686805072,0.0006812070201114,0.0153518800519967,0.0367329897360482,0.0127759164705227,-0.0108504917248637,0.0119214060026624,-0.0298737377709567,0.0075478124047825,-0.0323503671663171,0.0215542997371946,0.0132981273454886,-0.0196644710537584,-0.0562482583085877,-0.0622613615780331,-0.0622646013522822,-0.0393819789975448,0.021217378201215,0.0552203634333339,-0.0106631889819536,0.0224063683053019,-0.1123087415079193,-0.0511748852966583,-0.0198072219082113,-0.0091875307529873,-0.0543063419917688,-0.0147708551536147,-0.0296273962550319,-0.0663350328443501,0.0374948497311116,0.0051254670125306,-0.0163212003246252,-0.034541665075114,-0.1123087415079193,0.0057811920984716,-0.0319605701501868,,,,,,,,,,,,,,,,,,,,,,,,stop,950,6,103.8689797419198,-0.035450747090037,0.0016181490948508,0.0480924983819897,-1.0,0.0456449927766284,1.3566004197272743,2.374963282066416,31,10,0.0963245543127735,-0.0229104082928851,False,-0.0187730569972192,0.2,-0.0530211394471661,0.3,0.0044394194904975,0.5,0.2
G2025-1,Falling Wedge,bullish,1,0.6149535843459459,3,41,762,763,2025-01-16,2025,0,115.71393903375146,113.30451733853164,128.1591068691435,108.7049851062756,1.0853758367811184,0.0212650100085678,True,-0.0117232135131076,-0.0301667030885405,0.0174101973181246,-0.0127701898317851,0.0191042032168577,0.002018172515338,0.0168969113145336,0.002018172515338,-0.0117972704070982,-0.0172349913155624,0.0663166756593223,0.0031747640904897,-0.0015138333878239,0.0279108129670391,0.0100558037337992,0.0123381102550923,0.011458475151713,0.018923317241795,0.008093965768015,-0.0053839956582296,-0.032286318325326,-0.0076685644261962,-0.0180764344328795,0.0080961926931142,-0.0132451847673893,0.0380814483380989,-0.0139321439768209,-0.0020476518118723,-0.0256662684897527,-0.0233470185612222,0.0785861705312407,0.0424961366003799,0.0183774195770829,-0.0187650095440967,-0.0142154431545518,0.0706504916699883,-0.0599066357088965,0.0011286153849483,0.0036094463904099,-0.0316956623978328,-0.0732716592442611,0.057028696470301,0.0225905121117238,0.0335397959500218,0.0841890414980326,-0.0012753213885318,0.0588076809365243,0.1529818591858206,0.0468292847900075,0.0385819517266814,0.0403193339108822,-0.0027181953653329,0.0044849158075139,0.158511099527701,-0.0332643345248793,0.0204559204187764,0.0264466516986934,0.0385819517266814,0.1710740378685673,0.0230463427587861,0.0043407668625476,-0.0066389344909528,0.0703876246553916,-0.0030885638833063,0.0403193339108822,-0.0298454451754011,0.0295940293119505,0.0395275236249459,0.0249604161785175,time,822,60,122.51880744035677,0.0588076809365243,0.1006253051071081,0.0295169907504251,0.9708821711510272,1.6612679354007118,0.4873091339301378,1.7756098790442338,1,28,0.0851936342039916,0.0408852845473739,False,-0.0118465284751858,0.25,0.0086834519464357,0.7857142857142857,0.0573037133511302,0.7857142857142857,0.1071428571428571
G2025-57,Falling Wedge,bullish,1,0.6530775372209193,3,33,757,758,2025-01-08,2025,0,114.93766809011726,113.94838450460291,128.83478086500946,112.39479554155008,0.8758483748637393,0.008681857051465,True,0.0379684333379954,0.0281369601279426,-0.0968202834009368,-0.0341656992071411,0.0213877382634626,0.0010438367866483,-0.0109619625558877,-0.0261926515812088,0.0073336253564069,-0.0323926401569268,0.0291871202652058,0.0039324197393835,0.0235788412712669,-0.0268267237857341,0.0338905512258467,-0.0685078664963618,-0.0110233460736224,-0.0092848713504558,-0.0196152190930615,0.0291368618777212,-0.0439207153313594,0.0066139280654975,0.0491487861470583,0.0258762173860369,0.0004612551265592,0.0058832621357745,-0.0681025798572194,-0.0188457225718384,0.0047388608717333,0.071490807953078,0.0277545247314243,-0.051842949326582,-0.0363106691892399,-0.0124285283734509,0.0089554484498475,0.0286353584481424,0.0132907655750678,0.0053811229643556,0.0642179631339128,-0.0205434794268003,-0.0233162306253444,-0.0619484101682876,0.0160271263270157,-0.0289939980035824,0.0284633645943781,0.0282509155039177,-0.0877712086600417,0.0487458925131591,-0.0249844267052468,0.0112445640810594,-0.0670546367334666,-0.0261921077728235,0.0588410415251043,-0.0623575630514573,0.1088782444004692,-0.0590076188952113,-0.0372484739635256,0.0775631866030377,0.0452876234646508,-0.0847228882620778,-0.1145367994770386,-0.1200433533394901,-0.0636283774308744,0.0474739566548654,-0.0005718461404577,0.0261818076843713,-0.1077673600514051,0.0488868216178917,-0.0705832983704604,stop,806,49,112.39479554155008,-0.0221239267406524,0.076401244137179,0.0227189602594265,-1.0,3.453331094104233,1.026895475009905,5.465123599184227,57,8,0.054345255872749,0.0034170277080154,False,0.037907036240812,1.0,0.0250467589024548,0.75,-0.0893588929797248,0.125,0.125
G2025-57,Falling Wedge,bullish,1,0.6011009243835382,3,46,954,955,2025-10-22,2025,0,112.61596257620997,111.60606569162258,121.11354933561066,108.35374395514587,1.3517378232605022,0.0090487634191658,False,-0.0384472681877264,-0.0672894377657692,0.0436235121460022,0.0761781162773671,0.0281842662008913,-0.0373268523925099,-0.0232565726082515,-0.0239107355794627,-0.0367948662593016,-0.0245652362390415,0.0022574744702501,0.0060774593002617,-0.0356456365733081,-0.0243161215479356,0.0175663582110343,-0.0101516842030457,0.0151544364832745,0.0002894886332156,0.0406560330968941,-0.0302918781463977,-0.0178828712683788,0.0270316440907285,-0.0380910848923407,-0.0650985112020516,-0.056881428183647,0.0726668141963464,-0.0337876761385944,-0.0661713951292085,-0.0047838255295038,0.031488004483944,-0.1278746964067363,-0.0528616283039224,0.0460094343944157,-0.0187213436503355,0.0053955374306366,0.0263368940527772,0.0870222285442934,0.0549679907729214,0.0128141067622069,0.0224236706942522,0.0561317036970414,-0.0360420161776181,-0.0211748654029302,0.0400783889403848,0.031572775654066,-0.0713730163462735,,,,,,,,,,,,,,,,,,,,,,,,stop,959,5,108.35374395514587,-0.0378473754835574,0.024747807145992,0.0416345831242503,-1.0,0.6538843666119891,1.1000652645607691,1.9937003506589903,57,8,0.0406473766273958,-0.019541980903777,False,-0.0385557575006006,0.0,-0.0644535147998283,0.125,0.0068037170124952,0.5,0.125
G2025-45,Falling Wedge,bullish,1,0.7990326616290051,3,37,776,777,2025-02-06,2025,0,144.07230775287832,137.83371819733097,146.54769099583572,132.48574109211438,1.627522603496237,0.0452617083623603,True,0.0070828735044232,0.0024034482002988,0.0150883864311575,0.0125053316025194,0.0276221344278879,-0.0484342139813289,-0.0231032578296193,-0.0060865134897519,-0.0183488159408654,0.0096282350047942,0.004206543160836,0.0328358301344553,-0.0173094562632155,0.0111044662771069,-0.0634435141663017,-0.0426264544936977,-0.0232705445970319,0.0071650958077025,0.0025156800124019,-0.0009339086355372,0.0276221344278879,-0.0060155256290538,0.0120467918914059,-0.0545874698273725,-0.0035566641901492,-0.0161366250199556,-0.0720332277305981,-0.0268383038464298,0.0015467440270204,0.1644270533236989,0.0799065775229395,0.0193946152087323,0.0627521619035273,-0.0098136626037077,0.0684821047105732,0.0541515577414704,-0.0177513911183085,-0.0678490381312547,-0.0388239507830666,0.0877344826191228,0.0216273107944178,0.112479024884412,-0.0138217238386049,0.0559735748050298,0.0454615409470549,-0.0801309110981761,-0.0919303043109744,-0.0232442882981439,-0.0129855547776124,0.2292490575886798,0.0552391378094765,0.0139681297945515,0.098800248191551,0.1994176448361635,-0.0705578381817945,0.0127107243341084,0.093785821579448,-0.1735981670418754,0.0167254905219456,0.0594040663706938,-0.1181618424029434,0.2678400264294296,-0.0343664228610576,-0.042492093900013,0.0157376437350278,0.0497204964222677,0.0472266233162157,0.1114014901427229,-0.1328835384063237,target,777,1,146.54769099583572,0.0171815339225587,0.0269948370055925,0.0062887614125711,0.2136425151153617,0.335665307823991,0.0781971395102331,0.2136425151153617,45,6,0.274523858861269,0.108994153966127,False,0.0065814763695899,0.5,-0.0568130682317584,0.0,-0.0940807775871061,0.1666666666666666,0.0
G2025-59,Falling Wedge,bullish,1,0.7217313055838996,8,81,827,828,2025-04-22,2025,0,90.62893379207225,86.74182506505485,147.34923844264267,72.73380766617879,1.0688427309129849,0.0448123926848682,True,0.030303871855478,0.004601948213714,-0.0315700334118712,-0.033144550859254,-0.0452099166372493,-0.0354806192387628,0.0220561549091651,-0.0753452050253973,-0.0557981346505772,-0.0525029742282897,0.0162129888206836,0.0088245695243165,0.0193519847282275,0.0952313629430858,0.0115263107806495,0.0293617495332578,0.023840413283038,0.0694234443224666,-0.0121244196273749,0.0227175827686738,0.0644202533415621,0.0498815421828728,0.0257202466825168,0.1670218430361922,0.0700250841921172,-0.0319994285225037,0.0136560021278733,0.0305429875010685,0.2300418502551473,0.2406005358217093,-0.0366161875378521,-0.0764334395495331,0.1598762649510037,-0.1148512517335677,0.2922343817126098,0.0798510388480404,0.1283536360755564,-0.0662548984033731,0.011290797839297,0.0125368931926725,-0.0872062940376,0.1704342852647771,0.0563507848191322,-0.020456554249738,0.0722223472431764,0.1138131554552974,0.600544777447763,0.4358512811782193,0.0779341301432097,-0.0474322423095738,-0.1977361843161513,0.0238085808526482,0.2073837532175197,-0.1939531900508427,-0.0468373181417449,0.0254801761977232,-0.183106527605771,-0.2860436892989905,0.5343881464463864,0.2233709206626608,0.2618777248402635,-0.1707660133394704,0.0022082478620151,-0.2132158412016369,-0.1624229892727168,0.1169916304620644,-0.209403866903289,0.1850854167538611,0.6031642341978548,time,887,60,145.0556666665603,0.600544777447763,0.622568244536816,0.0462319052388672,3.041427732422349,3.152964433904302,0.2341390750474781,3.169595131743646,59,4,-0.1248719296120868,-0.1396714408964348,True,0.0301912188978243,0.5,0.1586719511638398,1.0,0.6210125269662856,1.0,0.75
G2025-10,Falling Wedge,bullish,1,0.6722931981831303,3,39,761,762,2025-01-15,2025,1,168.4617666100761,164.2815831267876,189.16918939278588,159.46967191043828,0.937849494985524,0.025445234966249,True,-0.0089944419139402,-0.0352159445096502,0.0271500746198398,-0.0132823641776327,0.0001726997134086,-0.0005538962649551,0.0175915990273951,-0.0073934527526918,0.0313305055361678,0.00262828197678,0.0101497943148229,0.0234653895980527,0.0292392612944996,-0.0239427376007725,0.0139409914125003,0.0022258821725651,-0.0204942257646153,0.0206915778765555,0.0130419454888552,0.0092517944636669,-0.0117605175552489,0.0016930646513999,-0.0152517253154699,0.0074713209593213,-0.018716433949403,-0.0767917052439145,-0.0141044320643356,0.0166591884339333,0.0407388227299052,0.033381855826055,0.0453838654914531,0.0263205860304103,-0.0589609791332872,0.0417817415365175,0.0111724992960775,-0.0376424486548125,-0.024156485795337,0.0333643857861669,-0.0366018572459023,0.0135902978703246,0.0611163472005176,0.0549205202272116,0.0227288416285431,0.0868906038587038,0.0057423613822795,-0.0048053794987041,0.038865443195855,0.1375305474733258,0.0198719362123458,0.0614954459322962,0.1677924159504735,0.1007699884038111,0.0703548416552943,0.0336607361400165,0.0604364185372547,-0.0798037813027805,0.0441138095146635,-0.0620995173394304,-0.023569191466753,-0.05688278034183,0.0477482015506813,0.0693186838211608,-0.0147368191150593,0.0100904768802436,0.0781106138016907,-0.0374544827650187,0.027705386484901,0.161616986431788,0.0049384747465675,time,821,60,175.0091078309334,0.038865443195855,0.115003138134247,0.044370319602888,0.7281219159225512,2.1545182143798143,0.8312526363470436,2.302847498207935,10,13,0.0816650405872336,0.0418371990348946,False,-0.0090279002289014,0.3076923076923077,0.0074444539714781,0.5384615384615384,0.0393278370696916,0.6153846153846154,0.0769230769230769
G2025-10,Falling Wedge,bullish,1,0.6950050427532194,5,49,902,903,2025-08-08,2025,3,178.7129770866138,175.535280285029,190.1138562324668,171.5330147446698,0.8654404322446331,0.0181028953064303,True,0.012081657308044,0.0027006867486822,0.0246950936920875,-0.0024112999504571,-0.0150239683904047,-0.0195700325250142,-0.0145112813186284,0.0035021068449747,0.0180456282922649,0.0083624438085474,0.0117961313872125,-0.0191457903998129,0.0050015655645125,-0.0016622334774475,-0.0134100514831323,-0.002556102608654,-0.0261623861916272,0.0074741996618219,0.0298254149808812,0.0369496372252722,0.008372641602055,-0.0335055263374916,0.0117783477891959,0.0210536749317733,0.0032172711176534,0.0440318617065491,-0.0239475837832936,0.0549214967103421,0.0769819316239599,0.028386100790654,-0.0535067437874675,-0.0278538490182153,-0.0096088049587479,0.0133796447396876,0.0234860964874754,-0.043652452149503,0.0523076679503844,0.0641054124241065,0.0166591884339333,0.0895118884616037,0.0531040640092863,0.0326341418282525,0.0260885458079498,0.0144478908060774,-0.032705679096937,0.0011151339824684,-0.0107883658251913,-0.0857334562789654,0.0159830330593875,-0.1550551207541859,0.1416642078491563,0.0741191476588438,0.0154307045095474,-0.0380414104663682,0.1020265312827517,0.0174729642964492,-0.0745602869366603,-0.0633936612847205,0.125995203612665,0.0951200863148369,-0.0525857831203152,0.0257956875110967,0.0463146453155294,0.1195620654532956,0.0074843953487857,0.0648167640360388,0.0454729891833693,0.0877218531205414,-0.0408555666246936,target,941,39,190.1138562324668,0.0637943552377147,0.0640755867407064,0.006625116899832,1.5878745044735445,1.59487450207194,0.1649025869953602,1.5878745044735445,10,13,0.0448133939763004,0.016864137966208,False,0.0120407760662475,0.9230769230769232,0.0208602554486707,0.9230769230769232,-0.010794345931469,0.6153846153846154,0.0
G2025-24,Falling Wedge,bullish,1,0.6737226350109679,5,47,876,877,2025-07-02,2025,1,100.74764948593528,98.27223467228325,105.5065946833002,95.6033543337163,1.1443844634756528,0.0251893611853541,True,-0.0148305026480137,-0.0202446020921112,0.0179285759522394,0.0078086504602843,-0.0181227005474168,-0.0304037442926783,0.0309097652122232,0.0028011977307245,0.0046617842333385,0.0213194670788849,0.0096674201874418,0.0177803511694569,-0.011860342810172,0.0518757353935392,-0.0014269183343224,0.0115406303451641,-0.0103635075806237,-0.0156976809027891,0.0074531051685791,-0.0067892203232526,-0.0117871702315567,-0.0333361523943498,-0.0170284649237495,-0.0264717651095546,-0.0419428122811066,-0.007460717784529,0.0085255952306517,0.0061725967066739,-0.0230796581282118,0.0004090501420821,0.0088371881161153,0.024884378910412,-0.0326907372261954,0.0556344956507639,0.0535637070012831,0.0443365274536531,-0.0641484400521767,-0.0557033761279616,0.0181557212705185,0.0777077717306726,-0.0478516494720233,-0.010673918003981,-0.0212627340532483,0.0084201193238782,-0.0386185114687089,-0.026729635570538,-0.0628211885427177,-0.129019052151173,-0.0132092340165573,0.0921505739576815,0.072702823800455,-0.0497896874005903,0.1141814552048896,-0.0894215904774631,-0.0465882498806521,0.0241995164041095,-0.0369039495339805,0.023790447102945,0.0499317303919932,0.0079965742143832,-0.0232072656342292,0.0651134325739655,0.0480499742112587,0.0227573272163439,-0.1622057589616172,0.0687392942878235,0.0670829403997348,-0.0590159386235146,-0.0716389093045667,stop,924,48,95.6033543337163,-0.0510611927768811,0.0264528108217254,0.052680827433346,-1.0,0.5180609653463173,1.031719483395974,0.9250917874166186,24,16,0.0054930274192883,-0.0103579851422432,False,-0.0147976734690138,0.25,-0.0272806123956173,0.375,-0.0622981333765103,0.25,0.375
G2025-24,Falling Wedge,bullish,1,0.6370770820674782,3,52,950,951,2025-10-16,2025,2,95.363103952708,93.53178067878196,107.49559831648855,92.34677761835135,0.9056638393876144,0.0195796900330103,False,-0.0057903222181775,-0.0243801946092488,-0.0097298138060043,-0.0067892203232526,-0.0191694892249842,0.0002422302870965,-0.0260314766324293,-0.0070182800091076,-0.0690557767058016,0.0071785838260245,0.0078086504602843,0.0199495976629855,-0.0115830432421176,0.0125919817052657,-0.0087341622280806,-0.0166235721518148,0.0337526395467002,-0.0034666013250523,0.0007906183138046,-0.0019165931178878,0.0044714204419391,-0.0017255269388319,-0.0010374305451143,-0.0218431301706664,-0.0408574896211805,0.0338533580835913,-0.0260023375185124,0.0334214583989163,-0.0038977224445265,0.0631185132352383,-0.0241631372319153,0.0440456494337242,-0.0264808722033933,-0.0063988020093579,-0.0524701872052409,0.0225364357981436,-0.0043133461334529,-0.0426705446263733,-0.00807041161858,-0.0132712707037121,-0.0211481581795807,0.0369052316322362,-0.0426705446263733,-0.0434619416226554,-0.0186882899618374,-0.0168517841954833,,,,,,,,,,,,,,,,,,,,,,,,stop,959,9,92.34677761835135,-0.0316299093604638,0.0164857996751434,0.052407354679052,-1.0,0.52120919751196,1.6568923445781074,4.022275118440819,24,16,-0.0688160631817002,-0.0422739341159568,False,-0.0059421616105798,0.3125,-0.0224261794465054,0.1875,0.0070394248036436,0.5,0.5625
G2025-2,Falling Wedge,bullish,1,0.8137164441341402,5,81,788,789,2025-02-25,2025,0,95.0638768863266,94.55973427208846,111.5900911246517,88.32774934805715,1.6194664126396978,0.0053314724086206,True,-0.0045368807707987,0.0274634963820066,-0.0038010340273567,0.0007114851500376,0.0501741266082005,0.0281838340111901,-0.0075982520926677,0.0381398477068866,0.0244509838955653,-0.0131794493398779,-0.0273000368835203,-0.0183245242358761,0.0115024693780965,0.0131285935999969,0.0175234477861563,0.0045360598197208,0.0001215270977785,0.0067061775048993,-0.0354729962037083,-0.0007376959476254,0.003151683910104,0.0139955918912224,-0.0098324727522598,-0.0054396300033466,0.0260050860705005,-0.0240476696806393,-0.0317326320193531,-0.0417874527032315,-0.0831198769591586,-0.0477342920263489,0.0173277926057806,0.1216269833377272,0.0694889498269879,0.0262975691165743,0.0228932400541759,-0.0120279958327701,-0.0154276559151571,0.014537626506947,-0.1976220221877603,-0.0111760870847693,0.1438124544395429,0.0324899293986782,-0.1114381160909907,-0.0023038336589549,-0.0273204131581473,0.0024235450981966,0.0559718202323356,0.0749616651139908,0.0320639941346956,-0.0882698754984756,0.0750483943970174,0.0054897493475831,0.0743973983355443,-0.095819193184274,-0.066828046387404,0.0062851030141581,0.1034311230265909,0.0401731042941617,0.0545420608600597,0.0906887202656028,-0.0013149180763991,-0.0709484179116654,0.0716229770151772,-0.0101750667895144,0.0891248942720908,-0.0240706044116205,-0.0676155124326879,-0.0115885207732954,0.0456599520574683,stop,817,29,88.32774934805715,-0.0708589609313348,0.0291033732883605,0.0967737892974954,-1.0,0.4107225523185822,1.365724080984945,2.453370151386832,2,6,-0.0252778719939305,-0.0132978681889511,False,-0.0045988764633266,0.6666666666666666,-0.0062907104628611,0.3333333333333333,0.0499112767711443,0.8333333333333334,0.3333333333333333
G2025-18,Falling Wedge,bullish,1,0.7490223676702653,8,120,755,756,2025-01-06,2025,0,109.02332299032956,104.9047784805675,136.8161418505155,97.83212750893097,1.117916036861183,0.0392598370580896,True,-0.0385493126699526,-0.0130563952407912,0.0168639604629918,-0.0496775948330601,-0.0365740124229372,0.0608389066942962,0.0504105056207255,-0.0266126727008394,-0.0215477594708679,0.0040406497777862,0.0539411821115438,-0.0176190976113979,0.0223179028350903,0.0004551445941793,-0.0221552785503683,0.0054393781480779,0.0306476177708796,-0.0509480164678008,-0.0567239077825976,-0.0331107716840354,0.0693140146560502,-0.0141876843067296,-0.0378049360120019,-0.0357919140650155,-0.0471740940006939,0.0336595832020449,-0.1678776977292664,0.0780283500136125,-0.029576878844702,0.1578448388019337,-0.0335524911674071,0.1463660348176276,-0.0145762494397049,0.0543033033365445,0.097028528687004,0.0617917856230088,0.0088535196972996,0.0065388647043427,-0.0206748694428071,-0.0749584391758475,0.1108874203023837,0.0117365877612554,0.0776181128550048,-0.1330806316336742,0.0256222274622861,-0.0555910090565625,-0.2448528417232246,-0.1459182490890347,0.0604645420059262,-0.1946197965491288,0.0782837543146437,0.1510897898691043,-0.0314096091640313,-0.0536526020060783,-0.1174640411672393,0.0597955658822564,0.4383217362558702,0.1211701659985344,0.084463252397869,0.0824424089045274,0.1084350075249289,-0.0741565778157273,-0.1276748638179801,-0.0957482249884354,0.0455574468332187,0.235926462647098,0.1161710347508986,0.1459759501797295,-0.2965214118260239,stop,793,38,97.83212750893097,-0.1026495540077352,0.0339459653175786,0.108432048019144,-1.0,0.3306976405861505,1.0563323831974285,2.483453971149165,18,13,-0.1913570175199347,-0.0715529273483864,True,-0.0382082331472444,0.0769230769230769,-0.0350419478470059,0.3846153846153846,-0.2447115305775964,0.0,0.7692307692307693
G2025-29,Falling Wedge,bullish,1,0.6971101778595864,13,96,923,924,2025-09-09,2025,12,146.75688470126516,151.307589304011,170.77077262389963,140.05170541218575,0.5675509113662622,-0.0300758516058466,True,-0.0155179298948358,-0.025278932225176,0.0005419670256991,-0.0141504995351685,0.0072971043443259,0.0179828237671848,0.0636809464320111,0.0009862051560138,0.0238559661735282,0.0084344573607273,-0.0126985616231682,0.015558129598497,0.0055379470601819,0.0155914898740632,-0.0074061530154843,-0.0454251591694029,-0.0037629626451699,0.0289967506772246,-0.0859229740145218,0.0367364126584823,0.0157944498378355,0.0135645189507169,-0.0197775728405146,0.0327007475048433,0.0061484380343348,0.0228828513446657,-0.0045139009809942,-0.0144560017217848,0.0389071661303339,-0.0046892291549489,-0.0249216843357102,-0.1292068969690127,-0.0538334845612432,-0.0389047501640298,0.0226553034251926,0.0058175532031061,0.0005870568756669,-0.1337003689228338,0.0382631067766476,0.052477111186086,-0.0003350332508074,0.0270872217768052,0.1169626513985291,0.0069292255312083,-0.0184066411442997,0.0372206846827144,-0.0973010897247429,-0.1465133458843471,0.0819920660460431,0.1046065269216083,-0.0576429566776742,-0.1052605331529011,0.0571493604267296,0.1504385270186019,-0.0790702552791059,0.1154528631445981,0.0031543233247499,0.1208036269863279,0.1129473364647153,-0.0255061007437836,0.0065507802608943,0.0491863709413142,0.0079654111619509,0.0012401268784507,-0.1142408588030801,-0.0991379396426126,-0.025031623736229,0.0813037280568662,-0.1166461287046161,stop,950,27,140.05170541218575,-0.0456890271466876,0.0385254748019498,0.0573010709610397,-1.0,0.8432106614627898,1.2541538863821926,3.581393857990553,29,5,-0.1003337602518703,-0.0434735631171007,True,-0.0155480558196577,0.2,0.032595876774529,1.0,-0.0973072194756831,0.0,0.4
G2025-62,Falling Wedge,bullish,1,0.6195175891403201,3,35,924,925,2025-09-10,2025,0,208.937403220885,207.8752739787432,226.16186533708705,198.50319647715295,0.9094692691965972,0.0051094544426213,True,0.0268807304521285,0.0192376401573892,0.0257227987108663,0.0175789128802492,-0.0030776031102927,0.0061912609959922,-0.0344141988383879,-0.011806356830783,0.0336689537634173,0.0473775731128314,0.0255821527353687,0.0078410450657138,-0.0357145348132212,0.0001180851951667,0.0118161838145558,0.047100348701391,0.0913452095555364,0.0859581220112306,0.0160755741091884,-0.0099195518141643,0.0136797052676962,-0.1304121622521897,0.0166451545391202,-0.1052919215179057,-0.1370815070341755,-0.178409394843497,0.0881782923634968,0.1206882631105845,-0.0107011998600804,0.0337862801087482,0.0092688685921162,0.0030649706313337,-0.0329872583607887,0.0906070642001584,-0.0125320601448022,0.0188017442429739,0.0348215740448636,0.1262307636462731,0.050238365035079,-0.0128285128317425,0.0353406732625094,0.1098104416091909,-0.1374435160764947,0.0531322622172052,-0.051363897566405,-0.1221771076869419,-0.069691159585038,-0.118771608393341,0.0378614459930715,-0.1020709677930643,-0.0360860019525928,-0.1494075061654719,-0.0783812623130334,0.1014625200336296,0.0726226117899162,0.1580159425984388,0.0754220275557346,0.1620828977345614,-0.1397223223940629,-0.0796844159868886,-0.0303175525124581,-0.0773936224607967,0.0235481781456545,0.0526392266539446,0.151183475933349,0.0681093003984054,0.0831747898689987,0.3801266662807667,-0.1033504311554431,stop,938,14,198.50319647715295,-0.0499393913338778,0.0780763511801784,0.0796771772969879,-1.0,1.5634221622403537,1.595477541251821,1.650768720540164,62,4,0.2147400730843034,0.0369639309555587,False,0.0267949511384656,1.0,-0.1051802894057149,0.0,-0.0698483676576193,0.25,0.0
G2025-12,Falling Wedge,bullish,1,0.6235798697133668,3,40,760,761,2025-01-14,2025,1,109.54686217421607,103.67785731408723,117.76451390324652,99.34669267307062,1.34052211157099,0.0566080840419853,True,-0.0126748716328741,-0.039964668235958,-0.0061995611903498,-0.0138137878068966,-0.0750580638749519,0.1073781100930106,0.0714905893113144,0.0326686878457667,-0.0142534245877441,0.0233425187433118,-0.0144805719571973,0.0214139521814724,0.029856781280966,-0.0483710988311828,-0.0243953993489214,0.0140989162157831,-0.0501402014172077,0.0217399337512032,0.004054799615653,0.0033274360453736,0.0540636885178387,-0.0215121304744527,-0.0184354303385136,-0.0942561654754955,-0.1163285780752351,0.0602857259815814,0.0233805596175407,-0.0852471678880223,0.0919276334387855,0.0098277386302947,0.0696532271245673,0.0707884287435718,-0.0412000973207783,-0.0734594306177612,-0.0425791172293508,0.0929426650913121,0.100791244636273,-0.0870761101006364,-0.0391822154938079,0.0417301902745381,0.1061732173075931,-0.0234039326192628,-0.0825268853815633,0.0007570294830974,-0.0950527542022884,-0.0991826629492797,-0.1292141844086225,-0.0205089596841355,-0.0097170478290572,-0.0264090365215744,0.0143430115954874,-0.0251022121886428,0.028335358253938,0.0731488282746701,-0.0028543856774804,-0.0060924877577503,0.0930197088072799,-0.0369604727015777,-0.036926237507751,0.164884432743896,0.3112671169187921,-0.04831070773999,-0.1492963240433138,-0.0028736752036282,0.040714279499447,-0.0141516065132579,-0.034464225030783,0.2331274527518649,-0.1574982729151509,stop,776,16,99.34669267307062,-0.0931123840400264,0.0138052600290754,0.0979871930375418,-1.0,0.1482644888905536,1.052354034834076,0.8056387423863524,12,5,-0.0056287532081059,0.0005190604071823,False,-0.0127065216166792,0.4,-0.0942452619261453,0.2,-0.131343834504489,0.0,0.4
G2025-28,Falling Wedge,bullish,1,0.7283788408303307,3,38,761,762,2025-01-15,2025,1,106.3370586027038,105.58219047570714,126.94683940597211,103.9498575177559,0.9021003673178266,0.0071495781968111,True,0.0257374441960318,-0.0004840583996781,-0.0144237844177652,0.0558438144983577,0.001353961030029,-0.0016676782869065,-0.028720401152372,-0.0029142193373614,-0.0272309439532139,0.0179889502183605,-0.0038933943468933,-0.0559914458997637,-0.0175939878592751,0.0198577438117499,-0.00026089743037,-0.0140989123126946,-0.0063634998010807,-0.0462075787668646,-0.0049646395169093,0.0178743769452252,-0.0268397971160907,0.0234858929896188,0.0314757662312428,0.0969286726882465,0.0707409177795221,-0.0046783010144456,0.0326898417074703,0.0016619452115924,0.0135255834742504,0.0317480286832574,-0.0424065484890529,-0.0619430213891991,-0.030368955566737,0.0364742189432085,-0.0223468505399436,0.0395362341864833,-0.0035808358788389,0.0661887213757881,0.0497920493054253,-0.0710812704782469,-0.0658368694039324,0.0591019655462239,-0.0172076390873323,-0.0612918089633927,-0.0355376877000516,0.1012067326921202,0.0999378826259806,0.1986029869034514,0.1024243998266507,0.1283528682978807,-0.0391907635795264,0.0271190269443493,-0.2333969991448743,0.0175382868370888,0.0514128683256802,-0.0792977286074908,0.0571635048677492,-0.1057100995374472,0.1267334265368092,0.0584563312265091,-0.0481164271329745,0.0143520804258365,0.0577019874767472,0.1109336875426285,-0.0414905395971676,0.0260325696047596,-0.0932602339394126,-0.0101857259740203,0.0935592566059919,time,821,60,116.96415908413285,0.0999378826259806,0.1874413969882586,0.0040878163164165,4.451698915703599,8.34951313560923,0.1820903843990025,8.633449830942117,28,5,0.070858463313558,0.0411165170349712,False,0.0256852258054861,1.0,0.0986074949235349,0.8,0.1016926394165836,0.6,0.0
G2025-28,Falling Wedge,bullish,1,0.6659433542493423,13,126,1001,1002,2025-12-30,2025,8,99.20010016609976,98.3974831537393,128.6044609891554,92.13974893217764,1.216831963182173,0.0081568855893034,False,,,,,,,,,,,,,,,,,,,,,,,,,,,,,,,,,,,,,,,,,,,,,,,,,,,,,,,,,,,,,,,,,,,,,,time,1002,1,99.23715288109022,0.0003735148949286,0.0061637889019661,0.0030826240195322,0.0052479988265213,0.0866031244366385,0.0433118128801855,4.164716435321171,28,5,-0.2045097016776815,-0.116597452885819,True,-0.0183577295394215,0.0,-0.0148515345285769,0.4,0.1120876092133611,1.0,0.8
G2025-48,Falling Wedge,bullish,1,0.6282435239399559,3,18,754,755,2025-01-03,2025,1,139.55190274055383,137.94246290780484,150.78373371423754,136.1145445531375,0.8209418473833995,0.0116674720664127,True,0.0010591137720834,0.0260142057031828,0.025933610454532,0.008010043084607,-0.0184012064341186,0.0093798391097574,-0.0099756233599211,0.0113265925861305,0.0031275176926819,0.0134918075020382,-0.0308349231380968,-0.0252955672861018,0.0010591137720834,-0.0148472522461055,-0.0294754587403552,0.0091134924204048,-0.005155465781361,0.0465253936611789,-0.0337148544271429,-0.0281894879737424,-0.0141537387745063,0.0094292303496823,0.0046914606485012,0.0604146364248947,0.0511737932154487,0.0042655148551673,-0.0302589363616182,0.0075241613355789,-0.0256176139302236,0.0867664304866742,-0.017153944138623,-0.0221052294837862,0.0867664304866742,0.0202848741486485,0.0228879674103932,0.0286548367672732,0.0654788593609307,-0.0637207533722149,-0.0110546020967124,-0.0824284825519466,0.0134535701045748,0.068509654940198,0.0105747417513646,-0.0001453148463063,0.0408576922390806,0.0502376435696384,0.1295065120749006,0.1799063399201759,0.1476504917339043,-0.0752052710848422,-0.0011963155138177,0.0603040886774441,0.1673915349263472,0.0083281248174742,0.0606429841305948,0.0452683211004132,0.0506677736763523,0.1392568721383333,0.0091257699712348,0.1638352512183825,0.1509645621744582,0.0361595369430627,-0.040966144285632,-0.0868805354093761,0.0547314129243445,0.110954393507225,0.0957045798546709,-0.0853497280315717,0.0789371269014504,target,781,27,150.78373371423754,0.0804849719216314,0.0853670728545133,0.0086315632604977,3.2675765402633465,3.465782964327404,0.3504293154660494,3.2675765402633465,48,3,0.0774859161937187,0.0041410074743828,False,0.0010445201851242,0.3333333333333333,0.0609738869051546,1.0,0.1300684753001963,1.0,0.3333333333333333
G2025-60,Falling Wedge,bullish,1,0.6322600499972316,3,29,978,979,2025-11-25,2025,1,134.8689393971741,131.31798599419346,140.6080596528842,127.28797380747764,1.2595025976934329,0.0270408762066884,False,0.0130507374340242,0.0038126643339908,-0.0127044711291748,-0.0035868829293758,0.0300644453058951,-0.0012525391581564,0.0166904366788842,0.0124479389705829,0.0366384784343223,0.0016866089675318,0.0063352555535527,-0.0170165382936891,-0.0143842974638817,0.0481395366329127,0.0276749290511362,-0.009302660605961,0.0219949484469943,-0.0040020789465134,-0.010511980128727,-0.0236991381219709,0.050672766182324,-0.0028732357404929,0.0054001613487146,0.0791634749499998,0.0573374278173364,-0.0475198348998823,-0.0494426244489043,0.0161791669803943,-0.027158668711636,0.0300183449473037,-0.0201489339908133,0.0141792902799531,0.0482320432839173,0.0494728595277806,-0.0121015717026652,0.03113117473919,0.073939313732414,0.0111265366378048,-0.062217417196143,-0.0658514388198526,-0.0065112882758608,-0.0126435446802588,0.0453308782200407,0.0058414790694976,0.0019550962975263,0.0779729319005095,,,,,,,,,,,,,,,,,,,,,,,,target,986,8,140.6080596528842,0.0425533134713029,0.0431815405537182,0.0052707647210057,0.7570434383069,0.768219893245714,0.0937693806050568,0.7570434383069,60,15,0.1789719542373129,0.094557969146753,False,0.0129736033999098,0.6666666666666666,0.0826459218223363,0.9333333333333332,0.2042561157424439,0.9333333333333332,0.2
G2025-47,Falling Wedge,bullish,1,0.7387842775365088,3,38,949,950,2025-10-15,2025,2,131.14742599196936,126.03616083699478,136.9888769293579,123.72089904221176,1.0647002510277548,0.0405539578564684,False,-0.0010071044121133,-0.002476634952901,0.0610312431849193,-0.0010071044121133,-0.0064826895605257,0.0089670659916374,0.033898598901948,-0.0133665771612077,-0.0269759098711728,0.0274106538084308,-0.0252559760124453,0.0254042176328828,-0.0555924693391638,-0.0178723988859801,0.0186772611492562,0.0288562381380728,0.0266907517218255,0.054030145325447,0.0032728564860375,-0.0124980316946293,-0.0151187597460922,-0.0173915517112424,-0.0058409826094076,-0.0036466464631961,-0.0284807750399449,-0.0307104122619156,0.097035822831579,0.1062337172814771,0.108689981222223,-0.0050499280135034,0.051150112799688,0.0135864595225518,-0.0387284318950497,-0.0475883213954312,-0.1088080640927392,-0.0072098791646995,-0.2294762056225946,-0.0313158206269571,-0.0412978908523427,0.0414373718010983,0.058601619549371,-0.0009684196005116,0.0125654907869157,0.0047411455073382,0.0793687146015669,-0.0052594995820993,,,,,,,,,,,,,,,,,,,,,,,,stop,974,25,123.72089904221176,-0.0566273176433699,0.0190323515811886,0.0574740469297425,-1.0,0.3360984128023057,1.0149526645726925,0.7865656419087264,47,10,0.2078783697628916,0.0780745723285822,False,-0.0009587539217318,0.3,-0.0041210839827104,0.3,0.1072683966078617,0.6,0.0
G2025-55,Falling Wedge,bullish,1,0.7470542897151964,3,33,924,925,2025-09-10,2025,2,312.9961724365098,306.6850381016433,331.79677234435485,299.60255492997146,1.1899218490570491,0.0205785530782067,True,-0.0110280735557785,-0.0186711638505178,0.0135440315618169,-0.1328803731854932,0.0403366930310233,-0.0829270950925656,-0.0198522702421709,0.0617721647889668,0.0169542187270947,0.0117149029028311,0.0514112837233511,0.0004284824020097,0.0226237821227328,0.0032332514581556,0.0032332514581556,-0.0086456003133872,-0.0851662172967517,0.0038166481382115,0.0098658393782329,0.0646224865696611,-0.0212658379928388,0.0632154211975786,-0.0118298267226092,0.0234928167603361,-0.0082967687559336,0.1153032447214081,0.048365382942308,-0.0121985017615202,0.0168473644162614,-0.0542828208816934,-0.0854227597709351,0.1171958055771014,0.1062862302848799,0.1106703895788774,0.044747549497401,0.0279274115264749,0.0976288380925054,0.0142909063860274,0.1857884185137377,0.0271878200991639,0.1105580251097271,0.0257152601770049,-0.0121985017615202,0.0782504542478594,0.1585294354450177,-0.0325666808616682,0.0104224181825283,-0.0386580306257746,0.1333965966235331,-0.0259743073932859,0.1650082280501446,0.1100030610284443,0.0308558454834257,0.0761478314241048,-0.0068335850566392,0.2195055862262533,0.0613320196157514,0.2642053023021955,0.0977277697345826,0.1710657923297167,0.0945705756102719,0.1583601873140909,0.1025329055664681,-0.2036053981307315,0.197399497101417,0.0891448028896904,0.0874635758368167,-0.0625554691720344,-0.0775651226866825,target,957,33,331.79677234435485,0.0600665489341045,0.0620646438059422,0.0202069165005768,1.4036984331281028,1.450392020334467,0.472216525396309,1.4036984331281028,55,4,0.3653639673043358,0.1904170446237751,False,-0.0108664106084792,0.5,0.0230929682206704,0.5,0.0087538445651632,0.75,0.0
G2025-51,Falling Wedge,bullish,1,0.6338658925103435,3,37,796,797,2025-03-07,2025,0,98.17259527250118,97.24519937059554,106.3803620693016,92.6117345672274,1.226095701884801,0.0095366754133681,True,-0.0617791133008882,-0.0533572667356788,-0.0013037583659282,-0.0149437203352322,-0.0149580863909752,-0.0402390935316738,0.0360668698972144,-0.0150441263815325,0.0403761941262132,-0.0217781566726227,0.0394417741140487,0.016722337918104,0.0151695967172016,-0.023222602454817,0.0121434976708076,-0.0083275730599878,-0.0422621591483022,0.017448452335196,0.0177316487016003,-0.0145879617448351,-0.0062543506623531,0.0374384118723112,-0.0632599730311101,-0.1531132261506517,-0.046011061910632,0.0130171100545539,-0.0693567715196793,-0.0001166602620954,0.0051045454308384,-0.0148201464585078,0.0330226305253904,-0.0060776825206271,0.0269187991491657,-0.006038497617454,-0.0797426320408194,0.0743082586208059,0.1154266149359097,-0.0346941390278381,-0.0216552136785659,-0.0338735128346862,-0.0619296818790661,0.0830758597803458,0.0998688360788093,0.0260683311674225,-0.0003754451586369,-0.1605197562879149,-0.1122144496484809,-0.1655857692135227,0.0049506483303445,-0.0437625894813858,0.0962967391727076,-0.1571611120199331,-0.0372976056252748,0.0781796629376234,0.0638732833607342,-0.0272720328651883,-0.0407724225634268,-0.130936316047596,-0.01017513933043,-0.0582449325172478,-0.1408287717927,-0.0379253077556049,0.0635882424063341,0.078863050372067,0.0626921442386874,-0.1043210729742548,-0.033851869582956,-0.0269577937451892,-0.0921612898743464,stop,799,3,92.6117345672274,-0.0566437170153066,0.0181215235414967,0.0660805273647789,-1.0,0.3199211580094537,1.166599419083357,1.4759885621692277,51,6,-0.0347378761094736,-0.0111091521203908,False,-0.0616714444459881,0.0,-0.1539204817022332,0.0,-0.114534750472495,0.0,0.1666666666666666
G2025-51,Falling Wedge,bullish,1,0.6464608512790702,3,14,809,810,2025-03-26,2025,2,93.41811666177998,90.19806542877302,103.85305900489708,88.66429179193483,0.9537397607177496,0.0356997815607225,True,0.0079278573138663,0.012617888477876,-0.0318330710777695,-0.0229344864121547,-0.0045394969560451,-0.0073576784557692,0.0256258327297818,0.008131595745346,-0.0105703504352473,0.0116481870324713,-0.0241181065982527,-0.0001867308018699,-0.0099212586867387,0.0167454794112436,-0.0913489244443074,-0.0085621338816005,-0.0085621338816005,0.0903638274858875,0.0096556872965303,0.0045192566486582,-0.0350693196735484,0.0199355889810208,0.0113467691125645,-0.0942304386917253,-0.0581042606036954,0.0360919733412374,-0.0251740270178834,-0.0390757966423734,0.0839154061242817,0.0127578613618055,-0.0113845091684962,-0.0353608014643472,-0.0580554691962477,0.0446751479444069,0.0186613183997921,0.0087228399380989,0.0345853569894152,-0.0294377256382756,-0.0317149376865022,0.1133022744823506,0.1703471949802433,-0.055116005561383,-0.0384949795278637,0.075099684197871,-0.0422520965425246,-0.1058350741574056,-0.0537895371532901,-0.1150472874004029,0.077724916352198,-0.0818476855485437,-0.094443567814674,0.0125689672064464,-0.1003820225013588,-0.0300788088488239,-0.0198086504404618,-0.0991127788637454,0.1355153993815712,-0.0396959297819199,0.1003833850207716,0.0403448537362332,-0.0885475460208047,-0.0090340421637561,-0.1343948555515999,0.0372293450621328,-0.0586550506635598,0.0003715439900175,0.0004900530806284,0.0291694517306315,-0.0376793860213592,stop,815,6,88.66429179193483,-0.0508876119506492,0.0102606308425254,0.0996108106772742,-1.0,0.201633176508188,1.9574667951382063,2.1950624242194743,51,6,-0.0715846584693714,-0.0636008894044831,False,0.0077915758879766,0.8333333333333334,-0.0950544583769627,0.0,-0.0561810627573253,0.0,0.5
G2025-41,Falling Wedge,bullish,1,0.8194377654136871,5,86,814,815,2025-04-02,2025,0,140.62291334443876,143.53721229219673,200.1621027930813,135.66355671391852,0.7309530007799386,-0.0203034383991335,True,-0.0209311780343203,-0.0273704441977703,0.0470945654018855,0.0013055966032475,0.0251113391264194,-0.0075186326990815,-0.0700241084306518,-0.0214009002731873,-0.1056461677693259,0.0283498861007542,0.0143217452187773,0.028814561500587,0.0040951936393407,0.0008702403291616,-0.0003168017745124,0.0731744413567723,0.0639610204006932,-0.0692466516055281,0.0055085549214837,-0.0090021228706617,-0.0317315711959448,-0.0005926636597992,-0.0197875542503418,-0.027263305322341,-0.0517720529225382,-0.0359720417004748,-0.0759343255161809,-0.0379565769673879,0.1004674853817475,-0.0387161134327769,0.0726822101723181,-0.1314149667263554,0.2103817150090143,0.0660410054447713,0.1642388549359699,-0.0569492942394295,-0.0174203388199299,-0.0240783615442086,-0.0761276743018255,-0.0137969068140016,0.0071281195571355,-0.0965982451423831,-0.0335581099168944,-0.0891285961002379,-0.0641090425561252,-0.0187222451584782,0.0093243063816002,-0.1274676113906772,0.0912688848777694,0.1344299537049123,-0.0870937120161573,0.0523973237678125,-0.1670939179991983,0.0531046879482486,-0.1103919942487264,0.1312153578176373,0.2161269116445414,0.3477873402539204,-0.086768542979718,0.1320132099930566,-0.2046006627116197,0.1756698883197911,-0.2280068867664538,0.1784888962444657,0.3332651487411211,0.1838172797567565,0.1783307101123861,0.0888155633568448,-0.0613144656092693,stop,816,2,135.66355671391852,-0.035267059347383,0.0417091061986648,0.0540423208301344,-1.0,1.1826647010125535,1.5323738874232078,12.00542608334196,41,5,-0.305083576863576,-0.1740362825641833,True,-0.0212093224089464,0.0,-0.0274632067941155,0.4,0.0078802120749442,0.6,1.0
G2025-41,Falling Wedge,bullish,1,0.8521230317865826,5,58,978,979,2025-11-25,2025,2,156.67662821839198,148.54931388741647,188.123105464504,138.4091456646031,1.8312891754223344,0.0547112209292,False,0.0436202671459429,0.0343821940459094,-0.0224452290223398,0.0772130457734014,-0.0423868530188955,0.0327676930379075,0.0308337317424718,0.0374802560064781,0.0439535375640782,-0.0082244866069621,-0.0308718781367337,0.0570458631904489,0.0477453823293032,-0.0247605092196113,0.0347197669086929,0.0083236630158471,0.0160815103536835,0.0272238156532123,0.0154037698399269,0.0504191303740397,0.0082985415501841,-0.0469699076097098,0.0280277249596717,-0.0690325081834654,-0.0908585553161288,-0.0415199616332849,0.0262413531209897,-0.0562193461537615,0.0331719670134544,0.0333018375749563,-0.039027162923994,0.0555230564536057,0.0797898502950913,-0.0188185249610782,-0.0759343255161809,0.0234120589421678,0.0290717602229206,-0.0835667328294905,-0.0116640426826096,0.0609971290265831,-0.0717965774252342,-0.0163552609147621,-0.0119929778674447,-0.0725082583532998,-0.0564867973748467,-0.0583134603841544,,,,,,,,,,,,,,,,,,,,,,,,time,1002,24,143.5120285013051,-0.0840240172818673,0.0502822301297235,0.086472100633768,-0.7206575771085867,0.431260862181162,0.7416543096383148,1.721445588001376,41,5,0.1903165555142594,0.0421004604412122,False,0.043649194760778,1.0,-0.0672686813972026,0.0,0.0220138851898029,0.8,0.0
G2025-3,Falling Wedge,bullish,1,0.6496019192736019,3,38,769,770,2025-01-28,2025,1,79.99348059218356,79.63165266511237,88.20054059303988,76.6998836288633,1.1063793630503005,0.0045437701587438,True,0.0142356728197752,0.0174487048157354,-0.0411537047726943,-0.0307490200224156,0.0194739062411244,0.0107403850039506,-0.0046721471700345,0.0094417259236472,0.0285739815582111,0.0193107108430887,-0.0385736863042375,0.0488900617453196,0.0194291234412544,-0.0267420975243563,0.0278505693588602,-0.0072173381932763,0.0176686792111868,0.0008105585140363,1.4625134304280252e-05,0.0310785885244391,0.022515390419127,-0.0489874156559178,0.0113505280059943,0.0582789968695915,0.0734845943747179,0.0961393843729712,0.0311179139372415,-0.1760293779370351,0.0294803143810018,0.0774228634978255,-0.029600322839032,0.0307811755644169,-0.0336684735007986,-0.0193617369382722,0.0417556797013489,0.0159506298232425,-0.0013843044579937,0.0851481870324337,-0.0338336305394552,0.0003722644094912,0.0541170377164568,-0.0647304468855596,-0.0581459812188861,0.0167016611492372,0.0516390096435404,0.0525854045239828,0.0328621294493696,0.124602209875292,-0.0100302066744301,0.0979260500130125,0.0107920656740885,0.0065995435038119,-0.0430731515292202,-0.2001362271287601,-0.1152165538185533,-0.1819072263319016,0.0570509775421286,-0.006442562670218,-0.0977354873527297,-0.0354867652160535,0.046988977912256,0.1398387001632453,0.0809071362762796,-0.0464076825632951,-0.0779297636005783,0.0815553984532702,0.1555710598752022,0.0435087533007205,0.0375434776579558,target,791,22,88.20054059303988,0.10259661087504,0.1041445162347562,0.019947804565226,2.491822798070238,2.5294176643304307,0.4844837832666899,2.491822798070238,3,6,0.0075446445538547,-0.0040305484881612,False,0.0142189607439574,1.0,0.0582395064320221,1.0,0.0325164495236063,0.8333333333333334,0.0
G2025-40,Falling Wedge,bullish,1,0.6988185374898056,5,37,764,765,2025-01-21,2025,3,222.8452849113201,207.1785166227939,229.1935767049569,197.28822854369812,1.1522933016503,0.0756196566319202,True,-0.0851417322387372,-0.082831310478739,-0.0527175848736755,-0.041973271149178,0.0093470087552196,0.0199361680117409,0.0211403560543752,0.0148597999657846,0.0330997600623896,-0.0421041849718345,0.0399828610406878,0.0345972902302083,0.0329369578329656,-0.0225204889368192,0.0792419351884012,0.067027626934468,-0.0276800580003373,0.0230227965606748,-0.0259474341115046,-0.0384894510407969,-0.0674517634880027,0.0075696702225367,-0.0883356319531024,-0.083695920413642,-0.0952650947855826,-0.0327356779899917,0.0059284593436945,-0.0002774143789654,0.0508834588155091,0.1181035833367878,0.0967494826518777,0.0662424171498954,0.0605459635502385,0.0176781211912753,-0.0777184351590193,0.104551904910386,0.0729188257137913,0.0092455204177237,0.1253105447466422,0.0698006366650496,-0.0002774143789654,0.0038200810102888,0.0240202274084189,-0.0114486308394027,0.0251101086917631,-0.1201185085564919,-0.2146617008669181,-0.0848117359247558,0.031743747819259,0.1689263033892734,-0.0343712249097035,0.0592911210232764,0.436072766430448,0.2350986362522868,0.0070048528097921,0.0962582248052104,0.1527424437929982,0.1125023982186572,-0.0996348741668483,0.1596497710856463,0.0116147711761365,0.0410997851833567,0.037365559364251,0.1293145621295972,-0.085909175381628,0.1629694232263911,0.0828250848078595,-0.0343712249097035,-0.298171348474246,stop,786,22,197.28822854369812,-0.1146852013395403,0.0092250151702318,0.1294815919200107,-1.0,0.0804377117752101,1.1290174356206937,0.2483968303047362,40,14,0.2363824310108784,0.1587604291872237,False,-0.0857692934174284,0.0,-0.0848606084253669,0.2142857142857142,-0.219915387697698,0.0,0.0
G2025-14,Falling Wedge,bullish,1,0.6504068233690389,3,35,761,762,2025-01-15,2025,2,187.08465729685776,175.7893884676257,215.4178786828977,172.05938014601014,1.2817129087061787,0.0642545544284218,True,0.0338030115271938,0.0075815089314839,0.0219749332094789,-0.0401207456106664,-0.0331230960915267,0.0187431129698174,0.0122614055617613,0.0045269777946526,-0.0570702051679696,-0.0986399314792791,-0.0084764764644424,-0.0255260701194748,0.0048216528814679,0.0166397734623733,-0.0092281136044899,0.0023022047283398,-0.0453309302850333,0.0388588424761762,-0.0080056062321912,0.0596749398586058,0.0595435689451635,-0.0176555924556437,0.0389944793083379,0.0230109827430498,-0.0031767721656745,0.0781342890581202,-0.0293801478159161,0.0218263720323297,-0.1040375704563895,-0.0003859950603423,-0.0667684065037735,-0.0325237963339517,0.053586886195817,-0.1006977282669274,-0.0068333105633492,0.034379963963091,0.0676585488658196,0.0399825775542772,0.0410915548872401,0.0049520413678667,-0.0051566444327262,0.1181647494034165,0.0599447240968884,-0.0695145121326328,-0.0516911634862217,0.0203743611244179,-0.1243397069767647,-0.025674602699294,0.2230037239326745,0.0496628853537137,0.1170774483536234,0.0354394965347524,0.0043418929137342,0.0714931769706592,0.2154383307692446,0.105714491659858,0.0955860494704026,-0.2033679164933031,0.1138162445668498,0.0191777567316386,0.2951098820048059,0.0553925149097918,0.1581994555356825,0.2951098820048059,0.1975668899451506,0.0542719842989363,0.1179670074663643,0.1226540859901539,-0.2315224711227417,stop,812,51,172.05938014601014,-0.0803127170765595,0.0587438889176456,0.0872454899615154,-1.0,0.731439441423043,1.0863222306169404,1.8857037445356888,14,7,0.0217971475230147,0.0274968135649977,False,0.0344273705762084,0.7142857142857143,0.0223977274065707,0.5714285714285714,-0.1236659709175222,0.1428571428571428,0.1428571428571428
G2025-23,Falling Wedge,bullish,1,0.7360706243702279,13,123,923,924,2025-09-09,2025,3,101.51796015787284,100.64772862647294,117.83709311844464,96.98639575667602,1.1558788806294695,0.0086463106845613,True,-0.0203156475240439,-0.0300766498543841,-0.0106560897025168,-0.0056037174190082,-0.0452553266509816,-0.0019120311845802,0.0010627945345007,-0.022361025087348,0.0349662673476061,-0.0032028174449818,-0.0365708776934711,-0.0324846493656468,-0.007379272991454,-0.0116841204283187,0.0104650285454144,-0.0018252096832979,0.0178415567630496,-0.0025537466366226,0.0086832777373446,0.0469985687805605,-0.0192126012600279,-0.0106560897025168,-0.015748643446929,-0.0467587735365444,-0.0733110830070529,-0.0136040940777744,0.1128493567608184,-0.0131831416566914,0.0668941603369932,-0.0138936431435556,-0.0205195359181573,0.049519469802832,0.0163043155510371,0.0564571849290009,-0.0092793913328851,-0.0137245074109728,-0.0312418003986273,0.007506391373784,0.0448386891170902,-0.0506625277406144,0.0197154404353812,-0.0381690018258576,0.017946711249039,-0.0116378747211357,0.0414563349179266,-0.057637400348926,-0.1124581531641915,-0.1616704093237957,0.0120094996501571,0.1026411934769684,0.0130542255772303,-0.045458160859875,0.1052792387424692,0.0683484570945989,-0.0436088119889326,0.0108055219527485,0.0658795665465641,-0.0259227857909017,0.1237843314121602,0.0354992979822255,-0.0274257774998291,0.058219306905634,-0.0077216601970416,-0.0170364674797054,-0.0370028598205481,-0.0677709985485184,-0.0675491841483864,-0.0677709985485184,-0.1218707998871164,stop,932,9,96.98639575667602,-0.0446380561050447,0.0026902913302127,0.0518738478630083,-1.0,0.0602690073215069,1.1620991680492505,3.601213955220792,23,5,-0.116625303748025,-0.0443079221447966,True,-0.0202662792414819,0.0,-0.047215015359878,0.0,-0.114134575936036,0.0,1.0
G2025-54,Falling Wedge,bullish,1,0.7814487102485645,3,24,924,925,2025-09-10,2025,1,746.7768561470773,691.0682172116021,798.3137729596788,653.3530671239523,1.1088027738397517,0.0806123585892206,True,0.0070912093647466,-0.0005518809299926,0.0098391803060069,-0.0002373963619428,0.0164944763070342,0.0082093190725216,0.0098519998912371,0.1039760535716629,0.0028693187475343,-0.0146492675839875,0.0375112085595972,-0.054083217426893,-0.0241304553365574,-0.0129036060503165,-0.0769134825461647,0.0321487283450587,0.1092461662853183,-0.0097745487507848,-0.0063252728894565,0.0691315424447491,-0.0058632287852368,0.0418898529995859,-0.0047231591752017,0.0614875468644184,0.0296979613481487,-0.0403459687541585,0.1139070176231593,0.0218983133652501,0.0845369881899682,0.1049983777583056,0.0403701165748628,0.003024415982832,-0.0110316707522996,0.0879200477048278,-0.1148779708475388,0.0897472089906932,-0.0272844280472909,0.0213228244207179,0.3030628614801101,-0.0036272140536086,0.0538873726208151,0.0590225008745812,-0.0687716743802433,-0.0532429651591542,0.316034166606939,0.01246003085448,0.01149527016992,-0.0375851786383829,0.0959389338818677,-0.1173176407801769,0.3960205148886611,-0.0703539755788261,-0.2625033693694895,0.285316268851608,0.2212184269886214,0.0443852459090101,-0.1332452563597945,0.1198941558504784,-0.0617141218285899,0.0528416990469897,-0.0617141218285899,0.035347619503234,0.1759216534491383,0.6657319439831211,0.15224600488809,0.0523761025162075,0.2646480284788934,-0.0612011367984737,-0.078196578614679,target,941,17,798.3137729596788,0.0690124719163114,0.0830977898406717,0.0248976468459012,0.551646613260833,0.6642366671151276,0.1990176873733953,0.551646613260833,54,3,0.7484505323175488,0.2749563504550061,False,0.0070085351393996,0.6666666666666666,0.0624184187021954,0.6666666666666666,0.0163600191739123,0.6666666666666666,0.0
G2025-61,Falling Wedge,bullish,1,0.6795568371656544,3,37,762,763,2025-01-16,2025,1,131.1691654859079,129.2867591488871,139.19814122848152,124.6771652420876,0.993146150297984,0.0145599313449646,True,0.0133102674937679,-0.0051332220816648,-0.028570761658937,0.039909746443806,0.0215441581710467,0.0091078694080586,0.0729230812684891,0.0085208061026653,0.0044422450836478,-0.1204492072805371,-0.0059703397239687,0.0384086343162579,-0.0118203954685282,-0.0015677463875194,0.0296454806716737,-0.0083868026346998,0.0398968145836151,-0.0049900246063642,0.0323335918881471,-0.0176275880242304,1.4025472659717764e-05,0.0198276127280891,0.0074507074760993,0.0238017320132128,0.0024603545527093,-0.041852240986676,0.0299839595691349,-0.0500010924592725,0.0037214443979807,0.0571065841570184,0.018938936483736,0.0400327290785154,-0.012311019500701,-0.0691675860048134,-0.0152939233836606,0.048869176922563,0.0039797691309724,0.05507434152261,-0.0304263394851947,-0.0187264296748091,0.0260635963900457,-0.0314060714054614,-0.0066933951427503,-0.0039076872120458,0.0809129654563194,0.0195568461205373,-0.0723280489988841,0.0218461292504121,0.1276447558807327,0.0691528082914987,-0.0841828815589527,0.0826093074985547,-0.0160816115691101,0.1815140151257586,0.0893467031808257,0.1080600804592106,0.0959656236641246,-0.0034698956652952,-0.0031460806292266,0.0054839291109667,0.0105827401047302,-0.0418139643975896,-0.0175982133618869,0.1078803019744873,-0.0922362498899451,0.0990637883419141,0.0967647382832661,-0.037553645089473,-0.1112273614866136,target,771,9,139.19814122848152,0.0612108471745687,0.0615415608750908,0.0077081284920731,1.2367491437198157,1.2434311274664356,0.1557407183904241,1.2367491437198157,61,6,0.1635855866759703,0.1014305814277065,False,0.0133171388866855,0.8333333333333334,0.025680092037695,0.6666666666666666,-0.0710524010202053,0.3333333333333333,0.0
G2025-50,Falling Wedge,bullish,1,0.6354042372167131,3,23,968,969,2025-11-11,2025,2,103.73191063006604,102.57335287687856,108.93268688617157,100.97696497410176,1.0758199115615772,0.01129491939859,False,-0.0220963648802704,0.0139876126072912,0.0003461465354459,0.0714945462786456,-0.0336244113232151,0.025808325395672,0.0244900128078602,-0.0032368165491554,0.0007625675127989,0.0171021632730612,0.0310545227393101,-0.006710746271817,-0.010241423258414,0.0004225695598285,0.0081234836797807,0.0083895922463925,0.0320511327264254,-0.0238316519097787,-0.0163898222302235,0.0058800410535431,0.0005152254723732,0.0251324422737104,-0.0299732598808826,0.0482520529078502,0.0441922743173868,-0.0110263554488053,-0.0385016087861637,0.0285966819843597,-0.0724941971749913,0.0053196119005598,0.0326437247843722,0.0155207981483502,-0.041630173474889,0.0030250613446471,-0.0136930438678367,0.0127750386349998,0.0491314155022368,0.1285287936257282,0.0379989872442685,0.0971515774827638,0.0531265818516997,0.0540252893329218,0.0030250613446471,-0.0163112287990153,-0.0644665872093669,0.0351147814868259,,,,,,,,,,,,,,,,,,,,,,,,stop,975,7,100.97696497410176,-0.0265583236559588,0.0113548340216735,0.0268527760856937,-1.0,0.4275433257296672,1.0110870111212331,1.8877963145465797,50,3,0.1192664597669639,0.0669630833469985,False,-0.0221510224767506,0.0,0.0481712041979468,1.0,0.1259489168189186,1.0,0.0
G2025-36,Falling Wedge,bullish,1,0.7384863955517876,13,137,839,840,2025-05-08,2025,2,146.08304774814812,145.45854273603135,174.5791414511582,128.20946338342588,1.2133664019409884,0.0042933539713103,True,0.0508627130532131,0.0085311098343443,-0.0179942120814796,-0.0073733490147562,-0.0233830534926409,0.0058698391393545,-0.0159521260285468,-0.0453240653563089,0.0270990924881748,-0.0247534380509006,0.0654906847235965,0.0056732375251378,-0.0232318014929285,0.0324736076567835,0.0233123616281742,-0.0127730775709129,-0.0440223938909767,-0.0205619090360522,0.0303272339872848,0.0387051294267897,0.0013919018488262,0.0102593522831015,0.0506010623186271,0.0247706680371895,-0.0328836258238556,-0.0539050846476977,0.0752984885106149,0.1404132702570502,0.0885790014455634,-0.1133918341498103,0.0048816166986025,0.1093138813430099,0.0430559466195696,-0.0109601562092065,0.0498227144068923,0.03124902781907,0.0927266956444277,0.1292830447920527,-0.0715025137741286,-0.0361190437843451,0.070735507863797,-0.0110945488554558,0.0708996413064813,0.0233633488466591,0.0697689192400892,-0.0103502281314722,-0.0302702641378648,-0.1420949239157333,0.0995332183432204,-0.0794489511792044,0.0897566176654844,0.1277917293019974,0.1480919733193719,0.2673610205444945,-0.3142388341720699,0.2243724973162342,-0.0093263823174734,0.010187265785704,-0.0527172607033815,-0.1758737452226577,0.1216179471918743,-0.267118576942192,0.2109261175083134,0.0530097287663458,0.0129052825556643,0.0169789241793074,0.1455012139872522,-0.316564993541381,-0.04590750375721,time,899,60,141.66107530674736,-0.0302702641378648,0.0654144724320124,0.0795797298013998,-0.2474026670402254,0.5346406912407853,0.6504151171439243,1.5943133241508003,36,3,-0.042704783677226,-0.0316997475320223,False,0.0511867933757523,1.0,0.0254665716653102,0.6666666666666666,-0.0318897930737071,0.3333333333333333,0.3333333333333333
G2025-19,Falling Wedge,bullish,1,0.6234857208097629,3,32,754,755,2025-01-03,2025,0,134.3713273965367,127.96322593595836,155.50796549182903,123.10508332569378,0.7210244923450226,0.0500776798467508,True,-0.0333027413243015,-0.0083476493932022,0.0038589286406442,0.0535329047530421,-0.0250301391171833,0.0303109454697576,-0.0266155823596875,0.0074164923085644,-0.0200210759205244,0.086347396561889,0.0588107272235178,0.0506534734445287,0.0398132164271072,0.0252310263721755,-0.038935667340983,-0.0092422712839189,0.0127745076289818,0.0694983602089864,0.002863236605477,-0.0515295581310639,0.0894188644416327,-0.0538126039642977,-0.0485699004227338,-0.0383507632829166,-0.0475916064923626,-0.0098257579510195,0.1043832141106919,-0.0577105967452167,-0.06133751098891,0.0107208208451112,-0.0414769359948434,0.1041184305258668,0.024911925452923,-0.0625557043591733,-0.0130520830204461,-0.0376833496976184,0.0414402579871087,-0.1615677429409689,0.1101419316393508,0.0383357779275634,-0.0333145858371779,0.0465857077493412,0.0134815456594927,-0.0066390299425871,-0.1200054960320077,-0.0327983042022906,-0.1586247549905373,-0.108224927145262,0.1789158805061579,0.2742008671495772,0.4505086606386004,-0.1512654388443444,0.0550793769456003,0.0957481570364313,0.1968569247924183,-0.069759254427079,0.3337837615733467,0.1483211580325099,-0.117440828495999,0.0468546885851011,-0.117440828495999,0.024558217328594,-0.0715805857879471,0.2942828746235848,0.3555026382828872,-0.0613547749253101,-0.3070528314782166,0.3949957925237537,-0.2563104777687207,stop,792,38,123.10508332569378,-0.0838441078846803,0.0929039813183804,0.0981502737841397,-1.0,1.1080561730844714,1.1706281605278233,1.876103336869296,19,7,-0.1003530461458689,-0.0236991566897918,True,-0.0335822295178991,0.0,-0.0390685341143942,0.2857142857142857,-0.1643253699821853,0.0,0.7142857142857143
G2025-13,Falling Wedge,bullish,1,0.6949939066596331,13,127,786,787,2025-02-21,2025,10,99.4188117742879,96.89496003971648,136.22504427781658,91.34604354450798,0.9368006059601754,0.0260472963045439,True,-0.015954654561903,-0.0029319317621073,0.0382300495516487,-0.0004435891517592,-0.0641582132560635,-0.0480719201014581,0.0008750053475468,0.0024379942815389,-0.00299366890738,0.0448691107072229,0.0126391837551591,0.0040302222717139,0.0343224612526587,0.0214522587944745,-0.0147956082032452,0.0526164995240907,0.0101709320841809,-0.0258620481149824,0.0314450366804326,-0.0085002037443624,-0.009146185637933,-0.001264410405342,-0.0198472998983101,-0.012667777821274,0.0477013907939186,0.082671520229099,0.0874953442898729,0.0443333507347571,-0.0782050751222684,-0.000998549783436,-0.0127573579663521,-0.0078707841738152,-0.0777039974158015,0.0679056518037253,-0.0576745194078265,-0.0595911283640607,0.0322155723255104,0.0925544221408503,-0.0178553883041304,-0.0050282988604236,0.0120442572928332,-0.070953523170161,-0.0797331629809935,-0.0882068142413441,0.0770232956434762,-0.0096510185547495,-0.0848331237251079,-0.0758955878230687,0.1138123315364789,-0.0547663435822128,-0.2150914401529965,-0.0900041943036733,-0.0760272527642695,-0.0850737188745206,0.0315060603795993,0.0269718233710614,-0.0139354556948598,0.1863335819663216,-0.0625264470206199,0.0143236400669768,0.0147253638650337,0.0901077201056719,-0.2110128298433826,0.2210311479348015,-0.1968281349506494,0.0277660308829845,0.1429639226556782,0.0556701616063672,-0.0808304220842975,stop,815,29,91.34604354450798,-0.0811996048404567,0.0219814075125361,0.1205483462021187,-1.0,0.2707083064717596,1.4845927691270848,4.559307471228127,13,5,-0.1201881216838295,-0.0868455888193534,True,-0.0161464464761693,0.2,-0.0127249015119972,0.4,-0.0832127549512089,0.4,0.8
G2025-33,Falling Wedge,bullish,1,0.688603183866782,5,52,923,924,2025-09-09,2025,3,135.14772307103271,132.755763475712,149.45502262796828,128.7942558429609,0.9560494190343012,0.0180177457663321,True,-0.0148988630920782,-0.0246598654224184,-0.0146938187026772,-0.0069160523721214,-0.0146975567068194,0.0272746965555306,0.0085184636798583,-0.0359955949319392,0.0020690377408238,0.0272875968972399,0.0280329518218656,-0.0085253331582735,0.0191286629869771,-0.0051164482232933,-0.0053492148031637,-0.0689402341357674,0.0233187572482811,0.0205782396119047,0.0266841110147886,-0.0326846466762842,0.0425156375719566,0.008332222432716,-0.0169399369846583,-0.0520984372184523,-0.0786507466889607,0.0210262485450232,0.1419496031594542,-0.0267241526294643,-0.0303212206167921,-0.0267241526294643,0.0902239831925693,0.0304840557110157,-0.1118119800688967,0.0379246216166349,0.0638590529814908,0.0099900873112854,-0.1536910882375252,-0.0478670820999452,-0.0027225502097452,-0.0517380425201695,-0.0007440445835446,-0.010234180252336,0.0250000760724213,-0.0553815731272043,0.0219170278656679,-0.048319171692476,-0.0828479467161639,-0.1320602028757681,0.1377698943521423,0.0778862685153198,-0.0601087089915626,0.0586777968802998,0.2029828666368693,0.0248082939419953,-0.0551046773296067,0.0943755616488939,-0.0258032936523945,0.0234706156626212,0.0565189392285114,-0.1067272613594016,0.1537779497212197,-0.1178797284927709,-0.0004802255913858,-0.0998985964217692,-0.0981866106628938,0.026904115945832,-0.0774173100427213,0.1095507790008634,-0.099103780165667,stop,930,7,128.7942558429609,-0.0470112783530397,0.0190679301814315,0.0662976655306501,-1.0,0.4056033115763719,1.410250217677039,2.2518884639431027,33,7,0.004023053220848,-0.0291869553452017,False,-0.014717106125315,0.4285714285714285,-0.0471576636150098,0.1428571428571428,-0.0830572215275903,0.1428571428571428,0.4285714285714285
G2025-53,Falling Wedge,bullish,1,0.6292496708039045,3,14,766,767,2025-01-23,2025,1,80.80828281357127,79.0265402982892,85.49384614920297,76.92743148080888,1.192208645500526,0.0225461282824326,True,0.0358078375846135,0.0436300799564668,-0.0462748534684349,0.0153152742167756,-0.0074696204538678,-0.0287025641174807,-0.0114198809466665,0.0632507657378473,0.0081095549066518,-0.0128721479518992,-0.0270369077170887,-0.0157835312155734,0.0349663265126625,0.0088359129939175,-0.0207988375907582,0.0670487470238767,0.0730817232896972,-0.0519675568077142,0.0373937621691411,0.017420821833916,0.0632938052468192,0.0979185571905667,0.0225923700419941,0.107068289761953,0.1232536930509125,-0.0954144665643806,0.1306210742081692,-0.0330408497015609,0.0224627771449676,0.0545623999200248,-0.0066408420958687,-0.1915118074742917,0.0435012170093318,-0.0170474752855183,-0.0392324008235042,0.0691364305042041,-0.0162660121822187,-0.0180300196318883,0.1259717218235998,-0.0112058474086417,-0.0416826273622786,0.0807182931257111,0.0781213882977653,0.0971904028778638,-0.0245662557270547,0.0966859347292314,-0.0718123007164772,0.0829641097466437,0.2084391750445904,0.0238636112257528,0.005665643430774,0.0788615216786443,0.0950041943153923,-0.0195607557766791,-0.0123231132117513,0.1060954222590124,0.2199370277495054,0.2250482085323704,-0.1269752011713136,0.3616938746283817,0.0484740549499254,0.4100733435596677,0.028381611856362,-0.2765702256901903,0.0133495361244653,-0.1642507819871776,0.1002759717897903,0.0830370908089117,-0.1422383112222989,target,774,8,85.49384614920297,0.0579837013297452,0.0719886342722012,0.0083312571041229,1.2073545039140974,1.4989695349886158,0.1734760037260526,1.2073545039140974,53,4,0.2034907625682709,0.1813003674274331,False,0.0358131499603445,1.0,0.1072529030924399,1.0,-0.0742942395957783,0.0,0.0
G2025-11,Falling Wedge,bullish,1,0.6868765465503898,8,101,825,826,2025-04-17,2025,6,146.4912873111614,140.30212621333092,160.82124629551186,127.0398096600282,1.5574423891227385,0.0441130955379807,True,-0.00640743378501,-0.0629735259923628,0.0007314443787735,0.0239473319960599,0.008737487841095,-0.0180086333789474,0.0074216153074129,-0.0015587035859031,0.0152275316151071,0.0206679270114418,-0.026232305912458,0.0126816457054441,0.009718708430314,0.0031441427740979,-0.0032165940780278,0.0199448177019896,0.0152137889282255,0.0011376021638782,0.0458772082721055,0.0097320936422968,-0.0016743660546417,-0.008120036238268,-0.0131760691110098,0.03157981777375,-0.1085692631848562,0.0383569100049197,0.0120051539926753,0.105681759527487,0.1153280622887118,0.0166429046856475,-0.0149563464209069,0.007304876990928,0.0243038595288787,0.0265444587989922,0.0497879083882972,0.0281670606340984,0.0279190458635636,-0.0306036786515894,0.0437241714143097,0.0479826836125532,0.0730309625200984,0.0326747748665581,0.0368451681162904,0.0059748775307479,0.0060812327681221,-0.0010599745492691,0.1180372456041487,-0.0832549067137153,0.0305945170159662,0.0630256746001263,0.0063027255500649,-0.0856744263933587,0.1054554238951823,0.0219017450530392,-0.024550868450866,0.1549296732107907,-0.1181104103452479,0.0899099869913571,-0.0138940477338734,0.121778202962496,0.147916649529906,0.144093317706071,0.0956402073889972,-0.0514670857757644,0.0214702605822998,0.1547020078843179,-0.0174691031769445,0.0011863071434448,0.0756502077222485,target,877,52,160.82124629551186,0.0978212373402949,0.1047880791233524,0.0608068326383145,0.7367028480489551,0.7891709247471717,0.4579431624816482,0.7367028480489551,11,7,-0.0788432893676215,0.0085484625613787,False,-0.0069996012181782,0.4285714285714285,0.0315076136164143,0.8571428571428571,0.1164261147726723,0.8571428571428571,0.5714285714285714
G2025-11,Falling Wedge,bullish,1,0.6755406648556951,3,13,986,987,2025-12-08,2025,2,184.3832718539214,182.41480952241056,192.4686205065666,179.03212576758727,1.1222882718262754,0.010791132236821,False,0.0313202703163169,0.0348627467637493,-0.0207013951176812,-0.02442387087702,-0.0029259427113278,-0.0340978619860431,-0.0025420325710271,-0.0078688370214651,0.0111438424604211,0.0046870047574198,-0.0304678924635761,0.044113118375467,0.0109354370132206,0.0024967785595255,-0.0216326955519218,0.0313202703163169,-0.0570213457547493,-0.0142656223108714,0.0057524666633308,-0.0009318877188505,-0.0058800470818872,-0.0154718654741154,0.0377093892410586,,,,,,,,,,,,,,,,,,,,,,,,,,,,,,,,,,,,,,,,,,,,,,,target,996,10,192.4686205065666,0.0438507711212048,0.0562228717620531,0.0140969536086117,1.5109564422645338,1.937259211626672,0.48573565131529,1.5109564422645338,11,7,0.2021467415542577,0.124977800293309,False,0.0312758317087601,1.0,0.0718511708119635,1.0,0.2505581586772091,0.8571428571428571,0.0
G2025-43,Falling Wedge,bullish,1,0.7483953398747144,3,51,772,773,2025-01-31,2025,2,98.34279836892576,96.50075710954712,128.68286871952853,96.61712872622934,1.24613562260367,0.0190883606984302,True,-0.0083914375287481,-0.0220584969168631,0.0156659471429638,-0.009240918570323,0.0802617474739386,0.0691765091397353,0.156100090158062,0.0610494470393754,0.0158163311934098,0.0365700063960683,0.1435114518187139,0.0060228309837868,-0.032571428831727,-0.0451761998051687,-0.0467788768259556,-0.0346361919907068,-0.0419784902231689,0.0041619530194443,-0.0554546911178553,-0.0081382428110829,-0.0356277942191359,-0.0245851584638369,-0.021098853604075,0.0377552318546943,0.0527720405379878,0.0097550167801325,-0.1968621486741734,0.2163215000484122,0.0539239830404016,0.0608376060700901,-0.00941614263479,-0.0356750365461657,-0.00941614263479,0.1042192689817032,0.0327677009293456,-0.0146918522853581,0.0140293427073616,-0.1117851000555851,-0.0573876810768446,-0.0379340778742041,-0.0410706073829251,0.1871733073472032,-0.023759136881019,-0.0730444598628283,-0.0316442854896293,0.0359381791293774,-0.0727547684481856,-0.0108613121531132,0.1928963832804326,0.1160797876846633,-0.0814591567294882,0.1541580686122727,-0.0357491838962421,-0.2462989299535768,-0.1005462939625085,-0.1243621950994263,-0.1760092285797133,0.1087972782009916,0.1393179669331345,0.1832803404676992,0.3602853916179362,0.167429196254548,-0.0412433248780083,0.0884288575959699,0.1221715362712079,-0.0183532976392337,0.1444768427828575,0.0398370862131234,-0.1224116247070176,stop,776,4,96.61712872622934,-0.0175474937801006,0.0329238943209491,0.0195408408422005,-1.0,1.8762733147844612,1.1135972513841508,17.58162141810375,43,3,0.0054256352756403,-0.0360252489120058,False,-0.0076091671577241,0.3333333333333333,0.032681673292433,1.0,-0.0775020433950419,0.0,0.3333333333333333
G2026-12,Falling Wedge,bullish,1,0.6758207260927505,5,67,849,850,2026-05-22,2026,0,125.16121730937306,124.02845931110132,131.52806343467063,117.67455526634932,0.8206182068770452,0.0091330490160361,True,-0.0377440025839526,-0.0491171168954909,-0.0084172207290198,-0.0004350325494635,-0.0173274806066147,0.0293583754698096,0.0187021097446191,0.0148303893898109,0.0020279321354783,0.001228579350329,0.0233547161827316,0.0193560791792579,-0.0085804880116909,-0.0395931952807231,0.0016191872569413,0.0165758265954036,0.0329014816367609,0.0258546079620574,-0.0028848659520201,-0.0124320705133729,0.0261676958766012,0.0358679650565874,-0.0456527321936267,-0.0065709940596749,0.0128155930331672,0.0542119436960284,-0.0395412419791916,0.1297725456234519,-0.0630923167684556,0.0056726601186771,-0.015944335889127,-0.0160192825129574,-0.0105856230462884,0.0262638104794217,0.0906127494599262,0.0931463154756977,0.0558443938692401,0.0326718251683249,0.0525645329886643,-0.0496286405597589,0.0706244189068951,0.0896717465021565,0.0032415970059187,0.0180319464148637,0.0268077860730606,-0.0342873356110024,0.1897512706610808,0.1617099781405133,-0.0639363914001786,0.1654647046721955,0.0676626946133904,0.1037137538484813,-0.0700063375095416,0.1334934567223911,0.0930635464315638,0.1273481225509318,0.0276721382028597,0.1119564813865898,0.1574953108289738,-0.0120656492311478,0.1327382797751015,0.1477555929523999,0.2378885713850365,0.0909870668749184,0.1757820740447142,0.1373916277544165,0.1218764444911508,-0.0942015209176549,0.1001472722872512,target,873,24,131.52806343467063,0.0508691610881351,0.054991392666879,0.056663768182372,0.8504252080178183,0.9193402357647308,0.9472988312128248,0.8504252080178183,12,11,0.1387824910889927,0.1029560450041724,False,-0.0376479952710068,0.0,-0.0068452444094483,0.4545454545454545,0.1874482215263944,0.9090909090909092,0.0909090909090909
G2026-29,Falling Wedge,bullish,1,0.7261582877143797,5,80,860,861,2026-06-09,2026,0,162.86116919096213,158.613470963258,198.8855452506301,145.56244750115113,1.0969588631805427,0.0267801858310514,True,0.0354397773694095,0.0123415339433339,-0.0122441220550869,-0.0205809184510055,-0.004415634351562,-0.0042767892750589,0.0337702182653016,0.0142858393171025,-0.0231887147063304,0.0166365542854225,0.0038589842516769,0.0013880237765282,-0.0339574177714755,-0.0179815484999046,0.0203765088892835,-0.0005600420954801,0.0176057961451057,0.0066245527381325,0.032497587503059,-0.033011432289468,-0.0261086989894483,0.0070662664307483,0.0365505267135324,0.0247843606927284,-0.0028361241901564,-0.053455614590148,0.0612017562776765,-0.0282974374830023,0.007523230673794,0.0457139747669199,0.0206946460440713,-0.0200125548731664,0.0397355246579704,-0.1052124413868298,0.0032037261520427,-0.0232823431308959,-0.0671171705893175,0.0864100633142499,-0.0369375355136836,0.0667084766159302,-0.0147878109300054,-0.0450478204286504,0.0768688035932718,0.0721584638068677,0.0398998137976707,0.0184859731539901,0.0195860464147523,-0.0373711438725521,-0.0088813379062818,0.1631347027480916,0.1147251446371333,-0.0473305317078668,0.1349756805824777,0.0507662984697103,0.0153367924647758,-0.0494806384428692,-0.1572170526035565,0.1319148960264069,0.0138156458869136,-0.0401667494026252,-0.0758988126427732,0.0168529472895189,-0.070474404807532,-0.1495359647576781,-0.0534176547501492,0.1564227636600101,0.1688909170019075,-0.0585531745742395,0.0067920730561836,time,920,60,166.05097560989714,0.0195860464147523,0.1340977078277931,0.0251221648282208,0.1843954990508814,1.2624811170599874,0.2365160391557701,2.0824877528890697,29,9,-0.0392607308805568,-0.0506606984729204,False,0.0352601924660549,1.0,0.024330253923932,0.7777777777777778,0.0202352075937854,0.4444444444444444,0.5555555555555556
G2026-56,Falling Wedge,bullish,1,0.6424336238592774,13,167,783,784,2026-02-18,2026,12,118.61289346492624,110.2002262341419,146.17623468761624,102.83369457551365,1.8456486394183744,0.0763398362986114,True,-0.0254622921214681,-0.0390765749858593,-0.0164986087159664,-0.0117035437380897,0.032288571816619,0.0053761759316495,0.0117200402796622,0.0349733171306978,-0.0308040340248806,-0.0314357733128525,0.0404684709130449,0.0120225461028833,-0.0963178668744195,0.0684339184813678,0.0528887998241209,0.0147597047003846,-0.0072795403237271,0.0029663158599393,0.0049095511110033,0.0016150819427711,0.0360323979430603,0.0267305231916739,-0.0330195945334152,-0.108873254464561,-0.0761023523838777,0.0413919532413584,0.0959694020378496,-0.051636097131087,0.000231589571469,-0.0185141219711176,-0.0428292649069812,0.0188493962355433,0.0892778943758851,-0.0148965108782616,-0.0825675694517372,-0.0114957339938881,-0.0156433411431121,-0.0292686959780658,0.0611731601579161,-0.0152706278397269,0.0203225912712021,-0.0690633690197342,0.0533904043135766,-0.1177171738038667,-0.0402913425168639,-0.1024438815930789,-0.1681938667765246,-0.2652534601822607,0.1642262269916257,0.1694989545362335,0.0850673009180942,0.0276823498239198,0.0121948150738215,-0.0821455622405664,-0.0688448001845228,0.1666240613835337,-0.09682638342281,-0.011484970152128,0.0370375929889483,-0.1072102749803338,0.1402819185859145,-0.0608388542343109,0.075266127431778,-0.1135352603724489,-0.116803056144385,-0.1133229678951548,0.1500291548161709,0.0461220694150272,-0.1833447888934449,stop,810,27,102.83369457551365,-0.1330310595119112,0.0083652672111512,0.1354135151879144,-1.0,0.0628820610904195,1.0179090182754646,1.7468149945929303,56,4,-0.060594912619322,-0.0364316404426316,False,-0.0256513123578026,0.25,-0.1105005369329162,0.0,-0.1709698772849457,0.25,0.5
G2026-56,Falling Wedge,bullish,1,0.7228983095671864,8,103,876,877,2026-07-02,2026,3,102.40926341005516,100.2191225358706,128.67905462802722,92.63483558029078,2.2321463347524912,0.0218535227486216,False,-0.023979052972795,-0.0322730162359463,0.0026884439113474,0.0156030286792894,0.003411975527257,0.0108528343904357,-0.0100921052207413,0.0074731940140491,-0.0064692085218881,0.0758207133645616,-0.0303052886612635,0.0017427734962549,-0.0393223612896533,-0.0313347813799258,-0.0064226868656875,-0.0234451202808563,0.0660709730807145,-0.0721536228750867,-0.0222092198629636,0.1343867769773403,-0.0207395449650457,-0.0154185004617207,-0.0259859666256158,0.0517277674020424,0.0540115521067497,-0.1073269919476265,0.0921212479534645,0.0257419635463456,-0.0689393621198343,-0.0891043789341716,-0.09746449200563,-0.0975787628609473,-0.1073269919476265,-0.0956715929800935,-0.0550331977505598,-0.0934573301222956,0.0168802636678548,-0.0198892550596176,-0.0267127042966549,0.0457140859940259,0.030838986879297,0.1031579152742909,0.0240615857494259,-0.0700020064578968,0.105135172795068,0.0759705596332015,,,,,,,,,,,,,,,,,,,,,,,,time,928,52,108.10238542763317,0.055591865696585,0.149743309238245,0.0704948186510049,0.5824506678786567,1.5689002227808615,0.7385928443086031,2.687603988233173,56,4,-0.1067270138131237,-0.0710853042071602,True,-0.0240654233706162,0.0,0.0497061659189363,1.0,,,0.5
G2026-58,Falling Wedge,bullish,1,0.7137764231318846,8,69,840,841,2026-05-11,2026,3,119.65181809507318,114.62931128512064,141.6496643412362,109.20896394674352,1.2381945762079791,0.0438152053226588,True,0.0064493279744388,0.0040609161318714,-0.0177920481055401,-0.0009136470576875,0.0153166691260473,-0.0665868122915276,0.0182401392157689,0.0035831146176841,0.0420286962819191,0.046860056375424,0.0331323212588487,-0.0259427757028054,-0.0143057974273775,0.0236962768487281,0.0529162132124272,-0.0184129686772021,-0.0517226508238782,-0.0083683649898038,0.0163449823093735,0.0117878687848345,-0.0317199533218994,0.0334176346739905,0.0033713802590726,0.0405162415274302,0.040299113869799,-0.0054510323286991,-0.0492881184150671,-0.0464020579953894,-0.0067353626527809,-0.0930901020014379,0.028152313475364,-0.009869419238357,0.0154357128597106,0.0175169980851246,-0.0037109321663516,-0.0494012572402132,-0.0996819339984624,0.0662677629955041,0.0319598685880044,-0.0065366779896729,0.0214898982264524,-0.0579775141388273,0.0379973689589501,-0.0429735742810137,0.0949362274141039,0.0483843331195832,0.050218289387037,0.0045534192895999,-0.1019101034743338,-0.0122470249005144,-0.1711124369086721,-0.0461378308711499,-0.1010135227626076,0.115408923789009,-0.0162501226696027,0.1575779153606971,-0.1384875789801566,-0.1572113431952865,0.1170449884406612,-0.1152134437227346,-0.1027212861950905,-0.1161648566394636,0.0875825389250608,0.0554969822967843,0.1074713481778317,0.0663718506855477,-0.1015053074484128,0.0929352447286155,0.069222542655228,stop,867,27,109.20896394674352,-0.0872770202290781,0.1337004125911568,0.1013683660399746,-1.0,1.5319085395013503,1.1614553954054654,2.106497508603196,58,7,-0.0396499344912124,-0.0512324509303728,False,0.0043162066538815,0.4285714285714285,0.0371389033278222,0.7142857142857143,0.0316180913804046,0.5714285714285714,0.5714285714285714
G2026-26,Falling Wedge,bullish,1,0.6982646428059585,3,37,897,898,2026-08-03,2026,0,620.7089297573598,594.7556593137269,793.7663299195583,535.4474886398607,0.8869777041741529,0.0436368616880076,False,0.0051859057911327,-0.0111164019464813,-0.0332257237124226,-0.0626440790071036,0.0150265590023814,0.0579918541122208,0.0399834571341624,0.0503522174249666,0.077328834660032,-0.0348400286250552,-0.0332314477472054,-0.0103377865020716,0.0455144139121104,-0.0638977182279453,-0.0103377865020716,0.0216128625483105,-0.0321010432781687,-0.0827511788358831,-0.0102734635830363,-0.0902941713043683,-0.0304427202529248,0.0289040246056999,0.0130690520000513,-0.0089225681337518,-0.0173629174086208,0.0872267301066906,0.1104740786696301,-0.1242486147646746,0.2248491616967363,-0.1111321886567403,0.0777141635324536,0.102145630062135,-0.0100186825278899,0.2145024472562162,0.0775852141415209,0.0452827432026214,0.0404428054622412,0.0205740537027745,0.0551365588691059,-0.0887349708828137,-0.0400204436946128,0.1007042166534244,0.0443200108371912,0.0087882783841115,0.0001912644850017,-0.0507116909605079,,,,,,,,,,,,,,,,,,,,,,,,time,928,31,592.718034243335,-0.0450950424137875,0.0868185621853762,0.071026263315559,-0.328294890951356,0.632044874105435,0.5170758939730928,2.029726426084067,26,18,0.4351698848949725,0.22084793969698,False,0.0042978732716855,0.5555555555555556,-0.0108322242305334,0.3888888888888889,,,0.1111111111111111
G2026-46,Falling Wedge,bullish,1,0.7928203768800716,3,37,814,815,2026-04-02,2026,2,140.08079038275434,136.2741008715135,159.82017154619547,128.4897395869557,0.9659829378078452,0.0279340644105954,True,0.0555836901157835,0.019600408203962,0.0440317306588287,-0.0069916042604639,-0.051550853629381,0.0093787093119128,-0.0203545011413841,0.0216349426259598,-0.0256051772109423,0.020506055224045,0.0466932525825276,0.0105673808551052,-0.027876345450582,-0.0275678189720768,0.0669363144658905,0.0440317306588287,-0.0044533455407514,-0.0171809017597563,-0.0306430258813272,-0.0107409066760021,0.0192848542269581,-0.053390194848478,0.055248175353838,0.0969411009478034,-0.0018452328450166,-0.080321645091232,-0.0822980438839985,-0.0157244181668764,0.0696463864773029,-0.0307076179160352,-0.073467436058529,0.0813109923077124,-0.0718207418314714,-0.0307076179160352,0.0526767453245404,0.1651273514115316,0.0435232015605779,-0.0358184795718918,0.0272199068599519,0.0596345874259387,0.0546766978749382,0.0278210443226152,-0.1122916630186621,0.0156923178470225,0.0648861169827454,0.0904882167007961,0.1395253288663085,-0.0020199221623551,0.2616419584324061,-0.2048212747335682,-0.0208755577772816,0.0261070662298299,0.1943826007748434,0.0235969218093254,-0.0532242817394462,-0.0886112853485485,0.3103715791773096,-0.0673652776892699,-0.0758517975063198,0.0102358072656829,0.3448759864214554,0.0306042220176454,0.2712306391250336,-0.0405223694256007,0.0323626810262229,0.0685627769594949,-0.2048987324882227,-0.0027431370352307,0.0987724025915204,target,837,23,159.82017154619547,0.1409142617592718,0.1597397639642098,0.0183189186986449,1.702984613836388,1.9304955854193844,0.2213887813513625,1.702984613836388,46,9,0.2943900345393428,0.2230150071714793,False,0.056701108309224,0.7777777777777778,0.115759048519409,0.5555555555555556,0.2042586159424436,0.6666666666666666,0.2222222222222222
G2026-46,Falling Wedge,bullish,1,0.6105364848431355,3,36,897,898,2026-08-03,2026,0,154.75788397331746,147.0611621889425,177.24281605486556,141.42833083830877,1.15690771138397,0.0523368758264422,False,0.0534327834334793,0.0371304756958652,0.0272047083745883,0.0097789316504628,0.0595356902236012,0.0533641938604039,0.0066425129259732,0.0092427961590753,0.0012198373182394,0.0670170568900803,-0.0190206113903802,-0.0275398651170492,-0.044698361097793,-0.034584794109281,-0.0400059673464918,0.0683511049728462,-0.1264340171085745,0.0132249424873964,-0.0088330551055505,-0.027793808391431,0.0534327834334793,0.0095186960347786,0.0509516447002606,0.2043298742869244,0.1958895250120553,0.0380428654206281,0.0814488950274332,0.0113719813134405,0.1214710904323514,-0.0634517555787165,0.0081446973256866,0.0346602481781677,0.0030438166235706,0.006864585663195,0.307284948009243,-0.0650226239387231,0.045264607133868,0.0798729460550571,-0.0151041400258427,0.0795039960814278,-0.0356957307263964,-0.0455752159279384,0.1051133033506723,0.0230203668234771,0.0766119570939343,0.1644863323701975,,,,,,,,,,,,,,,,,,,,,,,,target,909,12,177.24281605486556,0.1452910281806698,0.2659926028203258,0.010260733680696,1.686848152658152,3.0882094807000326,0.1191284821295126,1.686848152658152,46,9,0.0981194087230723,0.0885106502774171,False,0.053149690086043,0.8888888888888888,0.1828191088690372,0.5555555555555556,,,0.3333333333333333
G2026-1,Falling Wedge,bullish,1,0.6545949093691156,3,27,814,815,2026-04-02,2026,0,162.58632044692231,162.2591986937167,174.8850144459223,157.73058060587977,0.6739052674471512,0.0020160444266896,True,0.0118794679272262,-0.0241038139845952,0.01813052419972,0.0083219795958717,0.004167249379064,-0.0192750479399351,-0.0436224265032541,0.0084531159577672,0.0078226741000035,0.0387708620307558,0.00742145411519,0.0204264216455665,0.0075372182176967,-0.0219650067103653,0.0346627164479371,0.0035256305983986,-0.0261486358780246,0.0285587373303235,0.0232441933309104,0.0065139501085245,-0.0205374384062976,-0.0093633811938338,0.0080472284059253,0.0291557878035702,-0.0696305459892498,0.0055555886660738,0.0210331677085189,-0.0699614539584069,-0.0485691955445352,0.0126675449597282,0.0037281879217516,-0.0030297197290697,0.0188356682372357,0.0190080010651751,-0.008259245916446,0.0119501622701079,-0.0189424981741053,-0.002193820536298,0.0810577634593963,0.0121043847849573,0.0255568047437082,0.0113553693881063,-0.0042060893057063,0.0364477639623423,-0.0142854501010284,0.0246631411084948,0.089221626621921,-0.0523236244067426,-0.0197298895236537,0.0352331948493676,0.0453388082123018,0.0577902074428169,-0.0054409199931735,0.1446236866455397,0.032359261444814,0.0538178867576197,0.0138796451857292,0.092180096014216,0.0765125052660544,0.0200777659671735,0.0039149232335466,0.0741630515482139,0.0831152720395906,-0.0595028616952389,-0.0565356912384787,0.0596295753411917,-0.0114777961076424,0.0774054281801281,0.0533539191434151,target,870,56,174.8850144459223,0.0756440884152673,0.0861454478433609,0.0182295163310192,2.532815678271472,2.8844361202632203,0.6103848395533372,2.532815678271472,1,14,0.0030663100211296,0.0149789958825512,False,0.0118760633907021,0.7857142857142857,0.0288575415638168,0.7142857142857143,0.089385451536556,0.8571428571428571,0.1428571428571428
G2026-1,Falling Wedge,bullish,1,0.7554429905992237,3,27,920,921,2026-09-03,2026,0,182.19113532809885,180.8204575037978,192.1552436172529,177.55696295898596,1.3760172523567362,0.0075803249434442,False,-0.0120397977397006,-0.0020398862869657,-0.0037711802092132,-0.017357865097737,0.0281590433042564,0.0122243219720541,-0.0218239549307457,0.0104694290675269,-0.0041225178832212,0.0182555625066733,0.0278070288494636,0.008231325872654,0.0165332237183335,-0.0224781519737047,-0.0195967071629645,-0.0109233283823342,0.0257732796976766,0.0045017475944943,-0.0095792523833411,0.0181347290658302,0.0199000411289729,0.004167249379064,-0.0162649989463875,,,,,,,,,,,,,,,,,,,,,,,,,,,,,,,,,,,,,,,,,,,,,,,stop,923,3,177.55696295898596,-0.0254357730455295,0.0073067194342271,0.0298713703838345,-1.0,0.2872615438559011,1.1743842158980335,2.15013760721668,1,14,0.0884142549703583,0.0808839558165033,False,-0.0120235735978627,0.2142857142857142,,,,,0.0
G2026-51,Falling Wedge,bullish,1,0.6498923310121976,3,47,813,814,2026-04-01,2026,1,82.84908058263582,80.61999044237825,107.31583566482146,78.12526181753381,1.035312375321619,0.0276493476124979,True,0.0382317259650615,-0.013576661862926,0.007392020838304,0.03329475850757,-0.0070347175343411,-0.0472941085280169,0.0147229795773198,0.0045285563428913,0.0415078444444316,-0.0030527178066356,0.0064052428106653,0.0169507459825992,-0.0716535632421069,-0.0090098897647914,0.0049807677779543,-0.0142259536575635,0.0048825561691825,-0.00379417263662,-0.0210787653448026,0.0087075282081279,0.040721186257332,0.0330141821713074,0.0362335019364211,-0.0001359928010683,-0.1118899670633962,-0.0426628751204034,0.0387904119037751,-0.0008816246226365,0.0044807016455215,-0.069834051902395,0.0839347982637945,-0.1970125199950931,-0.0125440169210525,-0.0075749421787039,0.0087133023117342,-0.0634406143620494,0.0347797633490842,-0.0241646269300418,-0.0881289312166583,0.0016422992938798,0.1127822684093362,-0.0096656708259785,0.0633253287811939,0.0599434222093062,-0.0442027875906135,0.0074500254738316,0.1834356741219285,0.0341689090549277,0.1865482164204337,-0.0671303729399142,-0.082051519850355,-0.0463839891308609,0.0371419181879248,0.0900533289614697,0.006038483821489,-0.0690634986088046,0.1610532003886862,-0.1267479271980064,0.0765014277289726,0.0092296692820512,0.1028086189561383,-0.1107749899914871,0.0092296692820512,0.0119580476804055,-0.1621597916084008,-0.0570327618465412,0.07138474803529,0.171492391872245,0.1728309306497891,stop,844,31,78.12526181753381,-0.0570171537436718,0.1137872692756933,0.060295654318429,-1.0,1.9956673001819576,1.0575002496528692,5.179444068205544,51,9,-0.0008718294057827,-0.0644385945278016,False,0.0384011384542764,0.8888888888888888,-0.0008668582517176,0.5555555555555556,0.1777935192328855,1.0,0.2222222222222222
G2026-9,Falling Wedge,bullish,1,0.7722140526082386,5,82,862,863,2026-06-11,2026,0,115.20896597990854,112.95313942367346,131.76546873571414,108.2439877269844,0.979331877384286,0.0199713488951709,True,-0.0051477715803537,-0.0158857655786585,-0.0006366997104774,0.02353546229593,0.0104983540859946,0.0071383118735517,-0.0033871640028707,-0.002084601957848,-0.0230841720460653,0.0120563244609388,-0.0274067205984954,0.029446431890324,0.0004226568355065,-0.0298590621779673,0.0005938734358894,-0.0095009118050957,-0.0319669718368035,0.0082777451346016,0.0273860563516328,0.0258119006863828,0.0229595655585554,0.000114563950631,-0.0071635187015695,0.0237242847661571,0.0096972129701322,0.0484738924522485,0.0508423726613755,0.0419248951100723,-0.0118203800543533,-0.0276862840177544,0.0480067149292717,0.0260398766008744,-0.0414327857671227,-0.0422553376969616,0.0273944615902999,0.0194196978093463,0.093026343913289,-0.0061833177419376,0.0402707983775718,-0.0046242101524928,-0.0415370281994792,0.0043551051650914,0.0504754536983151,-0.0042057127306995,-0.0296276416283126,0.011681439050225,0.0379656953532323,0.0012127341939525,0.0858328769552647,0.0230068027561056,0.0386248714392103,-0.0871481641808253,0.0035029078841612,-0.0832075850496008,0.0635323177378281,-0.0160098910504309,-0.0320817149329523,0.0425792007409568,0.0137329464824278,0.0020006553249694,0.020415285555938,0.0547567120792003,-0.0186135102198583,0.0046643092680516,0.0895613934683898,0.0631416480936657,0.0348166600842445,-0.0102573990756482,0.0233231791851774,time,922,60,119.58295448426266,0.0379656953532323,0.0961787943185659,0.020333444644007,0.6279974388315949,1.5909108456992298,0.3363391883186798,2.377107602432872,9,16,0.0214756279974417,-0.0378483228099866,False,-0.0053131818430518,0.5,0.0229355517647279,0.625,0.0337570064331134,0.6875,0.3125
G2026-17,Falling Wedge,bullish,1,0.7274887275702336,8,57,760,761,2026-01-14,2026,7,124.57986503729656,117.97943369712056,129.33544534329627,116.07069694847046,1.1727311886396057,0.0559456096146451,True,-0.0037308112230266,0.004317314404571,0.0282793713800442,0.0042821350481598,0.0111555837300585,0.0116104402259027,0.0348511579899821,-0.0124671291868884,-0.0211566966048903,-0.0223119140164241,-0.0288653955351879,-0.0230934890217612,-0.0158346603316943,0.0051195315093879,0.0284841181553305,-0.0136075931510957,0.0001345024739982,-0.0037850059024313,0.0058559404465863,0.032595538796085,-0.0060629739210603,-0.0332034455074989,-0.0028298120518567,0.0186918287556556,0.0378403572990027,0.0087552829295587,0.0290119258006105,0.0196029319353676,0.0565706425999701,0.0902328513026071,-0.0047613790475637,-0.0280677775334619,0.0004019139160684,-0.0818923220362982,0.0079201517323097,0.0295124524652672,-0.0192543595080451,0.0090653562329814,-0.037300630902481,0.0365903243296183,0.0103771953493072,-0.0553125413510415,0.0593972615940605,0.0246243364292542,-0.040640970059127,0.0129501964467075,0.0163212943389645,0.0258182242753992,0.0114691371568751,-0.1120440592649416,-0.012915260385114,-0.0518455820896193,0.1083348915353394,0.1581481872365915,0.0075919574475897,0.1996701311611033,0.0282010705522657,0.0577293559125777,0.0228085724665505,-0.0219281916984245,-0.0327676600439738,-0.0609301428848004,0.1933175260520045,0.0807502237903803,0.0805162029569011,0.0070459631902162,-0.111201580148021,-0.0001094574673607,-0.0112707699348424,target,778,18,129.33544534329627,0.0381729447577743,0.0435251989124781,0.0288362130139378,0.5588772317524824,0.6372377827814263,0.4221812858745276,0.5588772317524824,17,15,0.0429844085790143,0.0415342569600012,False,-0.0037011922301839,0.4,0.0193075124754243,0.7333333333333333,0.0178526259935976,0.6666666666666666,0.1333333333333333
G2026-21,Falling Wedge,bullish,1,0.6243542068304923,3,33,799,800,2026-03-12,2026,2,326.0401234528798,328.9316093413884,368.82390104723993,317.154953051152,0.7341032270281136,-0.0087905382346746,True,-0.0194599060588438,-0.0053100537957714,0.0070914653577958,0.0129080620407424,0.0342028583248184,-0.0504287779601886,0.0084617014288752,0.0005582865031594,0.0413513304238994,-0.0270434132892519,0.0265482061553281,-0.0255298295084286,0.0051174100374093,-0.0096936156715807,-0.0059614168411135,0.0036569965061026,-0.0081038810383311,0.0010323231507423,-0.0227798435540101,0.0478521036830998,-0.0195338094153393,0.0016209591074767,-0.0205262618309041,0.0028386352398377,-0.015159451657408,0.040376109852499,-0.0301040548519215,0.0193982296180541,-0.0447381017396391,0.0524090018395957,0.0079354315188049,-0.044423519612519,-0.0352244276333977,0.1224222740867293,0.0225582321298234,0.0577663237371681,0.0328693278431686,0.0290547972801917,-0.0109231961463227,0.1092869044598301,0.0507495501928363,0.0033138760827966,-0.0531186816412023,0.0228763866817869,0.0294747518510691,-0.0162593255376298,0.1056614159832365,-0.0018717560062646,0.1731422246307148,0.0641863497842945,0.2527258612988854,0.2116546760174165,-0.0057407471040715,0.1608131984673559,0.1036431126539494,0.0441410547951506,0.1824492333257577,0.2261553734483239,0.2123695998575916,0.2208860338558764,0.1504413178243537,0.319129371091911,0.1286637418910849,-0.0526002397680297,0.2291302163831037,0.2498920999437235,0.1652416281789885,0.0977998152714503,-0.051044780109155,stop,804,5,317.154953051152,-0.0272517698362726,0.0121376449066886,0.0288985192678221,-1.0,0.4453892345198503,1.0604272471638767,4.815189316576349,21,7,0.0520296344338422,0.0258316267821034,False,-0.0194385785995349,0.1428571428571428,0.0041704768839732,0.7142857142857143,0.1009192190562135,0.8571428571428571,0.4285714285714285
G2026-8,Falling Wedge,bullish,1,0.7307929045395338,3,41,824,825,2026-04-17,2026,0,143.61894819912197,143.00638424461152,156.81508885882926,138.80140318697963,0.9264452605674366,0.0042834727816254,True,-0.0075623348939699,-0.0148424782986988,-0.0041442621499795,0.0011742131770355,-0.0475899239407876,0.0078451537592958,0.0174891297091634,0.0054331656860782,0.0074803003092447,0.0091394203893677,0.0020340784496288,0.007136169543104,0.0244692192841102,0.0071648169599118,-0.0140997821704199,-0.0041432119384419,0.0067352932454447,0.0499740696414272,-0.0241241661831292,-0.0079374124251586,-0.017412204227367,0.000479689249021,-0.0089175227123474,-0.0318259390090601,-0.0747024487205357,0.0573023636397114,0.0151873499592651,0.0166968750041354,0.0303445756052498,0.027690888599132,0.0509576350851421,-0.042572134941444,0.0150564000784982,0.0359340986513174,0.0447828318300966,0.0134444091485481,0.073988992292366,0.0418307410940508,0.0183754468025039,-0.0031605554953673,0.0103084201075656,-0.0060424997323637,-0.0014135809658167,-0.0369639020047798,0.0034769150793738,-0.0500872025009194,-0.0349515497133884,-0.1026376663763471,0.0732118337270906,0.0280732120488698,0.0029878808878089,0.0682177468120008,-0.0274691102276271,0.0583507171755635,-0.0632365889427269,0.009405390665429,0.0369015000309684,-0.0405160287732997,0.0071973902026329,0.1174386455716514,-0.0832410392330318,0.0463497574570159,-0.0738831565553302,0.1174740522068948,-0.0274140543572316,0.1196839563781093,0.0144944178839441,-0.0027245658413029,-0.0540166475692599,stop,840,16,138.80140318697963,-0.0335439374299205,0.0140366100480135,0.0419096339316115,-1.0,0.418454454768125,1.2493951856179233,2.73918367684104,8,14,0.0480163839500549,0.0255443502422327,False,-0.0079210226853025,0.2857142857142857,-0.0299779448761165,0.2142857142857142,-0.0350830551541112,0.4285714285714285,0.1428571428571428
G2026-61,Falling Wedge,bullish,1,0.753593123680605,3,37,807,808,2026-03-24,2026,2,229.5610320139456,221.05602490365368,279.5416095190951,213.73952214229237,1.720926886996733,0.0384744415538946,True,-0.0059253600781979,0.0067212535544645,0.0054757767018049,0.1027125722108035,0.0124707326786854,-0.0037471835971056,0.0338118136976419,-0.010452138305382,-0.0351241261279466,0.0196796748221046,-0.0044430739773796,0.0554158288321324,0.0163536000729327,0.0696384583602058,0.0074432923380411,0.017563766762549,-0.0263651236658162,-0.1065037054528775,0.0182031728225355,-0.001697230197883,-0.0182078038407776,0.0202456636097059,-0.0145490584653967,0.0975519765297388,0.0177850294583985,0.1602606814779961,-0.0256302741700725,0.0676203752125221,0.0171337093788728,0.1186495456006209,-0.086796333194861,-0.0341355761918089,-0.0554777214132675,0.146842238874608,0.0240585428293078,-0.0695944930382572,0.0556231122467005,0.1296756422042149,0.0377308127917146,0.1228681879806299,0.1296756422042149,0.0623866849132719,0.0811602499029018,0.0296877452390855,0.1021901785531556,0.0468555289596612,0.1682061695265553,0.03157656393785,0.1008939511746207,0.0942377831024707,0.0068736619842073,0.1175454193001037,-0.0504755397944138,0.1628307548516985,0.0920211349691382,-0.0375475094940597,0.0176378462244755,0.0829491684549941,-0.1461886058685689,0.1155595251652072,-0.1038844941284969,-0.0457958382144997,0.1025049810880849,0.0240568391102045,-0.00657752146569,0.1718070242167824,-0.0258423372223578,-0.002126459389887,0.1346821803233546,time,867,60,268.1746138815743,0.1682061695265553,0.2037792881905485,0.049775607010522,2.440575026079593,2.956720570892095,0.7222155032705494,3.159027040440535,61,9,-0.0371688335519826,-0.0201737924620644,False,-0.0059953825215456,0.5555555555555556,0.0971880873207189,1.0,0.1685938227531053,1.0,0.3333333333333333
G2026-14,Falling Wedge,bullish,1,0.6416418070532225,3,49,760,761,2026-01-14,2026,0,80.31133432219873,79.60763332002279,85.08787043778189,75.55894078007785,1.2140945765144582,0.0088396171677038,True,-0.0224272000646161,-0.0143790744370184,0.0047898701317625,-0.0435643395806047,0.0151633688377912,-0.0317316809821921,0.0015818350859941,-0.024989226212716,-0.0502997866826505,0.0051938423605959,0.0350576805770719,-0.0067636715305349,-0.0673322829348889,0.0061741347123598,5.194424191179437e-05,0.0372441896176176,0.0061741347123598,-0.0486321403256165,-0.0158942656087811,0.0001479214011681,0.009189958816389,0.0149137808108252,-0.0147509634370093,0.0295435253901923,0.0486920539335393,-0.0291081958709371,-0.0503698807871859,0.0912229631970105,-0.0168301970478851,0.0987774959882676,0.0480519036439597,0.107967237235665,-0.0118792568031502,-0.1090015843973359,-0.0247727165359687,-0.0083331877205086,-0.0906769982518468,0.0908828524715223,0.0481728776840464,0.0444772531353963,0.0865027791555324,-0.0217743086443003,-0.0396800296528596,-0.0030966603761152,-0.0780925528344104,0.0229215357107475,0.0580733203391745,0.0675702502756092,0.1126905039187831,-0.0174127794580036,0.0073249089968157,0.243479607606097,-0.021918625230843,0.059419740242663,-0.0306945781315433,-0.0922155284167073,0.0151272120366108,0.0173855957163979,0.0966461757264736,-0.014807661144784,-0.0180559428126633,0.147713786139666,0.1596844096066214,0.2448651155495282,-0.0926384182260925,-0.1795094482053775,-0.0214523420391631,0.0739064844056971,0.0235964095251657,stop,775,15,75.55894078007785,-0.0591746306076162,0.026076542021474,0.0796568899860535,-1.0,0.4406709725724548,1.3461324416920153,1.0050800871704528,14,3,-0.1608893868117205,-0.0845307466211418,True,-0.0224031420676357,0.0,0.0291085172604118,0.6666666666666666,0.0558349726959255,0.6666666666666666,1.0
G2026-62,Falling Wedge,bullish,1,0.8006846795301684,3,44,807,808,2026-03-24,2026,0,170.45294302877653,166.91463485662587,201.1935870200593,161.77919948782028,0.8641399168269691,0.0211983099935482,True,-0.0033578781982416,0.0092887354344208,0.0079195550713448,-0.0120893380004529,0.0238474946882196,0.0083856792849374,-0.0288437141697728,0.0324159375561743,0.0058308907211956,0.0154458107684589,0.0457911316186308,-0.0277410449648108,0.0087589151900777,0.0165922912028324,0.0213255892018615,0.0147332520686256,0.0350406886594281,0.0225294518163243,-0.0059290728266485,0.0049199130948207,-0.0026482209839097,-0.0329619309753173,-0.0110240421493426,0.0917601089146964,0.0119931618433561,0.0154881149264038,-0.0856970581986222,0.0115298766133118,0.0030926249825991,0.0198090918412925,0.0306376754384021,-0.0157170438666439,-0.0215153780604471,0.091777927409957,0.0007303643687768,-0.0566853441295563,0.0634829009520132,0.0347829466419169,-0.0042698065698677,0.1183853338030394,0.0429667936151341,-0.0856970581986222,0.0531986516047857,0.014755443053126,0.0548887196161025,0.0774628701225413,0.1827441588922493,0.046114553303544,0.1390338719784083,0.1113465826822504,-0.1889701290410377,0.1167444727373789,0.091396026652128,0.0826998423766287,-0.0134446510614296,0.1893489300762738,0.1160443141653566,0.1871744044422698,-0.0110303869198252,0.022252214227709,-0.1205387224976876,0.1110521860377224,-0.0156096799180421,0.0526635398689971,0.0190053330947772,0.0005127630426977,-0.0121897335532842,0.1378290178192527,0.1319781490817221,target,863,56,201.1935870200593,0.1803468068374334,0.1911668060587228,0.0403486044168189,3.5441034019659003,3.7567337042257374,0.7929146553014708,3.5441034019659003,62,10,0.0027651924968552,-0.0005977058361813,False,-0.0034769371416651,0.3,0.0926718308225588,0.8,0.1855331139304177,0.9,0.3
G2026-34,Falling Wedge,bullish,1,0.771013761798384,5,42,816,817,2026-04-07,2026,3,222.5416981079576,213.05838952219983,246.1224387675244,200.7078717443248,0.9316158828774932,0.04451037392625,True,0.0363683199622537,0.0096529762633388,0.0182798709739799,-0.0264057698469893,0.029331125844735,0.0156078676979105,0.0103785425839122,0.0582223005802839,0.0020385125712165,-0.0058966243144003,0.0155267812625072,0.0129364240177232,-0.0280139192151661,-0.0111228513837168,0.0077741492999512,0.0151960290679282,0.0453002337118393,-0.0346595283517386,-0.0048080499876986,0.0142058960440294,-0.029410934958399,0.0739927325072848,0.0274446805569941,0.035232558242608,-0.0348157647468194,0.0643735156572069,-0.037434505747918,-0.0083254402322382,0.0687250605519202,0.046476151471984,-0.0185091257208044,0.0954146454803857,-0.0433151602617374,-0.0442740821925196,0.1172302588101696,0.1003862676494027,0.0613980957319915,0.084184779051063,0.0899986004072443,0.0686891955487309,-0.0636568654449478,0.0549570879187095,-0.088112758370908,0.0547624530745591,-0.0249138668134025,0.0063298429141634,0.0880790874010684,-0.01586791634433,0.2367005034189633,0.0888100103466786,0.0665492027977285,0.0515860552343807,0.1336498390199811,0.0929943444000225,-0.0004835991043801,0.0339159066235206,0.2324630423683271,-0.1201342191435363,0.00248801108006,0.1452052810772022,0.1879023329790048,0.054437152082416,0.187438658228211,0.0125060341910696,0.0178457059235042,0.2595694524841285,-0.0070635864748727,0.1645311688212272,-0.0039664774166134,target,866,50,246.1224387675244,0.105960999039953,0.1130027410334047,0.0232491286680511,1.0800095350599517,1.1517826267188216,0.2369671942585528,1.0800095350599517,34,12,0.1555684689951628,0.095296916911461,False,0.0364556237792371,1.0,0.036640665710071,0.4166666666666667,0.0892446952073583,0.5833333333333334,0.0833333333333333
G2026-22,Falling Wedge,bullish,1,0.6241776569215154,3,18,921,922,2026-09-04,2026,2,777.2355985196308,732.691297520113,881.4712357460849,704.7025986769372,1.0057962465234738,0.0607954552623779,False,-0.0744344446427583,-0.0637852158815156,0.0688201905839456,0.0053117101069153,-0.0153387475267088,0.0314017483396449,0.0625018905600387,0.0184679507862994,0.0029553089528511,0.0208469286147765,0.0233386611017154,-0.0022448584002149,-0.057720126188432,0.0071808311736436,-0.0062077588684608,-0.059813116328559,0.0091410642105884,-0.0003657051642413,0.1035332468082075,-0.0529495626098331,0.0517668672353872,0.0427668016332731,-0.0871041108938002,,,,,,,,,,,,,,,,,,,,,,,,,,,,,,,,,,,,,,,,,,,,,,,time,928,7,723.4777684274669,-0.0691654244794682,0.0183644894513595,0.0881204454837485,-0.7411499622068787,0.1967867726578343,0.9442646427959228,1.4370788117479738,22,10,0.1137861925260022,0.0550020416490051,False,-0.0739993199944834,0.0,,,,,0.1
G2026-25,Falling Wedge,bullish,1,0.911820885201269,3,38,900,901,2026-08-06,2026,2,179.4624504588192,175.5655043596114,248.37632354154948,168.06194596613398,1.5527003188059596,0.022196536349337,False,-0.01996948129581,-0.028866766940524,-0.0188723343339506,-0.0206338768289492,-0.013480100432538,-0.0192210166763775,0.0527408800710424,-0.0492154831469853,-0.0291275974175337,0.0188996254482602,-0.0295598644275782,-0.0088452615596367,-0.0837931283159053,0.0384222907116484,0.1138919529596771,0.0238996995039213,-0.0097357978415919,0.0223407612345387,0.037566744927358,-0.0017425097164369,0.0099030869231551,-0.0376523775642195,-0.0197587659717049,-0.0812461345000432,-0.0840346008490926,-0.0628098322201586,-0.0320088550469385,0.0500872740330442,0.0143700973050915,0.1070628459143201,0.1421105324725151,0.112006308956547,-0.0107135950776866,-0.1966581456229186,-0.177190001610104,-0.064519516881732,0.0576669068589947,0.0505563895171323,-0.0489783091580848,0.0736345607989577,-0.1062345757113117,0.170179236013898,0.0126775728818377,0.1113505041339137,-0.0221913431392601,-0.0902660372209461,,,,,,,,,,,,,,,,,,,,,,,,stop,911,11,168.06194596613398,-0.0635258487975526,0.0312396510225647,0.0671590043185936,-1.0,0.4917628274770611,1.0571917666557964,6.044809080768896,25,5,0.1523520564955816,0.0823498733863079,False,-0.0203763038714788,0.2,-0.0821172028205568,0.0,,,0.0
G2026-3,Falling Wedge,bullish,1,0.6658259146172751,3,24,813,814,2026-04-01,2026,2,117.47354645754528,117.98209466440544,130.73072405086873,114.12837424655116,1.041946995062773,-0.0043103846249442,True,0.0158294272671906,-0.0359789605607969,-0.0130783114744412,-0.0067910061128085,-0.0399575896097149,-0.0039558395444491,-0.0386127824830666,0.0208866711296511,-0.0252813154142351,0.0706303946821638,-0.022425090583642,0.0145635735109155,0.031386404378823,0.001247394667259,0.0088728856387521,0.0550651720072785,0.0055869867145295,0.0014665675806133,-0.0017260740326637,-0.0249432020351157,-0.0463043384597111,-0.0100227039048443,0.0169990374344259,-0.0530923166950411,-0.164846290957369,-0.0118878787781608,0.0289614983362225,0.082147520759819,0.0008606785149392,-0.0488453009895499,0.0148431161997346,0.0444344032255608,0.0661695897184748,-0.0499599232789877,0.0180734469900043,-0.0267864473843816,0.0428233382704981,0.0298715719383635,-0.0239421476313393,0.0001350820806766,-0.0459866532173992,-0.0202696534162831,-0.0147682247998626,0.0291923591696847,-0.0946489361469165,-0.0541131886730959,-0.0051917124408906,-0.1544584775078914,-0.1287583345546092,0.0313796699518813,0.0985464207388631,-0.0218664989067197,0.1220250134897353,0.0375725850890242,0.2211520069714838,0.0080851766865668,0.1081399416972876,-0.0523757297683691,0.0274574631826862,-0.097020392049963,-0.0980617002888796,0.0557467969083271,-0.0866301220437495,-0.1747278455862183,0.1207324815116281,-0.0028095832585385,0.0613196666081714,-0.0288344942759438,-0.0152453385460238,stop,819,6,114.12837424655116,-0.0284759617111165,0.0305427578214893,0.0341777781391719,-1.0,1.072580379596658,1.2002326202675502,3.963077760168171,3,5,-0.2028595016476059,-0.1390330268536209,True,0.015880255544157,1.0,-0.0538711659674065,0.0,-0.0064028294422229,0.4,1.0
G2026-40,Falling Wedge,bullish,1,0.6100479182517252,3,48,802,803,2026-03-17,2026,0,182.55488844401896,179.12296629891102,276.5716228566323,158.96525155773065,0.6963888336851901,0.019159587494665,True,0.0122485402210803,0.0322918104598228,0.0299750017250115,0.0272662534077605,0.0257227987108661,-0.0118823547121922,0.0106792838784834,-0.0630166411164336,-0.0660652759651857,-0.0334201176715247,0.0406797717686353,-0.0686661223186951,0.0018175724226412,-0.0529268427163758,-0.0102180199554219,0.0451704124734531,0.0377297746382057,0.0158905089596872,0.0375726955161088,-0.0348914948523413,0.0124551611615366,-0.0640329497855863,0.0182565694426487,0.1528252356345107,0.1027151590303814,0.006046580968557,0.022660485612048,0.0610662837932776,-0.147568397361158,0.0192209347757137,0.1098104416091914,0.0685010705775361,0.1344665859534466,0.1035111977342955,0.1111854897047344,-0.0150175693824293,-0.0354779090405069,-0.0197668446168449,0.1254938260460945,-0.0929243757881074,0.0807129685164884,0.0730544832194668,-0.204529991536424,0.1123942110828748,-0.1103214764682886,0.1326993358645125,0.174202461846759,0.0673515406543716,-0.0845026332595813,-0.019258686249425,-0.124789939710924,0.2552479037758621,0.1354237223289498,-0.2033093266413129,-0.0924938126865135,0.0280783790559304,0.0848650228576659,0.0908616788339671,0.0536740914040148,0.0394116643525932,0.1115721677142729,0.120649626062198,0.1668573433264981,0.0290152570595467,-0.0680765302421553,-0.0452376284417668,0.0342687575696978,-0.124789939710924,0.1548291059768293,time,862,60,214.3563994331275,0.174202461846759,0.204784943089597,0.0295142931644662,1.3481136289805915,1.584784565398132,0.2284044693911765,3.985510029925957,40,4,-0.3411650809269421,-0.2606970971421436,True,0.0122417978145274,0.75,0.1522908075564975,1.0,0.1744454148830784,1.0,1.0
G2026-19,Falling Wedge,bullish,1,0.6110197310637792,13,163,824,825,2026-04-17,2026,2,641.996842975072,628.8732114284887,855.7469067122186,535.620757570571,1.0045955225187946,0.0208684855835612,True,-0.0021756738244889,-0.0094558172292178,-0.0087895723077078,0.0724642028462918,0.0185624596573257,0.0222964059202162,-0.0216810946507187,0.049653409823172,0.0279235476416104,-0.063967948369376,-0.0276403356554462,-0.0305267583578918,-0.0041923441702991,-0.0270164995473209,-0.0320471111503107,-0.0048206045863407,0.0074355536900811,0.020731278039191,0.0696959619939336,0.048588564422568,-0.0491305914097803,0.0231604482362564,-0.0067106224277616,0.0869205056557289,0.0440439959442533,0.0835849080546833,0.1393854141608574,0.2692006054174485,0.0555243912368599,-0.0211390520852748,0.0110645863427505,0.017236854881244,-0.0341349313840868,0.0122142019423154,0.0170263788459612,0.243535145189615,0.1804257936794879,0.0526330551666911,-0.2220991065884452,0.1514438681679053,0.2254463602014784,-0.0667960938221245,0.2286918528771089,0.0685625120162467,0.052884600783517,0.0136859384015169,0.2235274998778547,0.1558413832148959,0.2801644067315774,-0.0588114677323931,0.0284001012626513,0.1552231029919017,0.3357057518146236,-0.1341695304733681,0.1505989541672698,0.1680620058467534,0.0897157344991066,-0.0252996552188111,0.1047754811026893,0.27284498359774,0.4110902274356465,-0.2012041480202572,0.0471885710501116,-0.0122166011456262,0.3462126908346188,0.1941228630848006,0.0439036341987144,-0.0547120953162301,0.1164477493422787,time,884,60,785.5007922147655,0.2235274998778547,0.2824418160599404,0.0378780134357167,1.349024535862658,1.7045819419385717,0.2285999240471069,2.0093808013741987,19,18,-0.1209493795050573,-0.0451709020758244,True,-0.0024275520621811,0.3888888888888889,0.1014825890362491,0.4444444444444444,0.2527015894331869,0.5555555555555556,0.7777777777777778
G2026-43,Falling Wedge,bullish,1,0.7093348356441586,8,104,754,755,2026-01-06,2026,0,97.9108099219386,97.73320515687136,107.8732759911619,92.03762428400044,1.1377627655465887,0.0018172407707512,True,0.0453372554404523,0.0430546299851881,-0.0057974826254546,0.0193723225708397,-0.057841079750572,-0.0009620304203245,0.0116859332476715,-0.0001904180743744,0.0298006407019655,0.0032431755820676,-0.0143982388601362,-0.0338445609843197,0.0077461191210501,0.0166536576152809,0.0055997565547785,0.0129330185475209,0.0254243064617594,-0.0115648393208847,-0.0057867348092289,0.0196904225435539,-0.0034459719182178,0.0060910571526813,0.0441168027736694,0.1587724159029226,0.1674405212485207,-0.0906851448385762,-0.0632353735831614,0.1354415250703082,0.0033836321670113,0.0102808378963623,0.0163066949065435,0.0623101305901152,-0.0598843759404901,-0.0292304491148431,0.0324306279127217,0.0486621537104132,0.1025596453601913,0.1596219811809067,0.0380091674289575,0.0880899925618901,-0.0641589774452014,-0.0213895677279721,-0.0259797520877431,0.0313110639280354,-0.0292553921400872,0.1415429949111535,0.3075620374510792,0.3575033899201461,-0.0775874154557717,-0.0523505023396717,-0.0075482234401211,-0.0562909536490394,0.136689443434846,-0.0398127906934248,0.0055772645648319,0.0649319927046099,-0.027466011726469,0.0245585140329485,-0.0534982606047786,-0.0504498524214429,-0.0422103703167864,0.1305395986934741,-0.0366803914894962,-0.0023251568940616,-0.0448697121657283,-0.056614548085913,-0.0379573501203133,-0.0483539165837628,0.3211479695788828,target,764,10,107.8732759911619,0.1017504203791805,0.1259232229228626,0.0281646423972066,1.6962627581308136,2.099243154297192,0.4695276325780081,1.6962627581308136,43,5,-0.0462062067409813,0.0149426265106149,False,0.0453808558244066,0.8,0.1584351334349941,1.0,0.3113044005694062,1.0,0.4
G2026-6,Falling Wedge,bullish,1,0.6847952895654651,8,95,876,877,2026-07-02,2026,1,127.39875761879854,122.93244892776669,142.75227529805082,116.43561912073253,0.7881366416495282,0.0363314058248054,False,0.0097355424600746,0.0014415791969233,-0.0087823960136097,-0.0346102491194427,-0.0045083705231003,0.0068502908699799,-0.0093699155229942,0.0153249972330158,0.0064555644164963,-0.025666240396943,0.0063547912450343,0.0113723649499302,0.018121940333821,0.0191069660591638,0.0018781102601659,0.0097355424600746,-0.0134725766292922,0.0200614025321521,-0.0132121356860118,0.0121815164108116,-0.0167880265820521,0.0171193379676095,0.0088278967468342,0.0497660936530268,0.0520498783577342,0.0287839730333978,-0.0340492844036617,0.0919004540012216,0.0522365747671289,-0.0117688316606096,0.0522209547065883,0.0385127419106092,0.0051398202687402,0.0060691760018491,0.0013024429545982,-0.003967150386089,-0.0159058499338657,-0.0162040518373199,0.0271592364534309,0.0138217650583354,-0.0143279761959707,0.062472460887248,0.0287839730333978,-0.0308618394226326,-0.0148155813197996,0.036440943257197,,,,,,,,,,,,,,,,,,,,,,,,target,894,18,142.75227529805082,0.1205154427423298,0.1211900254288499,0.0157893278598432,1.400467364519819,1.408306451491945,0.1834821983991867,1.400467364519819,6,13,-0.1137475254347302,-0.0597101827362118,True,0.0097009509216474,0.6153846153846154,0.0496589142459078,0.6923076923076923,,,0.4615384615384615
G2026-5,Falling Wedge,bullish,1,0.6517070815539295,3,33,757,758,2026-01-09,2026,1,128.37416124175112,123.28025290982085,144.08292948890954,120.76977332836476,1.1568644422503291,0.0413197427138349,True,0.0337269582240717,0.0323081065932386,0.026559189110036,0.0105398100557965,0.0152748732397185,0.0095478469445415,0.0047980469929336,0.0068401426343809,-0.0208019253583606,-0.0337148544271431,0.0549399372703074,0.0210295460713823,0.0177615149418171,-0.0087675024266717,-0.009737180710427,0.0325328649009093,-0.0122456200907281,-0.0368189419076107,-0.0098643897776971,-0.0113326071176734,0.021963586127524,0.0330519296963716,0.0281491449156014,0.0603635524496914,0.0556291300131184,-0.0447496167572677,0.062206758891248,-0.0549647154708712,0.0453776010095887,0.0395966996266481,-0.0627505615692014,0.0522815346591225,-0.0328746596462499,0.0521071308582634,-0.028218845527981,0.0987631488203852,0.0795918753642503,0.0104768974314777,0.0443800780623935,0.0392032248586124,-0.0424124314948319,0.031652936324547,-0.0263454794017562,0.0415970341428828,0.0011641895612586,0.0450594124625655,-0.0504087290968647,-0.0318418518803121,-0.0973596996103173,0.0445622327463093,-0.1447443064056616,0.1316935676411526,-0.0228697673258796,-0.0456010020995868,0.0479846842230384,-0.0198679063817786,-0.0504087290968647,0.0559058946799793,-0.0708933767005699,0.0874777868458185,0.0435657995257499,0.0681513671631435,-0.0033966683359193,0.0516969913625082,-0.0477313848940691,-0.008286758647282,-0.0146642015805416,0.0083660007763359,-0.051087755291143,stop,801,44,120.76977332836476,-0.0592361253996119,0.110428218759884,0.0729899261916645,-1.0,1.8642039467457705,1.2321860300495393,2.065750514844924,5,3,0.0001246011142723,-0.0349425985960927,False,0.0337913688442425,1.0,0.0613154120548474,0.6666666666666666,-0.0519336395821571,0.3333333333333333,0.0
G2026-5,Falling Wedge,bullish,1,0.6189114498693145,8,118,872,873,2026-06-26,2026,0,120.23366192981652,118.51154501153331,149.68266644593714,105.24939852510433,1.8646559896481665,0.0145312164997564,False,-0.00273237283196,-0.0227587117635593,-0.0108928363125692,0.0093804131895012,0.0015787280025238,0.0144567573530673,-0.0125144219287151,-0.0119745771477395,-0.017370424728295,0.0332958464352575,0.026559189110036,0.0214752257442081,-0.0130339977447723,-0.0141451819613481,-0.0092113914428036,0.0055252992800893,-0.0014050394721139,0.0234067312017738,-0.0202715860798194,-0.0096862764303055,0.0356924832466432,-0.0075063913627057,-0.0049003002795556,0.0334593369781905,0.0299835824851419,-0.0531016070947374,-0.0576917440263916,0.0475058780672117,0.0149974547879063,0.0380698503041905,0.0334593369781905,0.0462633642971326,-0.0581382876477308,0.0497631879676849,0.0390650557981915,-0.085341926618059,-0.0041057089379721,0.0202355717850133,0.0932404968813416,-0.0047669810310048,0.0198392404612948,-0.0130586017487389,0.0080813774447494,0.0198392404612948,0.0469609228208873,0.0234035309306678,,,,,,,,,,,,,,,,,,,,,,,,time,928,56,120.60508675512092,0.0030891916568358,0.0818583980175415,0.0382752014543222,0.0247876599117709,0.6568314162351372,0.307120043719159,1.9653288066772492,5,3,-0.0489466286081492,-0.0662954054551605,False,-0.0016802449379508,0.3333333333333333,0.0315471109691557,0.6666666666666666,,,0.3333333333333333
G2026-50,Falling Wedge,bullish,1,0.6903136540095358,5,78,852,853,2026-05-28,2026,3,117.55053942764484,112.4852261807182,134.1627571176612,105.00386170953423,1.09901371453915,0.0450309202275927,True,-0.038007536724517,-0.03958179656261,-0.0360681057580829,0.022591212896216,0.0147862183136924,0.0454198077313645,0.002019537175852,0.0140051316679969,-0.0345741018025641,-0.0018643152714529,-0.0079439119691735,-0.0236026171179764,0.0399514822659159,0.0090680291643456,-0.0062626233519692,0.0125050150529699,0.0771909173028875,0.0516784938894594,0.0176950684395824,0.0091777394916205,-0.0231534665105087,0.0414134346463712,-0.0492091840373444,0.0048661606777331,0.0379816496082826,0.081076856699686,-0.0167780709113193,-0.0355098690775665,0.0476651099617426,0.0744556541380012,-0.0793065188051457,0.0331975897448435,0.1117826575881351,0.0498285109196396,0.0006298505153965,-0.0538296977834443,-0.0019433638503024,-0.0283616459625334,0.1476309842596574,0.0322781828003859,-0.035232155684208,0.0427615117173008,-0.0921574482101289,0.0016644054532484,-0.0106723649380312,-0.0085928482510347,0.1037388055337302,0.0911223097953364,-0.043110309680013,-0.0366422086729817,0.0990493244591701,0.0506866656885334,0.0919608141041681,0.0860961403793576,-0.1590116323487856,0.0607560329702976,0.0913029898413482,0.1183515301913802,0.0917711552575797,0.0913029898413482,0.0345672354897825,0.071019038578358,-0.0033169599611726,-0.0786666885186535,-0.0426930642531387,-0.016793694802087,-0.0183761031153982,-0.0656030269484299,0.0826062941086971,time,912,60,129.7450919777144,0.1037388055337302,0.1132851713450316,0.0583869145421854,0.9719347881604712,1.0613752341418228,0.5470303337785303,1.3240331873701738,50,15,0.1045934297086403,0.0342627696030091,False,-0.0386679532684169,0.0666666666666666,0.0050607006477441,0.6666666666666666,0.0988686046961462,0.8,0.1333333333333333
G2026-52,Falling Wedge,bullish,1,0.703664031998769,3,43,824,825,2026-04-17,2026,0,118.9577523770592,116.55332215536214,141.38598384042365,113.09493143017158,1.2625106155444172,0.020629443908017,True,-0.0144784823056575,-0.0217586257103864,-0.0191486777284256,-0.0342884847464938,0.0061409555672002,-0.0464506028976873,-0.01909002539081,-0.0184763782385425,-0.0009759714596603,-0.0453942453629169,0.0911227715217342,0.0127923814875032,0.0042148945235103,0.0032729380469904,0.0040729768316649,-0.0193711822000783,-0.0201118979585609,-0.0101077600936383,0.0202641061699817,-0.0460342378605572,-0.0491300399834435,0.0007703802624041,-0.0051820773301662,-0.1117359862795895,-0.1546124959910652,-0.0233714971344123,0.0211258447440951,-0.0009024472666918,0.0102170520283497,0.0826840609845833,0.0525861165851164,-0.0448196729894492,0.0975661347857435,0.0806714332949873,0.0668329874398638,0.0458547056143412,-0.0140071583259703,0.0134162902290682,-0.1100091851964883,0.0528690193193095,-0.0112003236814576,0.0457855504383459,0.0789231988037599,0.1265478904480184,0.0310414996429015,-0.1418265612677903,-0.0977023848358709,-0.1653885014988296,0.310564369404219,-0.0358259878179278,-0.1364264926107607,0.050025371965062,0.0067973101341998,0.0653698780699818,0.1667539153193331,0.1429348788305182,0.1234639369178627,-0.0261787105321594,0.0723628704778456,0.0007220674354813,0.0325174972080744,-0.0775698900994396,-0.2236803047266676,-0.0609912916046097,-0.2432886919600396,-0.1072541731341504,-0.0835766389868913,-0.0598300707960013,-0.0935468770105674,stop,831,7,113.09493143017158,-0.0492849001408861,0.0130088098492822,0.053402655626162,-1.0,0.2639512266859659,1.083550042173259,3.825501693902292,52,6,-0.104452065657136,-0.131133584014402,True,-0.0151348638356963,0.3333333333333333,-0.1119493050103587,0.1666666666666666,-0.0926401736317654,0.3333333333333333,0.3333333333333333
G2026-7,Falling Wedge,bullish,1,0.6064749368902882,3,33,816,817,2026-04-07,2026,1,91.26014313452572,89.94081877518607,109.54897368667936,87.60183140427563,0.7498786436912342,0.0146688053022665,True,0.0044502762937947,-0.0222650674051201,-0.0162759735564944,-0.0249728943583357,-0.0500455374821775,0.0105021518278414,0.0045351847137486,0.0056496933776164,-0.0016202961522157,-0.0183861693058394,0.0035797370543415,-0.0142546462022038,-0.0053909306795204,0.0029839126146433,0.011389486144443,0.0279160858233347,0.0117003832891287,-0.0234524253070302,-0.0004035674778767,-0.0125072177372829,0.0166052912333942,0.0274090885808089,0.0067022084737785,-0.0093105159032643,-0.0793588388926919,0.0139465569126526,-0.0225454161035234,-0.0334339345722017,-0.0442534863706012,-0.0189693979991278,0.0318896631834855,0.0227202288594743,0.0560987001039923,0.0210987729187179,0.003853549104495,-0.0055693624346749,-0.0027961952381494,0.0394406252136698,-0.0363055468358509,-0.021524072119049,-0.022846614307887,-0.0399248563532304,0.0749549384501315,0.0217906430041274,0.0340933016395543,-0.0128964207560646,0.0783764226466399,-0.0255705810987585,-0.028442411833794,-0.0258231587479383,0.0910388574378959,-0.0108818791962548,-0.0405863074846181,-0.0049004203653383,-0.0526128364183121,-0.0850872546429839,-0.0156068605678365,-0.0199226131141621,0.0760296545762677,0.0348634770180316,-0.1494865052793895,-0.1290067464154294,-0.0229483194017157,0.0061773290988156,0.0200712343549829,0.0092220937216869,-0.0514623652345511,0.0291034008221839,0.0968895042302628,time,876,60,98.41278668363016,0.0783764226466399,0.0864944484016976,0.0318784986716549,1.955176069321864,2.1576881150423883,0.795240145237742,4.999254273747568,7,20,-0.0286138364651855,-0.0415987625367113,False,0.0041465964536132,0.65,-0.0095379381643172,0.5,0.0789963746457989,0.7,0.35
G2026-27,Falling Wedge,bullish,1,0.6952666054167415,5,80,860,861,2026-06-09,2026,0,159.3976140266866,155.47901853581982,206.71042620035237,135.33628045331017,1.0987858597811293,0.0252033716688531,True,0.0118637848750124,-0.011234458551063,0.0143217452187773,-0.0692466516055282,-0.0227928041648618,0.0031051806015494,0.0526838428036953,0.0095493784792788,0.0106162104105198,0.0434358054221584,0.0058425717255232,0.0285348630693815,-0.056668722662386,0.0361070601453556,0.0303535963316263,0.0158023765007242,0.0336302850347749,-0.0525577969328937,-0.04596464603004,-0.0756985100012329,-0.0074731753545005,-0.0076033257025019,0.0145649207105415,-0.020148826967324,-0.0477693118502089,-0.1815543028465011,0.0732323851030285,-0.1303582831719232,-0.0656507952413371,0.0927446859123328,-0.1741432783740591,0.07803002280408,0.0196495325607195,-0.0607580986965823,-0.0374951620546541,-0.0751714662951149,0.0492020051769206,0.0313506288353953,-0.0746781498623152,0.04980464486669,0.0696577049646312,-0.1395830192477486,-0.0494267696715012,0.0220840214072401,0.0918729956608634,0.0004107079411677,-0.0537261559478222,-0.1106833462351267,-0.107936994624002,0.1771230488187178,0.096538778058266,0.1693247406263576,0.050737585728221,0.0237727849547784,0.2437565813798055,0.0930210653401433,-0.0921730960351064,0.1460165194053202,-0.0310323736750499,-0.044983750543818,-0.0094788766640996,-0.0098453870668989,0.2689481201723678,-0.0551877738710558,0.1627820536938569,-0.0384916582384857,-0.080767594462182,0.1296671107741798,-0.108315700136388,time,920,60,150.83379295777806,-0.0537261559478222,0.1151027098107563,0.0774305558401458,-0.3559163104070134,0.7625137341573409,0.5129493681653587,1.9663420578656867,27,5,-0.1524109784709103,-0.1103024733680979,True,0.0117927859864946,0.8,-0.0205518970794219,0.4,-0.0543462489275179,0.2,0.6
G2026-55,Falling Wedge,bullish,1,0.6922141108733427,3,32,813,814,2026-04-01,2026,1,219.4248866335853,216.9179513705249,235.66402924953744,210.15581408877097,1.0557090195847754,0.0115570668412696,True,0.0372517164703092,-0.0145566713576783,-0.010519921563624,0.0006725524842259,-0.0001934524489631,0.0159274470942871,0.0428001605813779,-0.027166113269376,0.0267566661607714,0.0053356745766899,0.0012675062770703,-0.0094994190994017,0.0345481093079982,-0.0163159090674842,-0.0286706972941505,0.0173809692986053,0.0251774733637977,0.0092597729911783,0.0020588278868118,-0.0073934434641101,-0.0065319313286331,-0.0293537430622879,0.03497468999907,0.0418478075023804,-0.0699061667599474,0.0138731074860274,0.0133070317301882,-0.0590022133383669,-0.0148136307195614,-0.0348611932202889,0.0038570467756142,-0.0073656163902929,0.033566789269857,-0.0375541612056382,0.0703272306382263,0.083179064310797,-0.0103813457632737,-0.0005102203787685,0.0386974286538441,-0.0116197055217343,-0.0252355235066333,0.0214799228990631,0.0097995133401811,-0.0400991281133666,0.0671468867251734,0.0361582433188281,0.0265117544738509,-0.1227550105931498,0.2093772982999457,0.1048003881133912,0.039334640554707,0.0408963606589141,-0.0149915641889849,0.041163433506129,0.0943891875014331,0.0863412994187118,0.0303900256484654,0.0982656710313327,0.0364237543875853,0.0511686746677682,0.1972903453697148,0.1263927046811643,0.0791824756346348,0.1277525366643332,0.0540726724344449,0.0904613510910905,0.0981521945577841,0.0807546904611455,-0.0570691525508346,target,847,34,235.66402924953744,0.0740077521063946,0.0803385833495483,0.0090205711342078,1.7519706030391633,1.9018390953946904,0.2135421628133781,1.7519706030391633,55,10,0.1049078775066068,0.0725881845306462,False,0.0371663109015692,1.0,0.0408372793296528,0.8,0.0237168759791195,0.5,0.2
G2026-36,Falling Wedge,bullish,1,0.6205897932803077,5,50,816,817,2026-04-07,2026,3,354.379362910947,330.2370183273374,457.4261736275166,300.13644278190054,0.925658413410942,0.0731061124094791,True,-0.0006773630617269,-0.0273927067606418,0.0050702002094078,0.0365723483038495,0.0375607216058082,-0.0273210580548034,0.1203239501764481,0.0691753014675657,-0.0178895487773446,-0.0050582512454572,-0.027085731479142,0.0026552782957824,-0.0381420949846822,-0.0373268063625471,-0.0360725881868689,-0.0674863620254626,-0.0611726530623362,0.066727942100744,0.0293255455691052,-0.0268290959563158,-0.0027491407257597,0.0806465986047935,-0.0057235908353661,-0.1219273303184891,-0.1919756533079166,-0.0487941696306499,0.0702911785019335,0.1410811898561343,-0.1094434179436516,0.0551186997682304,0.1431587543178893,0.054528586783205,0.161868969999555,-0.0300081684040017,-0.2294212420720461,-0.0368282014288142,-0.0179034373891548,-0.0278262022361451,-0.0441127091378228,0.132773294822879,-0.0091268442810285,0.1138431920601703,-0.1888636123814806,-0.1028610468187182,-0.0389847418463098,-0.1213518339454977,-0.0068724691309473,-0.1108194728763457,0.1651105038106286,-0.2305127118502615,0.1544030840955597,0.3155697375987674,0.0256380120251309,-0.0663009435749009,0.1364164158657139,0.807296229410936,0.1311503546271746,0.1790366877116931,-0.1698424315709064,0.2583744095628064,0.0901309914772634,-0.0039504401235025,-0.0797673478427603,0.4016578446498973,0.4454070342009772,-0.306510041075579,0.0920561795123617,-0.0693290404273362,-0.1206741955351304,stop,841,25,300.13644278190054,-0.1530645568169761,0.0505731162694522,0.1567750539226363,-1.0,0.3304038330044235,1.024241386659466,1.899728305028866,36,3,-0.1545374912769029,-0.1242621170127704,True,-0.000748747255152,0.6666666666666666,-0.1223897124517669,0.0,-0.0107204529923856,0.3333333333333333,1.0
G2026-59,Falling Wedge,bullish,1,0.7315565457476937,13,151,867,868,2026-06-18,2026,12,114.13585975510875,121.64751467892768,185.63808428959743,111.17068103021604,1.0263705492785655,-0.0617493496981416,True,0.0543060445006822,0.0793294785881429,0.0269006508518652,-0.0006172986467047,-0.0437629677649501,-0.0477534711520081,0.0070813198593078,-0.0026827967376998,-0.0053320438030678,0.0429654479892214,0.0174137387122759,0.0132781817899811,0.0509419661308658,0.0240860410085057,0.0154322857090727,0.0131861872390974,0.0227411921240148,-0.0151252204473462,-0.0027433002734554,0.0070068551068536,-0.0301653847337305,-0.0430417757169883,0.0518155641384266,0.094200297374893,0.1017032868893683,0.075030336888729,0.0627139421988673,-0.0961975984932301,0.0608794616589591,0.0141353608130487,0.040850572311081,0.0490875537167529,0.0452411534375398,-0.0085777315762017,-0.0531017546387759,0.0118004068750579,-0.0961195438794546,0.0211872224721862,0.0379252329685326,-0.0961975984932301,0.0543602809807834,0.049622486679153,-0.0210699796160708,0.0826958588710655,-0.1257810197624657,0.0887760652042766,0.0795515982389156,0.0665918519727577,-0.0007996678935672,0.0003056027730947,0.0454362805692256,0.0048447365617114,0.1598853059343326,-0.0173042275556932,0.1033390815248707,-0.0403139046509866,0.2010234580130132,0.0518608005318623,0.108720385617633,0.1287149347737042,0.0612132567120289,0.1080346797060904,0.1357561909634039,0.1293780839843901,-0.0101577047872359,-0.0817264976866756,-0.0236750081979669,0.071847509042352,0.0227324334421362,time,927,60,123.2155498150004,0.0795515982389156,0.1562938601718914,0.0162934199046225,3.06210549255176,6.016073822264783,0.6271674194722886,24.113967881337587,59,8,-0.2863737702467708,-0.2298295677682074,True,0.0539330058689248,1.0,0.0949710768239243,0.75,0.0823436660752692,0.625,0.875
G2026-11,Falling Wedge,bullish,1,0.7470879803827944,3,42,809,810,2026-03-26,2026,0,64.50057658396648,64.13906994240511,81.44649141165172,63.03678721826864,0.6768397378818898,0.0056362937891987,True,0.0285644626349836,0.0078173275273374,0.0055105076190016,-0.0085660079869583,-0.0244896644385687,-0.0301520513770844,-0.0039922061460092,0.1145113446935228,0.0262359640334768,0.0296470350082409,-0.0100053743784549,0.0271480070553866,0.0209869528133443,-0.114468058330667,-0.01038971622462,0.0022686695213529,0.0132295330245151,0.036538057573153,0.0008205593195422,-0.0278745983368318,-0.00896231283541,0.0014225201890278,0.0265935045951856,0.1849108279983355,0.0737200878644086,-0.0277962488401598,0.1007180267634377,-0.1024839714017327,0.1332520268174601,-0.0741058482057867,-0.1227462189636553,-0.0059695778238558,-0.0453660197000912,-0.0506350594949918,0.0784049162638729,0.0539650937363647,-0.004632896793968,0.1440107096712017,0.0157860843652879,-0.0086113250699909,-0.0442346353534794,0.1751180066862314,-0.1366831534148542,0.0383418243328008,0.1220969400480009,0.1729893943172309,0.530423404281956,0.3857231345755632,0.0538966489071635,0.0294234459426774,-0.0369963728695278,0.0248756709201483,-0.2281561753444154,0.2276098120233398,0.039677994373968,0.0348271694521522,-0.0341285339275792,0.5788296448465049,-0.0445260673131288,0.0039070741206082,-0.0017915163113495,0.0744989307011469,0.0126789940693172,-0.0274673482136382,-0.0228248366332551,0.3359828498413959,-0.0229670662217207,0.0045145093321206,0.4803301628971596,stop,810,1,63.03678721826864,-0.022694205900505,0.0042588767100861,0.036790058713753,-1.0,0.1876636146141313,1.6211212181226484,11.576744048558234,11,6,-0.1198218490536888,-0.0992888547517218,True,0.0284946380050536,0.8333333333333334,0.1869176112129168,1.0,0.5578640419662384,1.0,0.5
G2026-23,Falling Wedge,bullish,1,0.770176097280253,3,38,898,899,2026-08-04,2026,0,1116.238657954201,1046.207546905118,1480.3663262968548,890.7579964641764,1.10095430387867,0.0669380671705615,False,-0.0206430083910623,-0.0138247082121538,0.0929712050991642,0.0144007843128259,0.0728833271296716,0.0320808377980337,0.0006933385787688,-0.0009099506120768,0.1041431555313894,0.1254280679620902,0.1010131175871635,0.0008204577150037,-0.0933097851202788,0.0439228235756536,0.0211697580275855,0.0428524002720338,0.0172029451436062,0.0141406747284127,-0.0244050241132158,-0.0005419325394659,0.0085909563087065,0.0041951218437243,-0.0495101223525022,-0.0690926539820028,-0.0509577738739811,0.0839007524467421,0.0656865142577696,0.0333253524097976,0.0249362502104364,0.0705902482855536,-0.1046077758549934,0.0475547465470282,0.1718802629270597,0.2579570079037485,0.0571159954766347,0.1792557993684975,0.1016636099558931,0.2754509394620077,0.0910313295917588,0.0448080714038749,-0.0670288609008721,0.055695261161514,-0.0176502695653683,0.008296502613126,-0.0582658746203621,-0.1351724471359951,,,,,,,,,,,,,,,,,,,,,,,,time,928,30,1035.1997647845208,-0.072599970080059,0.1182121033559106,0.1196323254996735,-0.3594050710786363,0.5852072578285507,0.5922380464082662,1.6148953348656152,23,10,0.7439337923697107,0.4210108663795233,False,-0.0217495212551303,0.4,-0.0735717382258664,0.2,,,0.0
G2026-18,Falling Wedge,bullish,1,0.7661043710992997,5,62,906,907,2026-08-14,2026,1,906.5694777011412,932.9489258406884,1227.2522007909795,814.3333042155759,1.0582761860478662,-0.0282753400629905,False,0.2254632292289864,0.2389395131726071,0.0112396867257993,-0.003473880808744,0.0634939357686845,0.0268379347751233,-0.0277971464068139,-0.0065893063001112,-0.0652628481701497,-0.1925285393062993,0.0329263866354456,-0.0422730930916216,-0.067265160196574,0.080438796650188,-0.1925285393062993,-0.1428206084813906,-0.0679903315568435,-0.0185198163734282,0.0547773207621422,-0.0948639975164562,0.0874194099708962,-0.0039289591169026,0.2538986669961541,0.323288380071552,0.3430002870227013,-0.11718270591676,-0.0899244223959232,-0.1036016081945894,-0.0849145113640316,0.2554388793717641,0.4016095964596058,-0.0649971511751789,0.0612682008706488,-0.2617878573330991,-0.0632089475452578,-0.0048896933128593,-0.2054024092202843,0.0715700929568392,-0.0302649831748718,0.4109924593706748,0.5283136531849939,-0.0341957022796822,-0.1181257695241311,0.6348134972489698,0.0491702117157935,0.261554338584421,,,,,,,,,,,,,,,,,,,,,,,,target,920,14,1227.2522007909795,0.3537320977350999,0.3981776791161547,0.0203693836926202,3.4767565801070948,3.9136026240841058,0.2002062839066372,3.4767565801070948,18,3,0.0475549572425131,-0.2111656155913174,False,0.2248001380432157,1.0,0.3209404965206235,1.0,,,0.3333333333333333
G2026-31,Falling Wedge,bullish,1,0.7345267807580353,13,141,863,864,2026-06-12,2026,0,210.91036196845724,204.96902012748268,271.23919169226843,182.28667744388343,0.810626092524564,0.0289865358056513,True,0.028127460738335,0.0354989098071609,-0.0072841230921906,0.0228572532891195,-0.0077024985097793,0.0382625800452718,-0.0192911999280702,0.0077035528293258,0.0289314116615737,0.006614042443964,-0.0011218165920939,0.0187651744116943,0.0021354848968635,-0.0659049466843439,-0.0421756255049007,-0.0075873746870265,0.0643927655452196,0.0336866467187597,0.0061223655297766,0.0306581626348323,-0.0224222660962635,0.0144627491809776,0.0230723438336995,-0.0285779767740468,-0.0311276157061466,0.1035926913820297,-0.0597064941935703,0.1550925236902629,-0.0923699190742287,0.012741263236343,-0.0111744229470682,-0.0717023558019038,-0.0874553352666304,0.0095964782168116,0.0896386418218784,0.1126867539238039,0.0429632615128861,0.0142522098254391,0.0173733000513272,-0.0101319744008412,-0.0247100086437902,-0.077521273222142,0.0353068898096111,0.0339481809791695,0.0622553155021121,-0.0413117630941218,-0.1578826998739332,-0.1745272230026276,-0.0922036148705571,-0.0082058789995169,-0.0331256143139901,0.0697144709758563,-0.0194263693722305,-0.1157338728051664,-0.0508239244666549,0.1220222669383346,0.1961185729212615,0.0896336519042142,-0.0562016785962187,-0.1462371960186909,-0.0635718093648748,0.0206933001384543,0.0163314107789775,-0.0137896172085462,0.234912242475445,0.1320377051694725,0.0470943780042369,0.1705997966795938,-0.1828746108724032,stop,918,55,182.28667744388343,-0.1357149276945181,0.0825840132950774,0.1449277076321752,-1.0,0.608510903686045,1.0678833205319482,2.1076542285119904,31,3,-0.0795437639420175,-0.0474451140186722,False,0.0281774100017753,1.0,-0.0286947164771994,0.0,-0.1585418640932902,0.0,0.3333333333333333
G2026-31,Falling Wedge,bullish,1,0.722713752637111,3,20,893,894,2026-07-28,2026,2,207.0853397022485,195.92094286435167,227.20981617024088,191.3740919786584,0.7748637732615192,0.0569841930866299,False,-0.044490718426142,-0.0868708792817511,-0.014836948226292,0.062607481083426,-0.0111919538458383,-0.0582039586376278,0.0001594209739592,-0.0092015175538292,0.0495020210069354,0.0359163453379496,-0.0062464502145938,-0.0555976608837086,0.0257122683473491,0.0584212553009382,0.0140822298281244,-0.0219554466793345,0.0406003036589606,0.0049005121074976,-0.0020538820735749,0.0632888882524176,-0.0170900556827809,-0.0435468585073125,-0.0502540181057753,-0.0771865457807545,-0.1122420256899701,0.0358767034811515,-0.0510102206665985,0.0444482571975144,0.0701291852971099,-0.1099885025070649,-0.0501417828687856,0.0081867523812024,0.0137834201513376,-0.0260981225908273,0.1155270584313457,0.0603117334090268,0.0924251150912234,0.010941191133277,-0.0386645710835834,0.0622553155021121,-0.0823551554302618,-0.0437884263880034,0.0360953699796018,0.0617215986181138,-0.0046927555594483,-0.0874346539596767,,,,,,,,,,,,,,,,,,,,,,,,stop,895,2,191.3740919786584,-0.0758684692319602,0.0043332067668935,0.0829037808028586,-1.0,0.0571147251389143,1.0927303745827357,1.2808961339064089,31,3,-0.0945462668847496,-0.0453648021560912,True,-0.0444741044116893,0.0,-0.0772028251734474,0.0,,,0.6666666666666666
G2026-37,Falling Wedge,bullish,1,0.648614374887736,5,48,817,818,2026-04-08,2026,0,205.04595571373457,197.3275810667028,269.00650924656543,177.48928095224193,1.4373894453932683,0.039114525224037,True,0.0325119158262643,-0.0046820741277,0.0297625010768016,-0.0325050003380502,0.1152230296849192,0.0071331537048517,-0.0052696693635249,-0.071236778397154,-0.0444877418219276,0.04291197764691,0.0589035205385914,0.0060009332958321,0.0695565737696508,-0.1302007884686443,0.112622636441414,0.0039657546270797,0.08225581514182,-0.0132363310357546,0.0231032246984952,0.0210985547706643,0.006679426831434,0.0014532761349639,0.0183252123793456,0.0590517610063234,-0.0283615425805989,0.0525648956864741,-0.0021644962970399,-0.1336957501583778,-0.0529987254089492,0.0334086365260581,0.0910244117724377,-0.0190635722307026,0.0477194950116894,0.1907420818610938,-0.0577285063105729,0.1985651447139091,-0.1201398033429006,0.0448704380841831,0.1133981760278914,0.159297326353085,-0.0042444031417185,-0.1497878748745522,-0.1070215223300671,0.1716129996193205,-0.0054639002426116,0.0365070084403909,0.3451791700685294,0.2290397883350616,0.0399385617344612,0.2845530203395507,0.2157181444180298,0.1691090979355625,-0.1607003453497976,0.4235349431352264,0.1988982609346596,0.2312758142264157,0.2259279593300809,0.0802772135213125,0.2351742397226044,0.1691090979355625,0.3008740728252828,0.0335240977613959,0.6294933839255095,0.0642433090245153,0.0761307106189834,0.1279409592701355,0.2223595612567082,-0.075475764308463,0.1705838531556425,target,870,53,269.00650924656543,0.3119327728761762,0.3383661454949009,0.0589403560717428,2.3210548473797914,2.517742444786049,0.4385682142508152,2.3210548473797914,37,3,0.1456389926675734,0.0614590954385831,False,0.0325743585957658,0.6666666666666666,0.0577488168092291,1.0,0.3424435450760157,1.0,0.0
G2026-37,Falling Wedge,bullish,1,0.7796849522740587,3,35,927,928,2026-09-15,2026,2,228.22437671281517,220.66161827395308,299.3772032745603,216.91445046093543,1.407761945307146,0.0342731033064065,False,,,,,,,,,,,,,,,,,,,,,,,,,,,,,,,,,,,,,,,,,,,,,,,,,,,,,,,,,,,,,,,,,,,,,,time,928,1,222.5463235306802,-0.0248792581402462,0.0066317990668917,0.0288611860014966,-0.5020415744259372,0.1338238795566372,0.5823933807958709,6.291183954441748,37,3,0.1555161879742741,-0.0098518214385122,False,,,,,,,0.0
G2026-39,Falling Wedge,bullish,1,0.7384932190111189,8,89,818,819,2026-04-09,2026,3,180.53731948436385,170.98636335846498,224.49502050727347,162.4183689055616,0.5635120922612776,0.0558579990725676,True,0.0357145964984957,0.005860776148564,-0.0253684317582859,-0.0122625419428791,-0.0206136387051426,0.0289351777600388,0.0814304807666304,0.0576995826142723,0.0467192815085673,-0.0470564285455283,-0.028370340974257,-0.0365186169832753,0.0139919655414924,-0.004673659156141,0.0267567881149302,-0.063849396950359,-0.0042457340988498,-0.0034504289141485,-0.0474599860473567,0.0146253640261748,-0.0251180816956019,0.0071195984086869,0.0378000488500473,0.0160095190158577,-0.0577590890893586,-0.0064141034662229,0.0018343077578637,0.0007459001397502,0.0939778436252056,-0.1195311444129607,-0.0332083531951045,0.035279515970936,-0.1040887469027707,0.0282793095308142,-0.0549196374297026,-0.0852303696856973,0.0180851744161314,0.062277478248554,0.0265222808551832,0.1038915661892927,0.0317868538407755,0.0918098243570904,-0.1055130304899014,0.1656046917631415,-0.1192566396227727,0.0144128829413774,-0.069946859347108,-0.1702173839716064,-0.1550822033996641,-0.0703038221676169,0.0134944212424443,0.1922113105187521,0.0271538781412277,-0.0808022851182008,0.0875912751865768,0.0735569059199647,-0.0114428488023964,0.0241332444443957,0.0355611513973967,0.1684285709701922,-0.052761845070047,0.1922113105187521,0.1132863658131599,0.0723929596443784,0.1760313229073458,-0.0585108295287037,0.1750208474853176,0.0314450150595344,-0.1176275966052485,stop,868,50,162.4183689055616,-0.1003612473617759,0.0597868723564202,0.1094525548484027,-1.0,0.5957167126560737,1.0905858359238505,2.4260621955852564,39,5,-0.0191537674221412,0.0212131518708618,False,0.0356688591154535,0.8,0.0145869943910831,0.6,-0.0787089443568677,0.0,0.4
G2026-10,Falling Wedge,bullish,1,0.6148677460022989,8,87,864,865,2026-06-15,2026,2,147.04302326943227,147.32548599792028,201.32682011794577,141.1664517069612,1.0593881909534764,-0.0019172699589261,True,-0.0408167751632037,-0.015530026873747,0.014382229959774,-0.0283136872895459,-0.0062917508993357,0.0103790195414064,-0.0619232320592382,0.0065237852813038,-0.0063904178389146,0.0702305273380534,0.0216919829463955,-0.0256791259433257,0.0293730988912077,-0.0559935616953923,-0.0216326955519217,-0.0373408214677631,0.017319403873105,0.0074521637371403,0.0167680162122976,0.0053940212399259,0.0082036918538597,0.0460518134857645,-0.0413269982439435,-0.024125294875962,-0.0270469803147543,-0.0392236836499904,0.0928881023179986,-0.0807755301904312,-0.0226516860246528,0.0603574866432092,-0.0635143249470733,-0.0062211263323773,0.0352610503256833,-0.0421628727528384,0.0905578115701764,0.0174859823422774,-0.0307907489232537,0.0550359212316935,0.0555953722293869,0.0066584869416428,0.0261445830202153,0.0232468463131967,0.034429117117303,-0.0137644125020881,0.0045355218355764,-0.0342798897042447,-0.0096414008783415,-0.016575808840863,0.1073325354089995,-0.0643938618179038,-0.1181104103452477,0.0847035935440341,0.157604576331219,0.0464927923213869,0.1423436585524391,0.0925925433486731,0.1158562799413189,-0.0202331879487516,0.0559853026800254,-0.0834487409905285,0.0771909080017991,0.0823487483167069,0.1499196854970539,-0.0670674070421473,0.0716949223611496,0.0505363893020043,0.0455397064763589,-0.0198118951435115,-0.0549952078180954,stop,867,3,141.1664517069612,-0.0399649805329642,0.0206010659594614,0.0439011434713496,-1.0,0.5154779430574,1.098490300405344,9.237324224073165,10,7,-0.0348094504822067,-0.0748577015168343,False,-0.0408613850716993,0.1428571428571428,-0.0241196663625191,0.2857142857142857,-0.0106189056804588,0.4285714285714285,0.1428571428571428
G2026-49,Falling Wedge,bullish,1,0.7460090149052595,8,92,819,820,2026-04-10,2026,2,122.56985559707924,123.56980492201347,144.42025251260725,113.0895013035218,1.149510324795308,-0.0080921817879807,True,0.0574532813104211,0.009136828273347,0.0187761395614984,0.0176017210378627,-0.0302711893196856,0.0733723443655636,-0.0084119494542693,-0.0350226479037466,-0.0013276270646094,-0.02568612663276,0.0023012899117185,0.0153796314475462,0.0499764859111275,-0.0230230580643562,-0.0057254331208251,-0.0183878345530834,-0.0188653794640549,-0.0365659004678936,0.0059622620083037,-0.0149975966448279,-0.034072388444684,-0.0355781997092891,0.0626815541404443,0.0126621715475325,-0.0762205210584134,0.0382292712749996,0.0082727025529423,0.0153262413725501,0.006213778312893,-0.095629945693349,-0.0048070331824381,-0.0821488545691432,-0.1563426118600243,-0.0227448575113958,-0.0718633731415451,-0.0817817024424426,0.0426069048525634,0.0291890269312173,0.2334959491017063,0.2263326351621533,0.0686344382569286,0.0392538195037113,0.1491843842886282,0.0373750209214576,-0.0407990572003569,-0.0042376652990202,0.0165543187346719,-0.0866481231980831,-0.042595912006879,0.2349470766740504,0.0289975030531617,-0.0198441493596391,-0.1117347291389688,-0.0791433923812579,-0.1023801918612697,-0.197909453070094,0.086262018703241,0.2540006142697206,0.1051330827500467,-0.1956327011837345,0.0926061892875165,-0.0235348386847574,0.0030072227172621,-0.0753280624707362,0.0778810782821202,-0.1325651201559541,-0.0202229385413409,-0.0440214253666741,0.0246582251588812,time,879,60,124.59891605389598,0.0165543187346719,0.1394199801845375,0.0736515030979717,0.2140279143571295,1.80253673116198,0.9522275032865642,2.304808052413922,49,3,0.014241266926801,-0.0215968704743446,False,0.057168375255686,1.0,0.0109803336199101,0.3333333333333333,0.0245430816240019,0.3333333333333333,0.3333333333333333
